日期,股票代码,开盘,收盘,最高,最低,成交量,成交额,振幅,涨跌幅,涨跌额,换手率
2007-06-13,002137,30.5,32.15,33.0,29.5,204144,628206891.1,33.98,212.14,21.85,76.4
2007-06-14,002137,33.8,35.37,35.37,33.01,84425,289368813.4,7.34,10.02,3.22,31.6
2007-06-15,002137,35.48,38.91,38.91,35.37,66772,248820941.0,10.01,10.01,3.54,24.99
2007-06-18,002137,40.5,39.31,41.8,39.1,67529,271626139.3,6.94,1.03,0.4,25.27
2007-06-19,002137,39.99,41.97,43.24,39.88,61172,257577866.7,8.55,6.77,2.66,22.89
2007-06-20,002137,40.8,39.5,41.3,38.5,41568,166097181.9,6.67,-5.89,-2.47,15.56
2007-06-21,002137,39.71,41.0,42.3,39.71,28692,117444167.0,6.56,3.8,1.5,10.74
2007-06-22,002137,41.88,41.09,41.9,38.7,27430,110355103.4,7.8,0.22,0.09,10.27
2007-06-25,002137,40.8,39.9,40.98,38.99,17268,69070874.3,4.84,-2.9,-1.19,6.46
2007-06-26,002137,39.01,43.89,43.89,39.0,45767,194000897.2,12.26,10.0,3.99,17.13
2007-06-27,002137,45.45,45.2,48.28,45.0,45700,214356855.7,7.47,2.98,1.31,17.1
2007-06-28,002137,44.02,47.0,49.1,43.29,40769,187751812.4,12.85,3.98,1.8,15.26
2007-06-29,002137,45.53,47.19,49.5,45.06,29822,142923415.4,9.45,0.4,0.19,11.16
2007-07-02,002137,46.61,46.0,47.46,43.69,24704,112218020.7,7.99,-2.52,-1.19,9.25
2007-07-03,002137,45.9,44.7,46.4,43.61,19121,85129188.3,6.07,-2.83,-1.3,7.16
2007-07-04,002137,44.0,44.9,47.29,44.0,15559,71371254.9,7.36,0.45,0.2,5.82
2007-07-05,002137,44.0,40.41,44.99,40.41,13401,57221575.2,10.2,-10.0,-4.49,5.02
2007-07-06,002137,37.0,40.54,40.7,36.72,33149,127803595.5,9.85,0.32,0.13,12.41
2007-07-09,002137,39.38,42.01,43.5,38.97,21427,87776125.0,11.17,3.63,1.47,8.02
2007-07-10,002137,41.7,40.09,42.0,39.98,14338,58464358.1,4.81,-4.57,-1.92,5.37
2007-07-11,002137,39.9,40.8,41.0,38.51,15200,60363618.2,6.21,1.77,0.71,5.69
2007-07-12,002137,39.61,39.88,40.7,39.6,6226,24919540.1,2.7,-2.25,-0.92,2.33
2007-07-16,002137,40.68,41.4,43.2,40.2,15802,66100292.5,7.52,3.81,1.52,5.91
2007-07-17,002137,41.0,41.43,42.55,39.75,10286,42772264.0,6.76,0.07,0.03,3.85
2007-07-18,002137,41.02,42.12,42.4,40.58,10716,44699152.2,4.39,1.67,0.69,4.01
2007-07-19,002137,42.12,43.61,43.98,41.5,13815,59841327.7,5.89,3.54,1.49,5.17
2007-07-20,002137,43.68,44.45,45.7,43.25,13071,58030311.8,5.62,1.93,0.84,4.89
2007-07-23,002137,44.0,45.6,46.19,44.0,13393,60698748.3,4.93,2.59,1.15,5.01
2007-07-24,002137,46.87,46.1,46.87,45.01,12658,57949393.0,4.08,1.1,0.5,4.74
2007-07-25,002137,46.3,50.71,50.71,45.3,24558,120280802.8,11.74,10.0,4.61,9.19
2007-07-26,002137,50.2,50.58,52.5,49.5,16408,83397989.6,5.92,-0.26,-0.13,6.14
2007-07-27,002137,49.81,49.34,51.5,48.88,15906,79249752.2,5.18,-2.45,-1.24,5.95
2007-07-30,002137,49.18,49.44,50.66,47.01,12833,63070373.5,7.4,0.2,0.1,4.8
2007-07-31,002137,48.88,48.39,49.2,47.0,17355,83033846.1,4.45,-2.12,-1.05,6.5
2007-08-01,002137,48.0,46.01,49.5,45.99,16600,79050820.1,7.25,-4.92,-2.38,6.21
2007-08-02,002137,45.85,49.99,50.61,45.85,32051,157778549.5,10.35,8.65,3.98,12.0
2007-08-03,002137,50.49,49.83,51.25,48.81,15687,78275745.0,4.88,-0.32,-0.16,5.87
2007-08-06,002137,49.0,48.54,50.33,47.88,13887,67566589.0,4.92,-2.59,-1.29,5.2
2007-08-07,002137,48.3,48.0,49.41,47.0,12864,61602246.8,4.96,-1.11,-0.54,4.81
2007-08-08,002137,47.1,46.5,47.9,45.01,11692,54521863.9,6.02,-3.13,-1.5,4.38
2007-08-09,002137,46.0,46.6,47.2,45.5,10666,49233409.7,3.66,0.22,0.1,3.99
2007-08-10,002137,46.48,43.69,46.49,41.94,25126,108520589.1,9.76,-6.24,-2.91,9.4
2007-08-13,002137,42.01,41.72,43.01,41.01,10535,44045668.5,4.58,-4.51,-1.97,3.94
2007-08-14,002137,42.0,42.88,43.69,42.0,8755,37623960.7,4.05,2.78,1.16,3.28
2007-08-15,002137,43.1,42.0,43.7,41.65,9612,40798787.6,4.78,-2.05,-0.88,3.6
2007-08-16,002137,41.9,43.55,45.32,41.9,16496,72209012.6,8.14,3.69,1.55,6.17
2007-08-17,002137,42.5,42.6,43.8,42.5,7612,32672579.8,2.99,-2.18,-0.95,2.85
2007-08-20,002137,43.89,43.55,44.0,42.67,9724,42186155.3,3.12,2.23,0.95,3.64
2007-08-22,002137,43.55,42.84,44.96,42.61,11717,50862207.3,5.4,-1.63,-0.71,4.39
2007-08-23,002137,42.93,43.21,43.8,42.0,12496,53236576.7,4.2,0.86,0.37,4.68
2007-08-24,002137,43.7,42.58,43.8,42.55,8393,35865626.6,2.89,-1.46,-0.63,3.14
2007-08-27,002137,42.45,40.74,42.45,40.5,15090,61898993.6,4.58,-4.32,-1.84,5.65
2007-08-28,002137,39.45,40.91,41.47,39.45,9553,38829042.2,4.96,0.42,0.17,3.58
2007-08-29,002137,41.4,39.71,41.4,39.67,7822,31493920.8,4.23,-2.93,-1.2,2.93
2007-08-30,002137,39.85,41.16,41.88,38.89,8196,33157326.9,7.53,3.65,1.45,3.07
2007-08-31,002137,41.11,40.9,41.38,40.5,5541,22608959.0,2.14,-0.63,-0.26,2.07
2007-09-03,002137,41.34,41.79,42.7,40.96,10251,42959907.8,4.25,2.18,0.89,3.84
2007-09-04,002137,41.65,40.73,41.66,40.11,7154,29069336.1,3.71,-2.54,-1.06,2.68
2007-09-05,002137,40.0,40.15,41.0,39.8,7480,30085249.7,2.95,-1.42,-0.58,2.8
2007-09-06,002137,40.24,40.6,41.84,40.2,7595,30985842.3,4.08,1.12,0.45,2.84
2007-09-07,002137,40.6,41.0,41.68,40.36,9986,40988069.4,3.25,0.99,0.4,3.74
2007-09-10,002137,40.8,42.3,42.5,40.8,13381,55658645.4,4.15,3.17,1.3,5.01
2007-09-11,002137,42.0,39.48,43.38,39.02,12300,51656201.2,10.31,-6.67,-2.82,4.6
2007-09-12,002137,39.29,38.18,40.5,36.9,11640,44656848.9,9.12,-3.29,-1.3,4.36
2007-09-13,002137,37.79,36.91,37.79,36.0,31398,114498279.6,4.69,-3.33,-1.27,9.4
2007-09-14,002137,36.99,37.7,37.9,36.03,20118,74608329.8,5.07,2.14,0.79,6.02
2007-09-17,002137,37.45,36.7,37.45,36.41,17688,65043973.4,2.76,-2.65,-1.0,5.3
2007-09-18,002137,36.72,35.3,37.0,35.01,19565,69377583.9,5.42,-3.81,-1.4,5.86
2007-09-19,002137,35.47,35.3,36.25,34.5,13313,47083388.7,4.96,0.0,0.0,3.99
2007-09-20,002137,35.35,36.07,36.5,35.3,10570,37945844.0,3.4,2.18,0.77,3.16
2007-09-21,002137,36.5,34.5,36.87,34.06,11922,41965453.6,7.79,-4.35,-1.57,3.57
2007-09-24,002137,34.03,32.9,34.5,32.51,14070,46475198.8,5.77,-4.64,-1.6,4.21
2007-09-25,002137,32.7,33.29,33.53,32.23,7819,25739099.7,3.95,1.19,0.39,2.34
2007-09-26,002137,33.3,31.93,33.45,31.9,8387,27234024.8,4.66,-4.09,-1.36,2.51
2007-09-27,002137,31.6,34.1,34.88,31.58,13922,46443398.1,10.34,6.8,2.17,4.17
2007-09-28,002137,33.8,33.89,34.4,33.46,11016,37535284.9,2.76,-0.62,-0.21,3.3
2007-10-08,002137,34.29,33.05,34.47,33.0,8958,29831391.2,4.34,-2.48,-0.84,2.68
2007-10-09,002137,33.29,34.15,34.99,32.0,11477,38252061.7,9.05,3.33,1.1,3.44
2007-10-10,002137,34.15,33.48,34.2,33.08,8160,27587645.2,3.28,-1.96,-0.67,2.44
2007-10-11,002137,33.44,36.83,36.83,33.17,30601,110593810.1,10.93,10.01,3.35,9.16
2007-10-12,002137,37.0,35.49,37.34,33.5,23002,82230158.5,10.43,-3.64,-1.34,6.89
2007-10-15,002137,34.9,37.16,38.31,34.15,19251,70226316.0,11.72,4.71,1.67,5.76
2007-10-16,002137,36.0,36.11,37.17,35.67,8175,29552868.6,4.04,-2.83,-1.05,2.45
2007-10-17,002137,36.0,34.66,36.0,34.66,9451,33176298.2,3.71,-4.02,-1.45,2.83
2007-10-18,002137,34.6,33.0,34.6,32.76,9892,32908155.7,5.31,-4.79,-1.66,2.96
2007-10-19,002137,32.85,32.9,33.67,32.5,4721,15592708.4,3.55,-0.3,-0.1,1.41
2007-10-22,002137,32.81,32.62,33.97,32.2,3958,13097160.8,5.38,-0.85,-0.28,1.19
2007-10-23,002137,32.75,32.39,33.36,31.3,6041,19403013.6,6.32,-0.71,-0.23,1.81
2007-10-24,002137,33.0,31.31,33.1,31.31,6339,20249572.8,5.53,-3.33,-1.08,1.9
2007-10-25,002137,31.34,28.18,31.35,28.18,12906,37220282.9,10.12,-10.0,-3.13,3.86
2007-10-26,002137,27.9,27.38,28.0,26.6,7782,21231479.6,4.97,-2.84,-0.8,2.33
2007-10-29,002137,27.5,27.05,28.17,26.19,5936,15825556.6,7.23,-1.21,-0.33,1.78
2007-10-30,002137,27.1,27.58,27.79,26.8,5302,14531205.3,3.66,1.96,0.53,1.59
2007-10-31,002137,27.99,29.4,29.5,27.66,8990,25952494.1,6.67,6.6,1.82,2.69
2007-11-01,002137,29.43,27.8,29.58,27.7,5495,15560702.7,6.39,-5.44,-1.6,1.65
2007-11-02,002137,27.5,26.8,27.69,26.75,5006,13503149.7,3.38,-3.6,-1.0,1.5
2007-11-05,002137,26.8,27.76,28.0,26.25,5472,14834066.4,6.53,3.58,0.96,1.64
2007-11-06,002137,27.7,27.7,28.37,26.8,4153,11520377.6,5.66,-0.22,-0.06,1.24
2007-11-07,002137,27.72,27.28,28.2,26.5,4415,11949935.5,6.14,-1.52,-0.42,1.32
2007-11-08,002137,27.2,26.73,27.2,26.26,4218,11265215.9,3.45,-2.02,-0.55,1.26
2007-11-09,002137,26.3,26.86,27.4,26.0,4187,11174696.6,5.24,0.49,0.13,1.25
2007-11-12,002137,26.63,27.09,27.4,26.1,6236,16842114.2,4.84,0.86,0.23,1.87
2007-11-13,002137,27.05,27.45,28.2,27.05,7624,21103989.5,4.25,1.33,0.36,2.28
2007-11-14,002137,27.75,28.05,28.28,27.15,6534,18216105.6,4.12,2.19,0.6,1.96
2007-11-15,002137,27.88,27.2,27.89,27.2,5139,14101796.5,2.46,-3.03,-0.85,1.54
2007-11-16,002137,26.99,27.68,27.99,26.38,5553,14943102.1,5.92,1.76,0.48,1.66
2007-11-19,002137,27.65,29.67,30.05,27.51,16341,47764935.2,9.18,7.19,1.99,4.89
2007-11-20,002137,29.74,29.03,29.8,28.78,8929,26015393.8,3.44,-2.16,-0.64,2.67
2007-11-21,002137,29.03,29.68,30.29,29.0,7446,22109969.8,4.44,2.24,0.65,2.23
2007-11-22,002137,29.2,29.08,30.68,28.6,10834,32191841.5,7.01,-2.02,-0.6,3.24
2007-11-23,002137,29.0,28.3,29.49,27.78,6150,17453124.8,5.88,-2.68,-0.78,1.84
2007-11-26,002137,28.5,27.41,29.49,27.41,4866,13844571.9,7.35,-3.14,-0.89,1.46
2007-11-27,002137,26.88,26.6,27.7,26.5,6395,17271089.1,4.38,-2.96,-0.81,1.91
2007-11-28,002137,26.6,26.78,27.28,26.51,3345,8984521.8,2.89,0.68,0.18,1.0
2007-11-29,002137,27.2,27.57,27.84,26.8,4320,11805984.1,3.88,2.95,0.79,1.29
2007-11-30,002137,27.35,26.98,27.78,26.9,2509,6830310.2,3.19,-2.14,-0.59,0.75
2007-12-03,002137,26.9,27.4,27.7,26.5,2554,6955866.4,4.45,1.56,0.42,0.76
2007-12-04,002137,27.61,28.28,28.61,27.48,4275,11988122.6,4.12,3.21,0.88,1.28
2007-12-05,002137,28.41,28.7,29.0,28.16,5349,15312850.2,2.97,1.49,0.42,1.6
2007-12-06,002137,28.83,28.3,29.13,27.9,3803,10864509.2,4.29,-1.39,-0.4,1.14
2007-12-07,002137,28.28,28.6,28.97,28.12,3784,10778597.6,3.0,1.06,0.3,1.13
2007-12-10,002137,28.41,29.3,29.6,28.13,9010,26241192.6,5.14,2.45,0.7,2.7
2007-12-11,002137,29.6,29.8,30.1,29.19,7385,21876159.2,3.11,1.71,0.5,2.21
2007-12-12,002137,29.78,29.45,29.78,29.02,5080,14945692.4,2.55,-1.17,-0.35,1.52
2007-12-13,002137,29.39,29.15,30.5,29.0,10409,31185028.2,5.09,-1.02,-0.3,3.12
2007-12-14,002137,29.06,29.58,29.6,28.51,6844,19861649.4,3.74,1.48,0.43,2.05
2007-12-17,002137,29.8,31.01,31.1,29.5,11452,35036906.5,5.41,4.83,1.43,3.43
2007-12-18,002137,30.9,30.95,31.49,30.29,8952,27705696.4,3.87,-0.19,-0.06,2.68
2007-12-19,002137,30.8,31.27,31.4,30.7,6796,21089540.1,2.26,1.03,0.32,2.03
2007-12-20,002137,31.1,31.53,31.55,30.88,6287,19610922.8,2.14,0.83,0.26,1.88
2007-12-21,002137,31.23,31.4,31.7,31.06,6127,19181377.2,2.03,-0.41,-0.13,1.83
2007-12-24,002137,31.62,31.3,32.5,31.07,8129,25704524.1,4.55,-0.32,-0.1,2.43
2007-12-25,002137,31.7,31.3,31.74,30.84,7025,21897707.6,2.88,0.0,0.0,2.1
2007-12-26,002137,31.67,33.08,33.37,31.6,12569,40922926.6,5.65,5.69,1.78,3.76
2007-12-27,002137,33.18,33.24,34.19,32.61,13041,43796925.8,4.78,0.48,0.16,3.9
2007-12-28,002137,33.31,32.8,33.7,32.55,7049,23180820.8,3.46,-1.32,-0.44,2.11
2008-01-02,002137,32.61,33.72,33.99,32.6,9477,31444855.2,4.24,2.8,0.92,2.84
2008-01-03,002137,33.5,33.91,34.45,33.21,8962,30377551.5,3.68,0.56,0.19,2.68
2008-01-04,002137,33.91,33.2,34.28,33.01,7709,25587274.7,3.75,-2.09,-0.71,2.31
2008-01-07,002137,32.75,32.68,32.99,31.99,14263,46177448.0,3.01,-1.57,-0.52,4.27
2008-01-08,002137,32.68,31.9,32.9,31.71,10184,32808372.7,3.64,-2.39,-0.78,3.05
2008-01-09,002137,31.81,32.53,32.53,31.7,8106,26042618.0,2.6,1.97,0.63,2.43
2008-01-10,002137,32.59,32.3,32.88,32.18,8464,27444643.8,2.15,-0.71,-0.23,2.53
2008-01-11,002137,32.07,32.61,32.61,32.0,8686,27977180.2,1.89,0.96,0.31,2.6
2008-01-14,002137,32.71,34.0,34.21,32.71,13668,46266910.5,4.6,4.26,1.39,4.09
2008-01-15,002137,34.0,33.98,34.3,33.08,9070,30756940.7,3.59,-0.06,-0.02,2.72
2008-01-16,002137,33.97,34.0,34.99,33.68,10743,36959780.8,3.86,0.06,0.02,3.22
2008-01-17,002137,34.0,32.76,34.7,32.02,11031,37014963.5,7.88,-3.65,-1.24,3.3
2008-01-18,002137,32.59,32.67,33.39,31.86,8511,27516910.4,4.67,-0.27,-0.09,2.55
2008-01-21,002137,32.68,30.86,33.4,30.51,7430,24141701.6,8.85,-5.54,-1.81,2.22
2008-01-22,002137,30.7,27.77,30.7,27.77,8495,24212150.0,9.49,-10.01,-3.09,2.54
2008-01-23,002137,27.29,28.37,28.96,26.7,9452,26228750.0,8.14,2.16,0.6,2.83
2008-01-24,002137,28.4,28.48,28.85,27.79,8132,22982383.2,3.74,0.39,0.11,2.43
2008-01-25,002137,28.54,28.0,28.79,27.92,8553,24051183.8,3.05,-1.69,-0.48,2.56
2008-01-28,002137,28.2,25.2,28.35,25.2,9524,24528247.3,11.25,-10.0,-2.8,2.85
2008-01-29,002137,25.1,25.21,25.7,24.54,4813,12170772.0,4.6,0.04,0.01,1.44
2008-01-30,002137,25.3,25.65,26.2,25.03,3968,10208482.2,4.64,1.75,0.44,1.19
2008-01-31,002137,25.81,25.29,25.81,25.15,3417,8716435.8,2.57,-1.4,-0.36,1.02
2008-02-01,002137,25.3,23.84,25.45,23.01,5401,13011956.6,9.65,-5.73,-1.45,1.62
2008-02-04,002137,24.5,25.95,26.03,24.5,5632,14226089.5,6.42,8.85,2.11,1.69
2008-02-05,002137,25.77,25.64,26.03,25.14,3928,10114063.4,3.43,-1.19,-0.31,1.18
2008-02-13,002137,25.3,25.64,25.84,24.94,2122,5419569.1,3.51,0.0,0.0,0.64
2008-02-14,002137,26.0,26.0,26.3,25.7,3520,9153995.6,2.34,1.4,0.36,1.05
2008-02-15,002137,25.81,25.6,26.0,25.06,3163,8055123.2,3.62,-1.54,-0.4,0.95
2008-02-18,002137,26.05,26.75,27.1,25.77,5492,14555866.6,5.2,4.49,1.15,1.64
2008-02-19,002137,26.78,27.29,27.4,26.49,5163,13997131.5,3.4,2.02,0.54,1.55
2008-02-20,002137,27.4,26.51,27.5,26.45,5048,13602470.2,3.85,-2.86,-0.78,1.51
2008-02-21,002137,26.5,26.3,26.52,25.7,7726,20186323.1,3.09,-0.79,-0.21,2.31
2008-02-22,002137,26.04,25.0,26.3,24.5,6280,15939524.9,6.84,-4.94,-1.3,1.88
2008-02-25,002137,25.1,23.91,25.2,23.8,4759,11563091.8,5.6,-4.36,-1.09,1.42
2008-02-26,002137,24.6,23.73,25.08,23.62,6374,15347323.0,6.11,-0.75,-0.18,1.91
2008-02-27,002137,24.2,26.1,26.1,24.0,7039,17820594.0,8.85,9.99,2.37,2.11
2008-02-28,002137,26.9,26.72,27.35,26.5,21121,57099961.1,3.26,2.38,0.62,6.32
2008-02-29,002137,26.25,26.69,27.15,26.25,6463,17305988.0,3.37,-0.11,-0.03,1.94
2008-03-03,002137,26.4,27.15,27.39,26.32,6937,18798586.6,4.01,1.72,0.46,2.08
2008-03-04,002137,27.3,26.29,27.5,26.0,7794,20846766.0,5.52,-3.17,-0.86,2.33
2008-03-05,002137,26.3,26.0,26.6,25.17,5948,15298964.5,5.44,-1.1,-0.29,1.78
2008-03-06,002137,26.0,26.01,26.3,25.61,5029,13087856.4,2.65,0.04,0.01,1.51
2008-03-07,002137,25.68,26.43,26.7,25.68,5181,13655599.5,3.92,1.61,0.42,1.55
2008-03-10,002137,26.49,27.0,27.7,26.48,13124,35673601.3,4.62,2.16,0.57,3.93
2008-03-11,002137,26.85,28.0,28.0,26.41,10424,28515044.3,5.89,3.7,1.0,3.12
2008-03-12,002137,28.5,27.28,28.57,27.0,9200,25565178.9,5.61,-2.57,-0.72,2.75
2008-03-13,002137,27.0,25.31,27.0,24.85,7736,20016118.2,7.88,-7.22,-1.97,2.32
2008-03-14,002137,25.05,25.61,25.98,24.85,3036,7700928.6,4.46,1.19,0.3,0.91
2008-03-17,002137,25.31,23.2,25.4,23.15,4802,11657507.9,8.79,-9.41,-2.41,1.44
2008-03-18,002137,23.0,20.98,23.7,20.88,6687,14717555.3,12.16,-9.57,-2.22,2.0
2008-03-19,002137,21.6,21.67,22.5,21.08,4890,10621556.7,6.77,3.29,0.69,1.46
2008-03-20,002137,21.46,22.37,22.68,19.8,5866,12451000.2,13.29,3.23,0.7,1.76
2008-03-21,002137,22.37,22.33,22.68,21.73,5640,12577453.0,4.25,-0.18,-0.04,1.69
2008-03-24,002137,22.69,21.5,23.19,21.5,5010,11294355.4,7.57,-3.72,-0.83,1.5
2008-03-25,002137,21.4,21.8,21.99,21.0,3260,7047766.4,4.6,1.4,0.3,0.98
2008-03-26,002137,22.0,22.35,22.6,21.81,2960,6557697.8,3.62,2.52,0.55,0.89
2008-03-27,002137,22.12,20.95,22.12,20.8,3696,7893043.0,5.91,-6.26,-1.4,1.11
2008-03-28,002137,20.95,23.05,23.05,20.55,9720,21956065.4,11.93,10.02,2.1,2.91
2008-03-31,002137,22.7,22.61,23.61,22.0,7744,17877329.1,6.98,-1.91,-0.44,2.32
2008-04-01,002137,22.38,20.36,22.88,20.35,6221,13228706.8,11.19,-9.95,-2.25,1.86
2008-04-02,002137,20.5,18.9,21.0,18.5,4974,9809031.4,12.28,-7.17,-1.46,1.49
2008-04-03,002137,18.9,19.31,19.63,17.92,3799,7168211.5,9.05,2.17,0.41,1.14
2008-04-07,002137,18.6,20.52,20.75,18.6,5213,10435394.4,11.13,6.27,1.21,1.56
2008-04-08,002137,20.28,20.8,20.95,20.05,4302,8894473.2,4.39,1.36,0.28,1.29
2008-04-09,002137,20.7,19.51,20.75,19.51,4202,8502185.4,5.96,-6.2,-1.29,1.26
2008-04-10,002137,19.3,20.2,20.28,19.01,2904,5721386.7,6.51,3.54,0.69,0.87
2008-04-11,002137,20.1,20.6,21.06,20.1,3454,7120770.1,4.75,1.98,0.4,1.03
2008-04-14,002137,20.18,19.25,20.39,19.08,3306,6517867.4,6.36,-6.55,-1.35,0.99
2008-04-15,002137,19.49,19.88,20.0,18.5,3754,7203216.4,7.79,3.27,0.63,1.12
2008-04-16,002137,19.7,19.56,20.13,19.2,2309,4531833.0,4.68,-1.61,-0.32,0.69
2008-04-17,002137,19.8,19.55,20.4,19.25,4790,9498468.0,5.88,-0.05,-0.01,1.43
2008-04-21,002137,20.55,18.29,21.0,18.01,5414,10635480.1,15.29,-6.45,-1.26,1.62
2008-04-22,002137,18.19,17.17,18.19,16.46,5076,8608856.3,9.46,-6.12,-1.12,1.52
2008-04-23,002137,17.17,17.95,18.06,17.0,4072,7128231.0,6.17,4.54,0.78,1.22
2008-04-24,002137,19.58,19.75,19.75,18.71,9663,18826582.4,5.79,10.03,1.8,2.89
2008-04-25,002137,19.69,19.8,20.59,19.22,7965,15936236.8,6.94,0.25,0.05,2.38
2008-04-28,002137,19.5,19.91,20.3,19.21,4810,9470505.0,5.51,0.56,0.11,1.44
2008-04-29,002137,19.58,20.1,20.3,19.58,3063,6160985.6,3.62,0.95,0.19,0.92
2008-04-30,002137,20.49,20.89,20.97,20.26,6331,13124734.6,3.53,3.93,0.79,1.9
2008-05-05,002137,21.21,21.78,21.78,20.75,7398,15676118.1,4.93,4.26,0.89,2.21
2008-05-06,002137,22.0,23.03,23.9,21.82,17414,40162755.9,9.55,5.74,1.25,5.21
2008-05-07,002137,22.9,21.8,23.08,21.78,7395,16637951.1,5.64,-5.34,-1.23,2.21
2008-05-08,002137,21.6,22.74,22.74,21.43,5027,11092262.0,6.01,4.31,0.94,1.51
2008-05-09,002137,22.85,22.92,23.29,22.0,7903,18093236.2,5.67,0.79,0.18,2.37
2008-05-12,002137,22.89,23.83,24.05,22.5,13244,31070845.4,6.76,3.97,0.91,3.97
2008-05-13,002137,14.9,14.42,15.3,14.12,14741,21564941.5,4.95,-39.49,-9.41,2.94
2008-05-14,002137,14.43,14.68,14.79,14.2,8098,11738043.0,4.09,1.8,0.26,1.62
2008-05-15,002137,14.78,14.25,14.85,14.24,7088,10295352.4,4.16,-2.93,-0.43,1.41
2008-05-16,002137,14.25,13.81,14.4,13.5,6686,9326276.7,6.32,-3.09,-0.44,1.33
2008-05-19,002137,13.82,13.86,14.12,13.71,3552,4930989.8,2.97,0.36,0.05,0.71
2008-05-20,002137,13.86,12.56,14.0,12.5,6948,9280579.5,10.82,-9.38,-1.3,1.39
2008-05-21,002137,12.4,12.68,12.86,11.81,8819,10771510.0,8.36,0.96,0.12,1.76
2008-05-22,002137,12.5,12.18,12.61,12.18,4625,5731276.2,3.39,-3.94,-0.5,0.92
2008-05-23,002137,12.18,12.3,12.58,11.82,3726,4545939.7,6.24,0.99,0.12,0.74
2008-05-26,002137,12.4,12.03,12.4,12.02,2621,3178953.2,3.09,-2.2,-0.27,0.52
2008-05-27,002137,11.91,12.42,12.44,11.9,3122,3808541.9,4.49,3.24,0.39,0.62
2008-05-28,002137,12.4,12.62,12.69,12.3,3309,4134024.1,3.14,1.61,0.2,0.66
2008-05-29,002137,12.62,12.03,12.67,12.0,3568,4406883.1,5.31,-4.68,-0.59,0.71
2008-05-30,002137,11.97,12.07,12.18,11.9,3833,4611047.8,2.33,0.33,0.04,0.77
2008-06-02,002137,12.0,12.19,12.25,11.98,2747,3324473.8,2.24,0.99,0.12,0.55
2008-06-03,002137,12.19,12.0,12.3,11.9,3456,4151523.9,3.28,-1.56,-0.19,0.69
2008-06-04,002137,11.85,11.68,12.0,11.51,2669,3125992.0,4.08,-2.67,-0.32,0.53
2008-06-05,002137,11.75,12.68,12.85,11.38,19266,24276036.6,12.59,8.56,1.0,3.85
2008-06-06,002137,12.58,12.7,13.16,12.4,21146,27093126.0,5.99,0.16,0.02,4.22
2008-06-10,002137,12.06,11.43,12.3,11.43,8587,9963499.5,6.85,-10.0,-1.27,1.71
2008-06-11,002137,10.9,10.6,11.2,10.49,6725,7221528.1,6.21,-7.26,-0.83,1.34
2008-06-12,002137,10.6,10.35,10.8,10.2,6101,6356145.8,5.66,-2.36,-0.25,1.22
2008-06-13,002137,10.5,10.0,10.56,9.98,4172,4243142.3,5.6,-3.38,-0.35,0.83
2008-06-16,002137,10.0,9.99,10.19,9.63,3310,3291508.5,5.6,-0.1,-0.01,0.66
2008-06-17,002137,10.0,10.42,10.82,9.93,12343,12930696.0,8.91,4.3,0.43,2.46
2008-06-18,002137,10.44,10.7,10.85,9.6,11998,12501991.5,12.0,2.69,0.28,2.39
2008-06-19,002137,10.71,9.63,10.71,9.63,7682,7823068.8,10.09,-10.0,-1.07,1.53
2008-06-23,002137,9.81,8.67,9.82,8.67,10472,9370061.7,11.94,-9.97,-0.96,2.09
2008-06-24,002137,8.6,8.74,8.8,8.3,7332,6303574.9,5.77,0.81,0.07,1.46
2008-06-25,002137,8.85,9.18,9.39,8.6,6949,6298715.4,9.04,5.03,0.44,1.39
2008-06-26,002137,9.26,9.33,9.49,9.11,6371,5939789.5,4.14,1.63,0.15,1.27
2008-06-27,002137,9.1,8.49,9.18,8.4,6487,5602406.4,8.36,-9.0,-0.84,1.29
2008-06-30,002137,8.49,8.39,8.6,8.1,4043,3352862.8,5.89,-1.18,-0.1,0.81
2008-07-01,002137,8.49,8.2,8.49,8.1,3443,2836764.0,4.65,-2.26,-0.19,0.69
2008-07-02,002137,8.28,8.34,8.51,8.19,3436,2876044.3,3.9,1.71,0.14,0.69
2008-07-03,002137,8.3,8.74,8.98,8.0,7894,6792657.0,11.75,4.8,0.4,1.58
2008-07-04,002137,8.78,8.67,8.85,8.5,5061,4395466.4,4.0,-0.8,-0.07,1.01
2008-07-07,002137,8.67,9.23,9.27,8.54,8233,7443749.0,8.42,6.46,0.56,1.64
2008-07-08,002137,9.29,9.42,9.49,9.16,7700,7144323.6,3.58,2.06,0.19,1.54
2008-07-09,002137,9.3,10.14,10.2,9.01,29610,28791394.2,12.63,7.64,0.72,5.91
2008-07-10,002137,9.9,9.71,10.29,9.7,20858,20718563.6,5.82,-4.24,-0.43,4.16
2008-07-11,002137,9.69,9.21,9.7,9.0,14098,13076712.3,7.21,-5.15,-0.5,2.81
2008-07-14,002137,9.13,9.39,9.39,9.06,9110,8433505.0,3.58,1.95,0.18,1.82
2008-07-15,002137,9.46,9.02,9.62,9.02,11304,10517829.9,6.39,-3.94,-0.37,2.26
2008-07-16,002137,8.88,8.4,9.0,8.12,7612,6517294.8,9.76,-6.87,-0.62,1.52
2008-07-17,002137,8.6,8.25,8.6,8.17,5318,4469831.7,5.12,-1.79,-0.15,1.06
2008-07-18,002137,8.31,8.56,8.64,8.09,6120,5111349.6,6.67,3.76,0.31,1.22
2008-07-21,002137,8.59,8.91,8.95,8.4,7119,6232005.9,6.43,4.09,0.35,1.42
2008-07-22,002137,8.91,9.01,9.13,8.9,5980,5400079.4,2.58,1.12,0.1,1.19
2008-07-23,002137,9.03,9.0,9.15,8.88,5696,5141507.6,3.0,-0.11,-0.01,1.14
2008-07-24,002137,9.01,9.39,9.43,9.01,9808,9060737.2,4.67,4.33,0.39,1.96
2008-07-25,002137,9.21,9.39,9.6,9.12,8227,7698028.0,5.11,0.0,0.0,1.64
2008-07-28,002137,9.4,9.42,9.58,9.33,7054,6661725.7,2.66,0.32,0.03,1.41
2008-07-29,002137,9.35,9.13,9.37,9.01,7323,6698169.2,3.82,-3.08,-0.29,1.46
2008-07-30,002137,9.38,9.22,9.38,9.02,4154,3814802.6,3.94,0.99,0.09,0.83
2008-07-31,002137,9.3,8.6,9.3,8.6,7860,6937555.4,7.59,-6.72,-0.62,1.57
2008-08-01,002137,8.6,8.76,8.9,8.41,5231,4522412.2,5.7,1.86,0.16,1.04
2008-08-04,002137,8.77,8.86,9.15,8.6,6433,5732009.7,6.28,1.14,0.1,1.28
2008-08-05,002137,8.72,9.3,9.6,8.71,22778,21188790.1,10.05,4.97,0.44,4.55
2008-08-06,002137,9.35,9.32,9.4,9.01,10562,9719301.4,4.19,0.22,0.02,2.11
2008-08-07,002137,9.25,9.92,9.99,9.21,26517,25633677.8,8.37,6.44,0.6,5.29
2008-08-08,002137,9.83,9.15,9.91,8.93,20111,19040548.6,9.88,-7.76,-0.77,4.01
2008-08-11,002137,9.12,8.24,9.12,8.24,11632,9798756.2,9.62,-9.95,-0.91,2.32
2008-08-12,002137,7.9,7.45,8.0,7.45,13583,10376464.9,6.67,-9.59,-0.79,2.71
2008-08-13,002137,7.31,7.08,7.35,6.71,11953,8349271.5,8.59,-4.97,-0.37,2.39
2008-08-14,002137,7.01,7.1,7.29,6.98,6066,4320146.9,4.38,0.28,0.02,1.21
2008-08-15,002137,7.2,7.11,7.28,7.0,6483,4620496.9,3.94,0.14,0.01,1.29
2008-08-18,002137,7.18,6.4,7.28,6.4,9465,6375511.9,12.38,-9.99,-0.71,1.89
2008-08-19,002137,6.1,6.52,6.58,6.09,4881,3116731.0,7.66,1.88,0.12,0.97
2008-08-20,002137,6.51,7.14,7.15,6.3,10128,6985534.3,13.04,9.51,0.62,2.02
2008-08-21,002137,7.0,6.7,7.25,6.62,8855,6085651.1,8.82,-6.16,-0.44,1.77
2008-08-22,002137,6.6,6.72,6.9,6.42,4393,2896563.1,7.16,0.3,0.02,0.88
2008-08-25,002137,6.69,6.77,7.1,6.61,5481,3760889.6,7.29,0.74,0.05,1.09
2008-08-26,002137,6.88,6.72,7.08,6.48,11424,7758484.0,8.86,-0.74,-0.05,2.28
2008-08-27,002137,6.69,6.36,6.75,6.12,7647,4898027.7,9.38,-5.36,-0.36,1.53
2008-08-28,002137,6.26,6.33,6.45,6.2,4473,2830317.1,3.93,-0.47,-0.03,0.89
2008-08-29,002137,6.49,6.53,6.67,6.33,6084,3950854.6,5.37,3.16,0.2,1.21
2008-09-01,002137,6.56,6.24,6.56,6.24,3660,2320423.1,4.9,-4.44,-0.29,0.73
2008-09-02,002137,6.2,6.37,6.47,6.15,3521,2225052.6,5.13,2.08,0.13,0.7
2008-09-03,002137,6.35,6.38,6.44,6.2,4161,2618763.9,3.77,0.16,0.01,0.83
2008-09-04,002137,6.43,6.58,6.67,6.35,6024,3928798.8,5.02,3.13,0.2,1.2
2008-09-05,002137,6.38,6.24,6.5,6.22,4624,2931518.6,4.26,-5.17,-0.34,0.92
2008-09-08,002137,6.14,5.76,6.29,5.74,4687,2790910.2,8.81,-7.69,-0.48,0.94
2008-09-09,002137,5.81,5.9,5.97,5.6,4007,2330108.2,6.42,2.43,0.14,0.8
2008-09-10,002137,5.8,5.9,6.09,5.77,7905,4691203.6,5.42,0.0,0.0,1.58
2008-09-11,002137,5.81,5.68,5.9,5.66,3521,2017663.8,4.07,-3.73,-0.22,0.7
2008-09-12,002137,5.65,5.79,5.9,5.65,1469,849427.0,4.4,1.94,0.11,0.29
2008-09-16,002137,5.71,5.66,5.84,5.61,4729,2703767.5,3.97,-2.25,-0.13,0.94
2008-09-17,002137,5.63,5.35,5.73,5.34,7571,4174724.0,6.89,-5.48,-0.31,1.51
2008-09-18,002137,5.12,5.03,5.27,4.84,8488,4289304.0,8.04,-5.98,-0.32,1.69
2008-09-19,002137,5.48,5.53,5.53,5.38,18050,9916026.1,2.98,9.94,0.5,3.6
2008-09-22,002137,5.8,5.73,6.05,5.54,39677,22805038.8,9.22,3.62,0.2,7.92
2008-09-23,002137,5.5,5.17,5.54,5.16,19802,10569067.4,6.63,-9.77,-0.56,3.95
2008-09-24,002137,5.17,5.37,5.4,5.05,6693,3476894.4,6.77,3.87,0.2,1.34
2008-09-25,002137,5.39,5.54,5.58,5.28,10208,5595384.1,5.59,3.17,0.17,2.04
2008-09-26,002137,5.58,5.53,5.59,5.36,6652,3630359.2,4.15,-0.18,-0.01,1.33
2008-10-06,002137,5.39,5.13,5.39,5.1,6147,3235244.0,5.24,-7.23,-0.4,1.23
2008-10-07,002137,4.98,5.09,5.21,4.92,2777,1399613.0,5.65,-0.78,-0.04,0.55
2008-10-08,002137,4.91,4.95,5.02,4.91,4256,2115854.6,2.16,-2.75,-0.14,0.85
2008-10-09,002137,5.05,4.99,5.16,4.95,5380,2719354.3,4.24,0.81,0.04,1.07
2008-10-10,002137,4.85,4.49,4.85,4.49,10840,4958842.6,7.21,-10.02,-0.5,2.16
2008-10-13,002137,4.58,4.59,4.61,4.25,4927,2174353.1,8.02,2.23,0.1,0.98
2008-10-14,002137,4.75,4.25,4.76,4.25,5843,2667210.4,11.11,-7.41,-0.34,1.17
2008-10-15,002137,4.16,4.38,4.38,4.16,5230,2242185.3,5.18,3.06,0.13,1.04
2008-10-16,002137,4.05,4.04,4.26,4.04,5918,2432616.4,5.02,-7.76,-0.34,1.18
2008-10-17,002137,4.02,4.1,4.17,4.02,4178,1709747.5,3.71,1.49,0.06,0.83
2008-10-20,002137,4.12,4.23,4.28,4.02,4454,1860119.7,6.34,3.17,0.13,0.89
2008-10-21,002137,4.25,4.25,4.37,4.17,5386,2297555.1,4.73,0.47,0.02,1.08
2008-10-22,002137,4.22,4.24,4.35,4.17,4503,1925935.2,4.24,-0.24,-0.01,0.9
2008-10-23,002137,4.15,4.23,4.24,4.02,3838,1588348.7,5.19,-0.24,-0.01,0.77
2008-10-24,002137,4.23,4.22,4.35,4.15,3354,1431714.5,4.73,-0.24,-0.01,0.67
2008-10-27,002137,4.22,3.8,4.22,3.8,5556,2210319.0,9.95,-9.95,-0.42,1.11
2008-10-28,002137,3.75,3.85,3.93,3.6,6952,2620509.3,8.68,1.32,0.05,1.39
2008-10-29,002137,3.93,3.75,3.94,3.73,5456,2091401.4,5.45,-2.6,-0.1,1.09
2008-10-30,002137,3.78,3.87,3.92,3.73,4508,1728240.8,5.07,3.2,0.12,0.9
2008-10-31,002137,3.9,3.8,3.9,3.75,2595,988708.1,3.88,-1.81,-0.07,0.52
2008-11-03,002137,3.78,3.77,3.81,3.73,1647,622895.6,2.11,-0.79,-0.03,0.33
2008-11-04,002137,3.81,3.73,3.81,3.6,2590,956207.6,5.57,-1.06,-0.04,0.52
2008-11-05,002137,3.77,3.86,3.95,3.71,5763,2219424.2,6.43,3.49,0.13,1.15
2008-11-06,002137,3.7,3.76,3.8,3.61,5224,1928456.2,4.92,-2.59,-0.1,1.04
2008-11-07,002137,3.7,4.14,4.14,3.55,39880,16080479.1,15.69,10.11,0.38,7.96
2008-11-10,002137,4.27,4.55,4.55,4.21,85788,37726410.3,8.21,9.9,0.41,17.12
2008-11-11,002137,4.47,4.45,4.57,4.38,48946,21876642.8,4.18,-2.2,-0.1,9.77
2008-11-12,002137,4.38,4.72,4.82,4.38,59431,27593752.4,9.89,6.07,0.27,11.86
2008-11-13,002137,4.65,4.84,4.95,4.51,63952,30461493.3,9.32,2.54,0.12,12.76
2008-11-17,002137,5.07,5.1,5.17,4.94,55552,28076438.2,4.75,5.37,0.26,11.09
2008-11-18,002137,5.01,4.59,5.3,4.59,47989,23649072.1,13.92,-10.0,-0.51,9.58
2008-11-19,002137,4.58,4.95,4.97,4.58,33974,16303370.8,8.5,7.84,0.36,6.78
2008-11-20,002137,4.82,5.21,5.25,4.76,49280,24888419.0,9.9,5.25,0.26,9.84
2008-11-21,002137,5.02,5.0,5.25,4.75,36592,18323200.8,9.6,-4.03,-0.21,7.3
2008-11-24,002137,5.09,4.7,5.18,4.66,22239,10828099.5,10.4,-6.0,-0.3,4.44
2008-11-25,002137,4.75,4.65,4.9,4.45,18874,8759297.0,9.57,-1.06,-0.05,3.77
2008-11-26,002137,4.69,4.68,4.76,4.55,10924,5100157.9,4.52,0.65,0.03,2.18
2008-11-27,002137,5.0,4.72,5.06,4.69,25402,12420526.4,7.91,0.85,0.04,5.07
2008-11-28,002137,4.68,4.67,4.74,4.57,13825,6422533.2,3.6,-1.06,-0.05,2.76
2008-12-01,002137,4.69,5.14,5.14,4.62,24505,12305433.0,11.13,10.06,0.47,4.89
2008-12-02,002137,5.46,5.65,5.65,5.35,101839,56744505.4,5.84,9.92,0.51,20.33
2008-12-03,002137,5.57,5.87,6.1,5.4,98812,56936530.4,12.39,3.89,0.22,19.72
2008-12-04,002137,5.94,5.73,6.1,5.72,71509,42185255.9,6.47,-2.39,-0.14,14.27
2008-12-05,002137,5.64,6.27,6.27,5.61,55831,33169172.9,11.52,9.42,0.54,11.14
2008-12-08,002137,6.28,6.46,6.6,6.19,57118,36368365.1,6.54,3.03,0.19,11.4
2008-12-09,002137,6.39,6.06,6.45,5.95,38655,23957525.4,7.74,-6.19,-0.4,7.72
2008-12-10,002137,6.06,6.29,6.39,5.92,30893,18945281.6,7.76,3.8,0.23,6.17
2008-12-11,002137,6.25,6.01,6.33,6.01,25405,15565652.2,5.09,-4.45,-0.28,5.07
2008-12-12,002137,5.9,5.63,6.09,5.53,26343,15370173.0,9.32,-6.32,-0.38,5.26
2008-12-15,002137,5.65,5.77,5.84,5.5,18234,10379776.6,6.04,2.49,0.14,3.64
2008-12-16,002137,5.76,5.88,5.89,5.51,18767,10750666.6,6.59,1.91,0.11,3.75
2008-12-17,002137,6.0,6.11,6.24,5.97,42866,26183151.7,4.59,3.91,0.23,8.56
2008-12-18,002137,6.01,6.15,6.25,5.91,27274,16539436.3,5.56,0.65,0.04,5.44
2008-12-19,002137,6.17,6.19,6.35,6.14,32822,20470951.9,3.41,0.65,0.04,6.55
2008-12-22,002137,6.15,6.53,6.68,6.0,50514,32233428.1,10.99,5.49,0.34,10.08
2008-12-23,002137,6.5,5.88,6.53,5.88,62895,38418446.7,9.95,-9.95,-0.65,12.55
2008-12-24,002137,5.65,5.46,5.7,5.4,32409,17985874.9,5.1,-7.14,-0.42,6.47
2008-12-25,002137,5.49,5.4,5.66,5.25,24190,13184483.3,7.51,-1.1,-0.06,4.83
2008-12-26,002137,5.45,5.49,5.55,5.34,17210,9396522.7,3.89,1.67,0.09,3.44
2008-12-29,002137,5.45,5.29,5.45,5.13,16780,8779574.1,5.83,-3.64,-0.2,3.35
2008-12-30,002137,5.29,5.39,5.54,5.24,21286,11519999.7,5.67,1.89,0.1,4.25
2008-12-31,002137,5.45,5.23,5.45,5.2,13181,7005572.8,4.64,-2.97,-0.16,2.63
2009-01-05,002137,5.3,5.5,5.5,5.3,15504,8390633.4,3.82,5.16,0.27,3.09
2009-01-06,002137,5.5,5.7,5.73,5.43,25307,14199565.5,5.45,3.64,0.2,5.05
2009-01-07,002137,5.69,5.73,5.79,5.65,20634,11807588.3,2.46,0.53,0.03,4.12
2009-01-08,002137,5.55,5.53,5.65,5.43,14365,7956646.1,3.84,-3.49,-0.2,2.87
2009-01-09,002137,5.5,5.83,5.89,5.5,27404,15805781.3,7.05,5.42,0.3,5.47
2009-01-12,002137,5.84,6.04,6.3,5.84,46361,28371959.8,7.89,3.6,0.21,9.25
2009-01-13,002137,6.0,5.74,6.15,5.74,30934,18406582.6,6.79,-4.97,-0.3,6.17
2009-01-14,002137,5.71,6.19,6.25,5.68,30335,18162530.0,9.93,7.84,0.45,6.05
2009-01-15,002137,6.05,6.56,6.78,6.05,82593,53220822.2,11.79,5.98,0.37,16.49
2009-01-16,002137,6.63,6.54,6.76,6.52,81973,54534674.0,3.66,-0.3,-0.02,16.36
2009-01-19,002137,6.53,6.8,6.85,6.38,74498,49413033.3,7.19,3.98,0.26,14.87
2009-01-20,002137,6.75,6.95,7.12,6.62,75868,52511265.1,7.35,2.21,0.15,15.14
2009-01-21,002137,6.95,6.85,7.0,6.66,58938,40192345.5,4.89,-1.44,-0.1,11.76
2009-01-23,002137,6.88,7.13,7.14,6.68,73645,51245239.8,6.72,4.09,0.28,14.7
2009-02-02,002137,7.22,7.53,7.67,7.14,83364,61986010.5,7.43,5.61,0.4,16.64
2009-02-03,002137,7.65,7.49,7.65,7.27,66529,49338966.1,5.05,-0.53,-0.04,13.28
2009-02-04,002137,7.6,8.24,8.24,7.51,97371,77693394.3,9.75,10.01,0.75,19.44
2009-02-05,002137,8.3,7.9,8.33,7.68,81017,64915741.8,7.89,-4.13,-0.34,16.17
2009-02-06,002137,7.85,8.0,8.08,7.82,57512,45839058.4,3.29,1.27,0.1,11.48
2009-02-09,002137,8.0,8.06,8.13,7.72,73040,57974149.7,5.13,0.75,0.06,14.58
2009-02-10,002137,8.01,8.01,8.02,7.79,47549,37600366.6,2.85,-0.62,-0.05,9.49
2009-02-11,002137,8.02,8.18,8.55,7.91,67600,55972968.4,7.99,2.12,0.17,13.49
2009-02-12,002137,8.15,8.03,8.28,7.7,42463,33895325.7,7.09,-1.83,-0.15,8.48
2009-02-13,002137,8.08,8.28,8.37,8.07,57112,46856382.8,3.74,3.11,0.25,11.4
2009-02-16,002137,8.35,8.55,8.83,8.35,54442,46575241.6,5.8,3.26,0.27,10.87
2009-02-17,002137,8.45,7.9,8.55,7.89,43592,35736729.8,7.72,-7.6,-0.65,8.7
2009-02-18,002137,7.87,7.56,8.06,7.56,28854,22527572.7,6.33,-4.3,-0.34,5.76
2009-02-19,002137,7.63,7.82,7.94,7.63,22858,17827146.3,4.1,3.44,0.26,4.56
2009-02-20,002137,7.82,8.13,8.19,7.71,26518,21186953.2,6.14,3.96,0.31,5.29
2009-02-23,002137,8.14,8.32,8.37,7.97,35629,29233875.6,4.92,2.34,0.19,7.11
2009-02-24,002137,8.25,7.68,8.3,7.62,31594,25180797.9,8.17,-7.69,-0.64,6.31
2009-02-25,002137,7.83,7.68,7.95,7.32,26482,20079567.2,8.2,0.0,0.0,5.29
2009-02-26,002137,7.69,7.0,7.8,6.91,26856,19887724.8,11.59,-8.85,-0.68,5.36
2009-02-27,002137,6.89,6.32,7.02,6.31,25618,16816938.6,10.14,-9.71,-0.68,5.11
2009-03-02,002137,6.1,6.49,6.54,6.06,17210,10990905.9,7.59,2.69,0.17,3.44
2009-03-03,002137,6.3,6.52,6.68,6.18,17672,11440031.8,7.7,0.46,0.03,3.53
2009-03-04,002137,6.65,7.06,7.09,6.65,33137,22675765.7,6.75,8.28,0.54,6.61
2009-03-05,002137,7.28,7.18,7.35,6.9,39413,28335619.8,6.37,1.7,0.12,7.87
2009-03-06,002137,7.14,7.23,7.34,7.0,28205,20444300.8,4.74,0.7,0.05,5.63
2009-03-09,002137,7.18,6.73,7.23,6.71,25116,17592420.4,7.19,-6.92,-0.5,5.01
2009-03-10,002137,6.53,6.87,6.9,6.43,17289,11518964.8,6.98,2.08,0.14,3.45
2009-03-11,002137,7.0,6.85,7.07,6.77,17564,12129264.6,4.37,-0.29,-0.02,3.51
2009-03-12,002137,6.9,7.06,7.09,6.76,27146,18891274.3,4.82,3.07,0.21,5.42
2009-03-13,002137,7.08,6.9,7.12,6.89,18562,12999340.2,3.26,-2.27,-0.16,3.7
2009-03-16,002137,6.9,6.94,6.95,6.73,12159,8334776.7,3.19,0.58,0.04,2.43
2009-03-17,002137,6.98,7.24,7.29,6.98,31096,22252432.4,4.47,4.32,0.3,6.21
2009-03-18,002137,7.29,7.39,7.48,7.24,33618,24673303.7,3.31,2.07,0.15,6.71
2009-03-19,002137,7.4,7.47,7.55,7.32,27805,20701161.7,3.11,1.08,0.08,5.55
2009-03-20,002137,7.64,7.83,8.1,7.61,63207,49581007.0,6.56,4.82,0.36,12.62
2009-03-23,002137,7.85,7.83,7.99,7.71,34865,27352563.6,3.58,0.0,0.0,6.96
2009-03-24,002137,7.91,7.95,8.05,7.75,34874,27430978.4,3.83,1.53,0.12,6.96
2009-03-25,002137,7.85,7.61,7.95,7.61,28446,22255335.2,4.28,-4.28,-0.34,5.68
2009-03-26,002137,7.61,7.82,7.84,7.5,22529,17368017.8,4.47,2.76,0.21,4.5
2009-03-27,002137,7.87,7.87,7.96,7.79,24449,19286791.7,2.17,0.64,0.05,4.88
2009-03-30,002137,7.9,8.06,8.17,7.86,35183,28284032.1,3.94,2.41,0.19,7.02
2009-03-31,002137,7.88,8.03,8.03,7.7,26258,20720492.6,4.09,-0.37,-0.03,5.24
2009-04-01,002137,8.11,8.17,8.32,8.11,37628,30893475.9,2.62,1.74,0.14,7.51
2009-04-02,002137,8.2,8.27,8.45,8.16,43018,35741804.8,3.55,1.22,0.1,8.59
2009-04-03,002137,8.3,8.12,8.35,8.0,34809,28477570.8,4.23,-1.81,-0.15,6.95
2009-04-07,002137,8.12,8.4,8.4,8.1,26279,21664574.1,3.69,3.45,0.28,5.25
2009-04-08,002137,8.3,8.08,8.51,8.08,43606,36432939.7,5.12,-3.81,-0.32,8.7
2009-04-09,002137,8.03,8.14,8.17,7.85,30816,24761107.7,3.96,0.74,0.06,6.15
2009-04-13,002137,8.46,8.38,8.52,8.3,52389,44033714.8,2.7,2.95,0.24,10.46
2009-04-14,002137,8.4,9.22,9.22,8.28,100555,89904583.0,11.22,10.02,0.84,20.07
2009-04-15,002137,9.46,10.14,10.14,9.4,146316,146127668.2,8.03,9.98,0.92,29.2
2009-04-16,002137,10.48,9.85,10.48,9.8,117750,118911593.1,6.71,-2.86,-0.29,23.5
2009-04-17,002137,9.62,10.84,10.84,9.62,76782,79395891.7,12.39,10.05,0.99,15.33
2009-04-20,002137,11.33,10.99,11.33,10.6,108250,119122015.7,6.73,1.38,0.15,21.61
2009-04-21,002137,10.7,10.99,10.99,10.0,67115,70467722.7,9.01,0.0,0.0,13.4
2009-04-22,002137,8.3,7.58,8.37,7.54,74548,59319743.5,7.55,-31.03,-3.41,11.45
2009-04-23,002137,7.42,7.49,7.56,7.0,42441,31026714.8,7.39,-1.19,-0.09,6.52
2009-04-24,002137,7.36,7.15,7.5,7.15,33221,24081040.5,4.67,-4.54,-0.34,5.1
2009-04-28,002137,6.65,6.89,6.89,6.6,39548,26767292.1,4.06,-3.64,-0.26,6.07
2009-04-29,002137,6.78,7.26,7.4,6.71,39990,28386230.0,10.01,5.37,0.37,6.14
2009-04-30,002137,7.29,7.14,7.36,7.05,27335,19588704.7,4.27,-1.65,-0.12,4.2
2009-05-04,002137,7.14,7.3,7.37,7.14,32140,23313100.7,3.22,2.24,0.16,4.93
2009-05-05,002137,7.37,7.63,7.63,7.28,40228,30093365.3,4.79,4.52,0.33,6.18
2009-05-06,002137,7.66,7.66,7.67,7.46,35825,27103355.3,2.75,0.39,0.03,5.5
2009-05-07,002137,7.68,7.42,7.72,7.25,38803,28927472.0,6.14,-3.13,-0.24,5.96
2009-05-08,002137,7.38,7.45,7.51,7.3,32457,23976846.1,2.83,0.4,0.03,4.98
2009-05-11,002137,7.45,7.03,7.47,7.02,36425,26199224.5,6.04,-5.64,-0.42,5.59
2009-05-12,002137,6.99,7.14,7.15,6.93,15873,11181015.5,3.13,1.56,0.11,2.44
2009-05-13,002137,7.16,7.15,7.19,7.08,17695,12617456.9,1.54,0.14,0.01,2.72
2009-05-14,002137,7.06,7.17,7.2,7.06,18874,13453792.2,1.96,0.28,0.02,2.9
2009-05-15,002137,7.18,7.22,7.27,7.11,20646,14832532.4,2.23,0.7,0.05,3.17
2009-05-18,002137,7.22,7.22,7.25,7.05,16161,11556878.3,2.77,0.0,0.0,2.48
2009-05-19,002137,7.24,7.44,7.48,7.24,44273,32643188.9,3.32,3.05,0.22,6.8
2009-05-20,002137,7.42,7.31,7.45,7.27,32365,23810767.0,2.42,-1.75,-0.13,4.97
2009-05-21,002137,7.26,7.27,7.37,7.11,25179,18151776.1,3.56,-0.55,-0.04,3.87
2009-05-22,002137,7.22,7.52,7.54,7.17,45715,33911236.2,5.09,3.44,0.25,7.02
2009-05-25,002137,7.3,7.74,7.75,7.25,54227,40858825.6,6.65,2.93,0.22,8.33
2009-05-26,002137,7.74,7.92,8.12,7.7,91206,72481958.9,5.43,2.33,0.18,14.0
2009-05-27,002137,7.98,7.72,7.98,7.7,42160,32847890.4,3.54,-2.53,-0.2,6.47
2009-06-01,002137,7.72,8.06,8.19,7.6,66005,51978818.4,7.64,4.4,0.34,10.13
2009-06-02,002137,8.12,8.03,8.22,8.0,98653,79926868.3,2.73,-0.37,-0.03,15.15
2009-06-03,002137,7.91,7.84,8.03,7.81,40502,31890972.3,2.74,-2.37,-0.19,6.22
2009-06-04,002137,7.81,7.62,7.83,7.51,36806,28125008.7,4.08,-2.81,-0.22,5.65
2009-06-05,002137,7.61,7.59,7.76,7.59,19288,14786922.8,2.23,-0.39,-0.03,2.96
2009-06-08,002137,7.55,7.46,7.66,7.4,20855,15642284.7,3.43,-1.71,-0.13,3.2
2009-06-09,002137,7.5,7.53,7.62,7.36,22900,17159499.3,3.49,0.94,0.07,3.52
2009-06-10,002137,7.54,7.63,7.77,7.5,24917,19086403.4,3.59,1.33,0.1,3.83
2009-06-11,002137,7.69,7.59,7.77,7.5,24943,19059869.6,3.54,-0.52,-0.04,3.83
2009-06-12,002137,7.53,7.3,7.61,7.17,23308,17244689.1,5.8,-3.82,-0.29,3.58
2009-06-15,002137,7.31,7.36,7.37,7.23,17923,13078167.4,1.92,0.82,0.06,2.75
2009-06-16,002137,7.34,7.36,7.4,7.25,15670,11450847.5,2.04,0.0,0.0,2.41
2009-06-17,002137,7.36,7.55,7.6,7.28,26184,19628641.3,4.35,2.58,0.19,4.02
2009-06-18,002137,7.55,7.58,7.63,7.5,18498,13969489.1,1.72,0.4,0.03,2.84
2009-06-19,002137,7.58,7.73,7.8,7.49,48605,37480097.2,4.09,1.98,0.15,7.46
2009-06-22,002137,7.8,7.82,8.03,7.7,78725,61955163.7,4.27,1.16,0.09,12.09
2009-06-23,002137,7.51,7.9,8.16,7.51,104825,83419127.6,8.31,1.02,0.08,16.09
2009-06-24,002137,7.9,7.8,7.94,7.69,44636,34746647.2,3.16,-1.27,-0.1,6.85
2009-06-25,002137,7.81,7.68,7.86,7.64,28550,21965476.5,2.82,-1.54,-0.12,4.38
2009-06-26,002137,7.75,7.98,8.14,7.68,70683,56145511.2,5.99,3.91,0.3,10.85
2009-06-29,002137,7.96,7.78,8.03,7.73,43631,34229499.8,3.76,-2.51,-0.2,6.7
2009-06-30,002137,7.79,7.66,7.79,7.51,35262,26846533.8,3.6,-1.54,-0.12,5.41
2009-07-01,002137,7.64,7.68,7.72,7.53,24561,18856501.8,2.48,0.26,0.02,3.77
2009-07-02,002137,7.85,8.21,8.44,7.82,132221,107072113.0,8.07,6.9,0.53,20.3
2009-07-03,002137,8.04,8.06,8.16,7.96,66448,53614842.1,2.44,-1.83,-0.15,10.2
2009-07-06,002137,8.06,7.92,8.21,7.89,45577,36525806.5,3.97,-1.74,-0.14,7.0
2009-07-07,002137,8.05,8.09,8.35,8.0,84366,68956003.1,4.42,2.15,0.17,12.95
2009-07-08,002137,8.05,8.01,8.06,7.82,42853,34064401.4,2.97,-0.99,-0.08,6.58
2009-07-09,002137,8.05,8.15,8.16,7.96,48659,39294081.1,2.5,1.75,0.14,7.47
2009-07-10,002137,8.19,8.2,8.3,8.11,56403,46214569.3,2.33,0.61,0.05,8.66
2009-07-13,002137,8.2,8.33,8.48,8.19,67760,56684913.4,3.54,1.59,0.13,10.4
2009-07-14,002137,8.31,8.48,8.78,8.31,68205,58579789.0,5.64,1.8,0.15,10.47
2009-07-15,002137,8.45,8.5,8.55,8.34,51889,43683264.4,2.48,0.24,0.02,7.97
2009-07-16,002137,8.5,8.42,8.57,8.33,45386,38333748.9,2.82,-0.94,-0.08,6.97
2009-07-17,002137,8.38,8.32,8.41,8.25,40168,33410204.2,1.9,-1.19,-0.1,6.17
2009-07-20,002137,8.34,8.5,8.56,8.34,47986,40608845.2,2.64,2.16,0.18,7.37
2009-07-21,002137,8.53,8.16,8.53,8.14,49468,40860138.0,4.59,-4.0,-0.34,7.6
2009-07-22,002137,8.15,8.2,8.28,8.12,29723,24340295.3,1.96,0.49,0.04,4.56
2009-07-23,002137,8.25,8.26,8.27,8.15,27088,22180463.9,1.46,0.73,0.06,4.16
2009-07-24,002137,8.26,8.16,8.37,8.11,37382,30809220.7,3.15,-1.21,-0.1,5.74
2009-07-27,002137,8.13,8.29,8.31,8.13,31351,25833182.6,2.21,1.59,0.13,4.81
2009-07-28,002137,8.3,8.45,8.45,8.21,49568,41404462.9,2.9,1.93,0.16,7.61
2009-07-30,002137,7.95,8.14,8.17,7.77,52053,41782329.8,4.73,-3.67,-0.31,7.99
2009-07-31,002137,8.14,8.33,8.39,8.06,45592,37744966.0,4.05,2.33,0.19,7.0
2009-08-03,002137,8.34,8.74,8.84,8.34,89680,77450356.6,6.0,4.92,0.41,13.77
2009-08-04,002137,8.75,9.0,9.03,8.5,85878,75077741.1,6.06,2.97,0.26,13.19
2009-08-05,002137,9.1,8.85,9.11,8.64,69433,61856900.0,5.22,-1.67,-0.15,10.66
2009-08-06,002137,8.79,8.82,8.97,8.5,42349,37026420.6,5.31,-0.34,-0.03,6.5
2009-08-07,002137,8.78,8.96,9.29,8.63,93270,84163422.9,7.48,1.59,0.14,14.32
2009-08-10,002137,9.11,8.86,9.2,8.65,46205,41167345.4,6.14,-1.12,-0.1,7.09
2009-08-11,002137,8.94,8.71,8.94,8.7,30711,26957039.5,2.71,-1.69,-0.15,4.72
2009-08-12,002137,8.65,8.04,8.66,7.95,43827,36293805.5,8.15,-7.69,-0.67,6.73
2009-08-13,002137,8.1,8.08,8.14,7.9,24308,19520524.9,2.99,0.5,0.04,3.73
2009-08-14,002137,8.09,7.46,8.09,7.46,34866,26917831.3,7.8,-7.67,-0.62,5.35
2009-08-17,002137,7.41,6.74,7.41,6.71,34670,24545593.3,9.38,-9.65,-0.72,5.32
2009-08-18,002137,6.65,6.95,6.99,6.62,23501,16064103.0,5.49,3.12,0.21,3.61
2009-08-19,002137,6.97,6.44,6.98,6.38,24093,16090904.6,8.63,-7.34,-0.51,3.7
2009-08-20,002137,6.44,6.7,6.73,6.44,20767,13741407.6,4.5,4.04,0.26,3.19
2009-08-21,002137,6.68,6.91,6.95,6.61,25241,17183967.1,5.07,3.13,0.21,3.88
2009-08-24,002137,6.98,7.06,7.21,6.81,25965,18198089.7,5.79,2.17,0.15,3.99
2009-08-25,002137,7.04,6.77,7.04,6.6,23710,16000816.8,6.23,-4.11,-0.29,3.64
2009-08-26,002137,6.81,7.15,7.23,6.71,28910,20441681.6,7.68,5.61,0.38,4.44
2009-08-27,002137,7.17,7.36,7.44,7.09,35445,25890957.1,4.9,2.94,0.21,5.44
2009-08-28,002137,7.3,7.11,7.3,7.0,24201,17167426.2,4.08,-3.4,-0.25,3.72
2009-08-31,002137,7.0,6.42,7.0,6.4,26888,17833953.3,8.44,-9.7,-0.69,4.13
2009-09-01,002137,6.38,6.47,6.63,6.3,16594,10792197.2,5.14,0.78,0.05,2.55
2009-09-02,002137,6.42,6.6,6.63,6.36,13864,9073439.4,4.17,2.01,0.13,2.13
2009-09-03,002137,6.66,6.85,6.88,6.55,23149,15660983.8,5.0,3.79,0.25,3.55
2009-09-04,002137,6.85,6.87,6.93,6.76,21335,14637302.8,2.48,0.29,0.02,3.28
2009-09-07,002137,6.87,6.91,7.07,6.81,19196,13320725.0,3.78,0.58,0.04,2.95
2009-09-08,002137,6.91,7.19,7.22,6.72,38117,26859959.8,7.24,4.05,0.28,5.85
2009-09-09,002137,7.16,7.3,7.37,7.11,55412,40300319.0,3.62,1.53,0.11,8.51
2009-09-10,002137,7.1,7.08,7.24,7.03,26313,18746997.6,2.88,-3.01,-0.22,4.04
2009-09-11,002137,7.06,7.12,7.18,6.92,22379,15916267.8,3.67,0.56,0.04,3.44
2009-09-14,002137,7.16,7.4,7.41,7.13,33516,24354985.9,3.93,3.93,0.28,5.15
2009-09-15,002137,7.39,8.1,8.14,7.27,82773,64600115.7,11.76,9.46,0.7,12.71
2009-09-16,002137,7.85,8.07,8.5,7.68,95461,77448999.7,10.12,-0.37,-0.03,14.66
2009-09-17,002137,8.08,8.17,8.47,7.91,62839,51680151.9,6.94,1.24,0.1,9.65
2009-09-18,002137,8.17,7.85,8.48,7.75,49114,39843740.1,8.94,-3.92,-0.32,7.54
2009-09-21,002137,7.8,8.14,8.18,7.7,34794,27874879.6,6.11,3.69,0.29,5.34
2009-09-22,002137,8.0,8.51,8.68,7.86,66735,55143566.3,10.07,4.55,0.37,10.25
2009-09-23,002137,8.29,8.1,8.58,8.01,52545,43514503.7,6.7,-4.82,-0.41,8.07
2009-09-24,002137,7.87,7.96,8.18,7.51,41663,32919097.1,8.27,-1.73,-0.14,6.4
2009-09-25,002137,7.76,8.06,8.35,7.71,52175,42322772.2,8.04,1.26,0.1,8.01
2009-09-28,002137,8.05,7.53,8.15,7.38,27173,21354609.8,9.55,-6.58,-0.53,4.17
2009-09-29,002137,7.5,7.06,7.65,7.03,28986,20913740.5,8.23,-6.24,-0.47,4.45
2009-09-30,002137,7.19,7.04,7.25,7.02,21561,15400413.0,3.26,-0.28,-0.02,3.31
2009-10-09,002137,7.19,7.37,7.4,7.1,22325,16276612.8,4.26,4.69,0.33,3.43
2009-10-12,002137,7.37,7.61,7.7,7.33,27130,20392480.9,5.02,3.26,0.24,4.17
2009-10-13,002137,7.53,7.93,7.99,7.49,38990,30306626.2,6.57,4.2,0.32,5.99
2009-10-14,002137,7.82,7.88,8.03,7.77,31525,24915630.4,3.28,-0.63,-0.05,4.84
2009-10-15,002137,7.9,7.85,7.98,7.76,17562,13784283.8,2.79,-0.38,-0.03,2.7
2009-10-16,002137,7.83,8.07,8.25,7.6,50704,40681204.9,8.28,2.8,0.22,7.79
2009-10-19,002137,8.02,8.17,8.25,8.01,42342,34515376.0,2.97,1.24,0.1,6.5
2009-10-20,002137,8.19,8.18,8.28,8.07,39700,32401126.6,2.57,0.12,0.01,6.1
2009-10-21,002137,8.12,7.99,8.2,7.99,31174,25220908.2,2.57,-2.32,-0.19,4.79
2009-10-22,002137,7.91,7.93,8.05,7.88,25757,20472062.6,2.13,-0.75,-0.06,3.95
2009-10-23,002137,7.92,8.01,8.13,7.92,26126,21004092.2,2.65,1.01,0.08,4.01
2009-10-26,002137,8.01,8.29,8.37,7.96,63497,52185798.0,5.12,3.5,0.28,9.75
2009-10-27,002137,8.23,8.07,8.48,8.05,60938,50274264.8,5.19,-2.65,-0.22,9.36
2009-10-28,002137,8.08,8.05,8.15,7.79,30533,24319331.9,4.46,-0.25,-0.02,4.69
2009-10-29,002137,7.99,7.76,7.99,7.7,21215,16572042.9,3.6,-3.6,-0.29,3.26
2009-10-30,002137,7.81,7.8,7.99,7.75,20575,16193792.1,3.09,0.52,0.04,3.16
2009-11-02,002137,7.7,8.02,8.05,7.53,27865,21734068.1,6.67,2.82,0.22,4.28
2009-11-03,002137,8.02,8.18,8.18,7.96,37253,30250913.2,2.74,2.0,0.16,5.72
2009-11-04,002137,8.25,8.28,8.3,8.12,46642,38291285.3,2.2,1.22,0.1,7.16
2009-11-05,002137,8.3,8.33,8.39,8.22,44029,36621905.5,2.05,0.6,0.05,6.76
2009-11-06,002137,8.36,8.33,8.58,8.27,57895,48740564.6,3.72,0.0,0.0,8.89
2009-11-09,002137,8.36,8.43,8.47,8.28,35675,29906862.1,2.28,1.2,0.1,5.48
2009-11-10,002137,8.45,8.6,8.77,8.37,68737,59091298.0,4.74,2.02,0.17,10.55
2009-11-11,002137,8.61,8.78,8.84,8.45,72606,63057004.8,4.53,2.09,0.18,11.15
2009-11-12,002137,8.77,8.62,8.82,8.62,59938,52242083.7,2.28,-1.82,-0.16,9.2
2009-11-13,002137,8.65,8.82,8.87,8.54,56595,49516667.0,3.83,2.32,0.2,8.69
2009-11-16,002137,8.97,9.43,9.69,8.78,114022,105111422.2,10.32,6.92,0.61,17.51
2009-11-17,002137,9.41,9.58,9.67,9.28,101287,96257296.2,4.14,1.59,0.15,15.55
2009-11-18,002137,9.64,9.64,9.87,9.5,74828,72005353.0,3.86,0.63,0.06,11.49
2009-11-20,002137,9.67,10.25,10.6,9.53,99020,99728807.2,11.1,6.33,0.61,15.2
2009-11-23,002137,10.28,10.3,10.44,10.1,83863,85874424.8,3.32,0.49,0.05,12.88
2009-11-24,002137,10.39,9.8,10.39,9.35,100432,100847348.0,10.1,-4.85,-0.5,15.42
2009-11-25,002137,9.73,10.3,10.36,9.67,69363,69915886.0,7.04,5.1,0.5,10.65
2009-11-26,002137,10.3,10.08,10.45,9.89,70490,71573418.4,5.44,-2.14,-0.22,10.82
2009-11-27,002137,9.88,10.48,10.68,9.86,138340,143128310.0,8.13,3.97,0.4,21.24
2009-11-30,002137,10.5,10.81,11.0,10.26,200482,212234625.0,7.06,3.15,0.33,30.78
2009-12-01,002137,10.65,10.61,10.82,10.27,121045,127992910.4,5.09,-1.85,-0.2,18.59
2009-12-02,002137,10.65,10.75,10.8,10.42,96353,102357000.7,3.58,1.32,0.14,14.79
2009-12-03,002137,10.7,10.49,10.73,10.43,49704,52337576.1,2.79,-2.42,-0.26,7.63
2009-12-04,002137,10.4,9.87,10.4,9.6,86535,86831675.2,7.63,-5.91,-0.62,13.29
2009-12-07,002137,9.9,10.0,10.08,9.76,33621,33489375.7,3.24,1.32,0.13,5.16
2009-12-08,002137,10.01,10.13,10.21,9.87,38478,38596930.8,3.4,1.3,0.13,5.91
2009-12-09,002137,10.14,9.86,10.15,9.81,31277,31149226.6,3.36,-2.67,-0.27,4.8
2009-12-10,002137,9.82,10.08,10.09,9.82,26733,26593230.7,2.74,2.23,0.22,4.1
2009-12-11,002137,10.14,10.03,10.16,9.92,24803,24946330.9,2.38,-0.5,-0.05,3.81
2009-12-14,002137,10.0,10.05,10.1,9.69,24827,24518998.2,4.09,0.2,0.02,3.81
2009-12-15,002137,10.05,10.3,10.5,9.97,60333,62224027.4,5.27,2.49,0.25,9.26
2009-12-16,002137,10.24,10.29,10.47,10.18,29907,30881549.5,2.82,-0.1,-0.01,4.59
2009-12-17,002137,10.36,9.78,10.36,9.71,30183,30093372.1,6.32,-4.96,-0.51,4.63
2009-12-18,002137,9.68,9.24,9.68,9.2,24671,23101442.3,4.91,-5.52,-0.54,3.79
2009-12-21,002137,9.24,9.5,9.57,9.1,22750,21383996.0,5.09,2.81,0.26,3.49
2009-12-22,002137,9.5,9.08,9.5,9.08,20173,18721172.4,4.42,-4.42,-0.42,3.1
2009-12-23,002137,9.11,9.36,9.39,9.09,24720,22933260.7,3.3,3.08,0.28,3.8
2009-12-24,002137,9.35,9.86,9.97,9.25,42166,41009086.4,7.69,5.34,0.5,6.47
2009-12-25,002137,9.86,9.8,10.0,9.75,33739,33313455.4,2.54,-0.61,-0.06,5.18
2009-12-28,002137,9.8,9.88,9.95,9.72,29378,28920686.6,2.35,0.82,0.08,4.51
2009-12-29,002137,9.88,9.97,9.99,9.74,30075,29677500.3,2.53,0.91,0.09,4.62
2009-12-30,002137,9.98,9.89,10.15,9.79,27289,27026250.8,3.61,-0.8,-0.08,4.19
2009-12-31,002137,9.88,9.91,10.0,9.79,21875,21640815.7,2.12,0.2,0.02,3.36
2010-01-04,002137,9.9,10.0,10.09,9.87,30289,30272291.8,2.22,0.91,0.09,4.65
2010-01-05,002137,10.01,10.3,10.48,9.99,57235,58692172.0,4.9,3.0,0.3,8.79
2010-01-06,002137,10.32,10.07,10.37,10.05,34178,34790922.6,3.11,-2.23,-0.23,5.25
2010-01-07,002137,10.07,9.57,10.1,9.53,41392,40360708.7,5.66,-4.97,-0.5,6.36
2010-01-08,002137,9.57,9.74,9.79,9.5,17893,17247300.8,3.03,1.78,0.17,2.75
2010-01-11,002137,9.78,10.03,10.12,9.71,36091,35925457.2,4.21,2.98,0.29,5.54
2010-01-12,002137,10.0,10.47,10.5,9.92,67823,70028995.5,5.78,4.39,0.44,10.41
2010-01-13,002137,10.3,10.3,10.38,10.21,43649,44918805.0,1.62,-1.62,-0.17,6.7
2010-01-14,002137,10.3,10.71,10.79,10.3,68281,72735976.5,4.76,3.98,0.41,10.48
2010-01-15,002137,10.73,10.95,11.0,10.54,76995,83379048.5,4.3,2.24,0.24,11.82
2010-01-18,002137,10.9,10.9,10.99,10.73,47239,51247290.7,2.37,-0.46,-0.05,7.25
2010-01-19,002137,10.91,10.62,11.18,10.6,55989,60727635.1,5.32,-2.57,-0.28,8.6
2010-01-20,002137,10.62,10.17,10.7,10.12,41971,43670272.4,5.46,-4.24,-0.45,6.44
2010-01-21,002137,10.17,10.21,10.39,10.12,26663,27315550.5,2.65,0.39,0.04,4.09
2010-01-22,002137,10.02,9.85,10.2,9.61,30016,29700415.8,5.78,-3.53,-0.36,4.61
2010-01-25,002137,9.8,9.73,9.98,9.71,17060,16787641.7,2.74,-1.22,-0.12,2.62
2010-01-26,002137,9.72,9.25,9.84,9.18,21039,19868162.8,6.78,-4.93,-0.48,3.23
2010-01-27,002137,9.25,9.3,9.48,9.11,17163,16006011.3,4.0,0.54,0.05,2.64
2010-01-28,002137,9.36,9.43,9.5,9.21,12816,12050538.0,3.12,1.4,0.13,1.97
2010-01-29,002137,9.33,9.46,9.61,9.33,14329,13603941.6,2.97,0.32,0.03,2.2
2010-02-01,002137,9.5,9.04,9.5,8.91,19059,17352180.1,6.24,-4.44,-0.42,2.93
2010-02-02,002137,9.05,9.04,9.24,9.0,14233,12972277.2,2.65,0.0,0.0,2.19
2010-02-03,002137,9.05,9.18,9.18,8.63,17979,16118395.0,6.08,1.55,0.14,2.76
2010-02-04,002137,9.16,9.2,9.32,9.02,12988,11950547.8,3.27,0.22,0.02,1.99
2010-02-05,002137,8.95,9.03,9.18,8.9,11455,10340641.8,3.04,-1.85,-0.17,1.76
2010-02-08,002137,8.94,9.15,9.19,8.94,9242,8433264.5,2.77,1.33,0.12,1.42
2010-02-09,002137,9.15,9.15,9.15,9.01,9615,8742597.8,1.53,0.0,0.0,1.48
2010-02-10,002137,9.16,9.29,9.3,9.16,11515,10637684.0,1.53,1.53,0.14,1.77
2010-02-11,002137,9.27,9.18,9.35,9.18,8962,8299452.6,1.83,-1.18,-0.11,1.38
2010-02-12,002137,9.26,9.28,9.32,9.13,7255,6706838.5,2.07,1.09,0.1,1.11
2010-02-22,002137,9.25,9.37,9.43,9.21,12314,11511601.8,2.37,0.97,0.09,1.89
2010-02-23,002137,9.45,9.46,9.54,9.17,14070,13113355.6,3.95,0.96,0.09,2.16
2010-02-24,002137,9.35,9.59,9.62,9.35,18317,17416552.7,2.85,1.37,0.13,2.81
2010-02-25,002137,9.65,9.67,9.74,9.56,22781,21931870.4,1.88,0.83,0.08,3.5
2010-02-26,002137,9.66,9.77,9.88,9.58,28517,27870016.1,3.1,1.03,0.1,4.38
2010-03-01,002137,9.77,10.75,10.75,9.77,118963,124417588.0,10.03,10.03,0.98,18.27
2010-03-02,002137,10.79,11.62,11.8,10.79,209513,235489257.4,9.4,8.09,0.87,32.17
2010-03-03,002137,11.48,11.68,11.88,11.12,185206,212608127.9,6.54,0.52,0.06,28.44
2010-03-04,002137,11.7,11.27,11.74,10.95,121220,137164746.3,6.76,-3.51,-0.41,18.61
2010-03-05,002137,11.39,11.15,11.39,10.8,85790,95490113.1,5.24,-1.06,-0.12,13.17
2010-03-08,002137,11.14,11.36,11.48,11.0,108263,121936101.8,4.3,1.88,0.21,16.62
2010-03-09,002137,11.3,11.23,11.32,10.91,60571,67231943.4,3.61,-1.14,-0.13,9.3
2010-03-10,002137,11.31,11.31,11.44,11.06,75996,85726570.3,3.38,0.71,0.08,11.67
2010-03-11,002137,11.26,11.37,11.46,11.02,77375,87238157.4,3.89,0.53,0.06,11.88
2010-03-12,002137,11.43,10.55,11.43,10.54,86619,94926236.0,7.83,-7.21,-0.82,13.3
2010-03-15,002137,10.62,10.26,10.62,10.12,39842,40855757.3,4.74,-2.75,-0.29,6.12
2010-03-16,002137,10.24,10.33,10.35,10.05,31810,32493522.5,2.92,0.68,0.07,4.88
2010-03-17,002137,10.36,10.6,10.65,10.23,47551,49844549.5,4.07,2.61,0.27,7.3
2010-03-18,002137,10.63,10.57,10.83,10.47,40864,43522507.5,3.4,-0.28,-0.03,6.27
2010-03-19,002137,10.55,10.95,11.06,10.46,59443,64162129.6,5.68,3.6,0.38,9.13
2010-03-22,002137,10.93,11.02,11.14,10.83,45371,49807696.6,2.83,0.64,0.07,6.97
2010-03-23,002137,11.09,10.76,11.12,10.74,34028,37078621.5,3.45,-2.36,-0.26,5.22
2010-03-24,002137,10.7,10.57,10.79,10.53,31834,33798975.1,2.42,-1.77,-0.19,4.89
2010-03-25,002137,10.57,10.62,10.69,10.45,25887,27442381.3,2.27,0.47,0.05,3.97
2010-03-26,002137,10.6,10.88,10.9,10.5,29934,32230090.9,3.77,2.45,0.26,4.6
2010-03-29,002137,10.9,10.78,10.97,10.63,28898,31174465.2,3.13,-0.92,-0.1,4.44
2010-03-30,002137,10.78,11.08,11.18,10.7,46478,51097720.0,4.45,2.78,0.3,7.14
2010-03-31,002137,11.09,11.32,11.4,10.91,68367,76943728.3,4.42,2.17,0.24,10.5
2010-04-01,002137,11.4,11.26,11.49,11.24,62398,70775622.5,2.21,-0.53,-0.06,9.58
2010-04-02,002137,11.25,11.11,11.35,11.08,41289,46108199.8,2.4,-1.33,-0.15,6.34
2010-04-06,002137,11.1,11.18,11.33,11.08,28939,32275348.5,2.25,0.63,0.07,4.44
2010-04-07,002137,11.15,11.0,11.25,10.96,33240,36726787.5,2.59,-1.61,-0.18,5.1
2010-04-08,002137,11.0,11.11,11.23,10.94,39574,44121879.8,2.64,1.0,0.11,6.08
2010-04-09,002137,11.11,11.6,11.8,11.11,82455,95191450.5,6.21,4.41,0.49,12.66
2010-04-12,002137,11.65,11.71,11.84,11.39,72198,84139884.6,3.88,0.95,0.11,11.09
2010-04-13,002137,11.78,11.12,11.78,10.85,61516,69449390.5,7.94,-5.04,-0.59,9.45
2010-04-14,002137,11.15,11.23,11.28,11.01,29888,33432262.8,2.43,0.99,0.11,4.59
2010-04-15,002137,11.22,11.19,11.44,11.11,34254,38572864.0,2.94,-0.36,-0.04,5.26
2010-04-16,002137,11.2,10.87,11.2,10.8,29249,31923130.5,3.57,-2.86,-0.32,4.49
2010-04-19,002137,10.8,10.4,10.93,10.35,27542,29322407.5,5.34,-4.32,-0.47,4.23
2010-04-20,002137,10.44,10.64,10.65,10.29,23246,24379921.1,3.46,2.31,0.24,3.57
2010-04-21,002137,10.6,10.97,11.1,10.53,33589,36643596.0,5.36,3.1,0.33,5.16
2010-04-22,002137,10.9,11.42,11.7,10.82,85352,97630317.3,8.02,4.1,0.45,13.1
2010-04-23,002137,11.44,11.47,11.72,11.26,59102,67756042.6,4.03,0.44,0.05,9.07
2010-04-26,002137,11.39,11.52,11.81,11.39,61186,71167202.5,3.66,0.44,0.05,9.39
2010-04-27,002137,11.52,11.04,11.6,10.56,45619,50622333.3,9.03,-4.17,-0.48,7.0
2010-04-28,002137,10.95,10.89,11.19,10.64,22718,24909561.8,4.98,-1.36,-0.15,3.49
2010-04-29,002137,11.02,11.98,11.98,11.02,149676,177787884.2,8.82,10.01,1.09,22.98
2010-04-30,002137,11.6,10.78,11.74,10.78,123852,138371802.1,8.01,-10.02,-1.2,19.02
2010-05-04,002137,10.03,10.38,10.58,9.95,47278,48812072.2,5.84,-3.71,-0.4,7.26
2010-05-05,002137,10.34,10.82,10.94,10.16,37557,39917078.2,7.51,4.24,0.44,5.77
2010-05-06,002137,10.73,11.2,11.9,10.73,100227,114475800.6,10.81,3.51,0.38,15.39
2010-05-07,002137,10.85,11.51,11.9,10.28,110611,126388170.7,14.46,2.77,0.31,16.98
2010-05-10,002137,11.52,11.84,12.23,11.31,134588,159989738.3,7.99,2.87,0.33,20.66
2010-05-11,002137,12.0,11.01,12.14,10.66,99909,114084694.2,12.5,-7.01,-0.83,15.34
2010-05-12,002137,10.79,10.31,10.9,10.08,54921,57385765.8,7.45,-6.36,-0.7,8.43
2010-05-13,002137,10.35,10.73,10.75,9.55,52074,52960771.7,11.64,4.07,0.42,8.0
2010-05-14,002137,10.38,11.15,11.15,10.3,68757,74760333.3,7.92,3.91,0.42,10.56
2010-05-17,002137,11.01,10.63,11.4,10.57,90723,101033118.9,7.44,-4.66,-0.52,13.93
2010-05-19,002137,10.82,11.55,11.69,10.65,110564,124762719.5,9.78,8.65,0.92,16.98
2010-05-20,002137,11.35,11.57,11.87,11.2,107762,124912683.5,5.8,0.17,0.02,16.55
2010-05-21,002137,11.25,12.72,12.73,11.02,201000,243640874.8,14.78,9.94,1.15,30.86
2010-05-24,002137,12.5,13.05,13.6,12.48,243863,316374547.2,8.81,2.59,0.33,37.44
2010-05-25,002137,12.7,13.36,13.45,12.63,152102,198816098.0,6.28,2.38,0.31,23.35
2010-05-26,002137,13.12,12.89,13.58,12.85,109221,143724084.4,5.46,-3.52,-0.47,16.77
2010-05-27,002137,12.78,13.48,13.78,12.39,124723,163369719.9,10.78,4.58,0.59,19.15
2010-05-28,002137,13.45,13.12,13.6,12.98,91625,121547510.4,4.6,-2.67,-0.36,14.07
2010-05-31,002137,13.01,12.5,13.1,12.5,71480,91219741.1,4.57,-4.73,-0.62,10.97
2010-06-01,002137,12.39,13.35,13.53,12.15,116031,148200366.1,11.04,6.8,0.85,17.82
2010-06-02,002137,13.15,13.51,13.56,12.78,111820,148602531.1,5.84,1.2,0.16,17.17
2010-06-03,002137,13.52,13.77,14.5,13.38,153808,214859971.7,8.29,1.92,0.26,23.62
2010-06-04,002137,13.59,13.58,14.12,13.4,87687,120557052.1,5.23,-1.38,-0.19,13.46
2010-06-07,002137,13.18,13.25,13.45,12.95,72289,95277602.8,3.68,-2.43,-0.33,11.1
2010-06-08,002137,13.08,13.4,13.76,13.08,68235,91930475.9,5.13,1.13,0.15,10.48
2010-06-09,002137,13.39,13.32,13.69,12.95,87242,116194873.7,5.52,-0.6,-0.08,13.4
2010-06-10,002137,13.35,13.72,13.97,13.26,101108,138481020.6,5.33,3.0,0.4,15.52
2010-06-11,002137,13.79,12.92,13.79,12.86,137118,181021123.3,6.78,-5.83,-0.8,21.05
2010-06-17,002137,12.84,12.64,13.1,12.63,63397,81720689.9,3.64,-2.17,-0.28,2.47
2010-06-18,002137,12.6,12.0,12.72,11.85,72190,88086669.2,6.88,-5.06,-0.64,2.81
2010-06-21,002137,11.66,12.36,12.49,11.66,51751,63263516.0,6.92,3.0,0.36,2.01
2010-06-22,002137,12.3,12.3,12.52,12.25,35226,43517068.5,2.18,-0.49,-0.06,1.37
2010-06-23,002137,12.26,12.45,12.52,12.12,35041,43279002.9,3.25,1.22,0.15,1.36
2010-06-24,002137,12.46,12.37,12.57,12.24,32595,40428677.4,2.65,-0.64,-0.08,1.27
2010-06-25,002137,12.34,12.01,12.45,11.8,33583,40598114.0,5.25,-2.91,-0.36,1.31
2010-06-28,002137,12.01,12.09,12.35,11.95,25495,31069336.7,3.33,0.67,0.08,0.99
2010-06-29,002137,12.1,10.88,12.21,10.88,54663,61570989.6,11.0,-10.01,-1.21,2.13
2010-06-30,002137,10.45,10.24,10.77,10.2,34151,35314648.4,5.24,-5.88,-0.64,1.33
2010-07-01,002137,10.25,10.24,10.51,10.2,26935,27854698.5,3.03,0.0,0.0,1.05
2010-07-02,002137,10.35,10.03,10.45,9.38,40485,40006398.3,10.45,-2.05,-0.21,1.58
2010-07-05,002137,9.8,10.0,10.06,9.69,28268,28042684.7,3.69,-0.3,-0.03,1.1
2010-07-06,002137,9.8,10.29,10.37,9.8,30941,31537539.1,5.7,2.9,0.29,1.2
2010-07-07,002137,10.29,10.34,10.37,10.1,29253,29971897.4,2.62,0.49,0.05,1.14
2010-07-08,002137,10.48,10.15,10.5,10.07,25476,26053519.3,4.16,-1.84,-0.19,0.99
2010-07-09,002137,10.2,10.39,10.5,9.94,44067,45300784.3,5.52,2.36,0.24,1.72
2010-07-12,002137,10.45,10.89,10.98,10.45,53589,57736524.0,5.1,4.81,0.5,2.09
2010-07-13,002137,10.76,10.75,11.08,10.65,49032,53240438.5,3.95,-1.29,-0.14,1.91
2010-07-14,002137,10.78,10.93,10.99,10.65,35021,37982146.8,3.16,1.67,0.18,1.36
2010-07-15,002137,10.88,10.4,10.92,10.4,30709,32769805.6,4.76,-4.85,-0.53,1.2
2010-07-16,002137,10.36,10.42,10.42,10.04,24760,25326946.6,3.65,0.19,0.02,0.96
2010-07-19,002137,10.42,10.63,10.67,10.23,21580,22739613.8,4.22,2.02,0.21,0.84
2010-07-20,002137,11.38,11.2,11.46,10.99,71777,80157182.6,4.42,5.36,0.57,2.79
2010-07-21,002137,11.2,11.08,11.25,10.91,51319,56874617.8,3.04,-1.07,-0.12,2.0
2010-07-22,002137,11.05,11.23,11.3,10.97,60818,67760495.5,2.98,1.35,0.15,2.37
2010-07-23,002137,11.27,11.06,11.3,10.92,43601,48237325.4,3.38,-1.51,-0.17,1.7
2010-07-26,002137,11.01,11.11,11.16,10.95,35197,38946189.0,1.9,0.45,0.05,1.37
2010-07-28,002137,11.17,11.37,11.45,11.11,60780,68896303.1,3.06,2.34,0.26,2.37
2010-07-29,002137,11.39,11.35,11.39,11.12,47501,53512789.6,2.37,-0.18,-0.02,1.85
2010-07-30,002137,11.36,11.25,11.36,11.12,34807,39022527.1,2.11,-0.88,-0.1,1.36
2010-08-02,002137,11.2,11.49,11.5,11.2,53108,60396056.8,2.67,2.13,0.24,2.07
2010-08-03,002137,11.49,11.23,11.65,11.23,49862,57068609.3,3.66,-2.26,-0.26,1.94
2010-08-04,002137,11.2,11.21,11.28,10.92,42969,47739938.6,3.21,-0.18,-0.02,1.67
2010-08-05,002137,11.2,11.26,11.43,11.1,36191,40953884.1,2.94,0.45,0.05,1.41
2010-08-06,002137,11.26,11.46,11.47,11.06,49490,55992593.4,3.64,1.78,0.2,1.93
2010-08-09,002137,11.44,11.9,11.93,11.39,75964,89108180.6,4.71,3.84,0.44,2.96
2010-08-10,002137,11.83,11.36,12.09,11.36,65103,76168023.0,6.13,-4.54,-0.54,2.53
2010-08-11,002137,11.3,11.55,11.6,11.25,32500,37198669.1,3.08,1.67,0.19,1.27
2010-08-12,002137,11.5,11.2,11.56,11.2,32601,37025013.6,3.12,-3.03,-0.35,1.27
2010-08-13,002137,11.15,11.49,11.49,11.08,34698,39115891.9,3.66,2.59,0.29,1.35
2010-08-16,002137,11.5,11.68,11.8,11.47,50004,58406816.0,2.87,1.65,0.19,1.95
2010-08-17,002137,11.7,11.87,11.87,11.53,51047,59638383.4,2.91,1.63,0.19,1.99
2010-08-18,002137,11.87,11.91,11.95,11.65,51142,60500658.2,2.53,0.34,0.04,1.99
2010-08-19,002137,11.95,12.02,12.08,11.78,53147,63680833.6,2.52,0.92,0.11,2.07
2010-08-20,002137,12.03,11.61,12.05,11.61,45941,54034053.0,3.66,-3.41,-0.41,1.79
2010-08-23,002137,11.6,12.11,12.18,11.59,67103,80430388.2,5.08,4.31,0.5,2.61
2010-08-24,002137,12.2,12.16,12.36,11.97,61108,74490588.5,3.22,0.41,0.05,2.38
2010-08-25,002137,12.1,11.83,12.15,11.78,35765,42640703.3,3.04,-2.71,-0.33,1.39
2010-08-26,002137,11.84,11.95,12.15,11.84,33189,39801854.2,2.62,1.01,0.12,1.29
2010-08-27,002137,11.96,11.73,11.96,11.65,27874,32730496.3,2.59,-1.84,-0.22,1.09
2010-08-30,002137,11.83,12.06,12.06,11.81,42196,50521832.6,2.13,2.81,0.33,1.64
2010-08-31,002137,12.06,12.88,13.0,11.97,121880,152909905.6,8.54,6.8,0.82,4.75
2010-09-01,002137,12.8,12.48,12.97,12.35,65665,82809160.8,4.81,-3.11,-0.4,2.56
2010-09-02,002137,12.59,12.55,12.92,12.42,55771,70851113.4,4.01,0.56,0.07,2.17
2010-09-03,002137,12.51,12.63,12.81,12.25,87843,110118353.4,4.46,0.64,0.08,3.42
2010-09-06,002137,12.66,12.4,12.78,12.34,48007,59984602.0,3.48,-1.82,-0.23,1.87
2010-09-07,002137,12.4,12.38,12.42,12.05,46132,56486190.1,2.98,-0.16,-0.02,1.8
2010-09-08,002137,12.41,12.7,12.77,12.3,75018,94222255.2,3.8,2.58,0.32,2.92
2010-09-09,002137,12.7,12.16,12.78,12.0,65893,82097940.7,6.14,-4.25,-0.54,2.57
2010-09-10,002137,12.17,12.3,12.37,12.0,38413,47040007.6,3.04,1.15,0.14,1.5
2010-09-14,002137,12.52,12.42,12.59,12.34,47156,58805812.6,2.03,0.98,0.12,1.84
2010-09-15,002137,12.4,12.21,12.66,12.13,47806,59766920.0,4.27,-1.69,-0.21,1.86
2010-09-16,002137,12.21,11.67,12.26,11.26,47608,55828645.3,8.19,-4.42,-0.54,1.85
2010-09-17,002137,11.55,11.27,11.75,11.18,28456,32527084.8,4.88,-3.43,-0.4,1.11
2010-09-20,002137,11.26,11.04,11.37,10.95,22184,24571039.3,3.73,-2.04,-0.23,0.86
2010-09-21,002137,11.07,11.14,11.29,11.03,12601,14058100.9,2.36,0.91,0.1,0.49
2010-09-27,002137,11.2,11.46,11.46,11.15,15438,17515145.1,2.78,2.87,0.32,0.6
2010-09-28,002137,11.45,11.29,11.46,11.19,17040,19279463.3,2.36,-1.48,-0.17,0.66
2010-09-29,002137,11.29,10.94,11.29,10.94,18115,20105565.1,3.1,-3.1,-0.35,0.71
2010-09-30,002137,10.89,11.05,11.09,10.7,12668,13846154.5,3.56,1.01,0.11,0.49
2010-10-08,002137,11.1,11.33,11.39,11.1,21294,24018275.0,2.62,2.53,0.28,0.83
2010-10-11,002137,11.33,11.35,11.58,11.3,28501,32572567.6,2.47,0.18,0.02,1.11
2010-10-12,002137,11.4,11.56,11.72,11.35,26435,30598320.9,3.26,1.85,0.21,1.03
2010-10-13,002137,11.56,11.62,11.7,11.35,25219,29008186.2,3.03,0.52,0.06,0.98
2010-10-14,002137,11.67,10.9,11.67,10.9,37995,42650020.8,6.63,-6.2,-0.72,1.48
2010-10-15,002137,10.92,10.62,11.1,10.58,40435,43776996.5,4.77,-2.57,-0.28,1.57
2010-10-18,002137,10.58,10.28,10.58,9.91,39542,40293799.2,6.31,-3.2,-0.34,1.54
2010-10-19,002137,10.28,10.95,11.03,10.28,33349,35612348.7,7.3,6.52,0.67,1.3
2010-10-20,002137,10.77,10.8,10.99,10.62,27253,29432118.2,3.38,-1.37,-0.15,1.06
2010-10-21,002137,10.9,10.92,10.99,10.77,18417,19994121.4,2.04,1.11,0.12,0.72
2010-10-22,002137,10.97,11.03,11.06,10.78,22299,24440862.3,2.56,1.01,0.11,0.87
2010-10-25,002137,11.07,11.21,11.39,11.07,35026,39342068.1,2.9,1.63,0.18,1.36
2010-10-26,002137,11.28,11.34,11.36,11.06,41725,46893866.8,2.68,1.16,0.13,1.62
2010-10-27,002137,11.32,11.2,11.55,11.14,40764,46384826.5,3.62,-1.23,-0.14,1.59
2010-10-28,002137,11.11,11.98,12.32,11.11,103097,121893950.0,10.8,6.96,0.78,4.01
2010-10-29,002137,11.91,11.9,12.1,11.66,64644,76850186.1,3.67,-0.67,-0.08,2.52
2010-11-01,002137,11.9,12.21,12.25,11.72,71415,85873379.7,4.45,2.61,0.31,2.78
2010-11-02,002137,12.21,12.0,12.49,12.0,68227,83531887.2,4.01,-1.72,-0.21,2.66
2010-11-03,002137,11.91,11.68,11.98,11.63,32952,38854036.7,2.92,-2.67,-0.32,1.28
2010-11-04,002137,11.7,11.88,11.88,11.7,26481,31284659.4,1.54,1.71,0.2,1.03
2010-11-05,002137,11.92,12.18,12.2,11.76,44114,52891813.9,3.7,2.53,0.3,1.72
2010-11-08,002137,12.2,12.36,12.42,12.08,52609,64720212.5,2.79,1.48,0.18,2.05
2010-11-09,002137,12.36,12.19,12.5,12.08,41110,50351004.3,3.4,-1.38,-0.17,1.6
2010-11-10,002137,12.2,12.48,12.59,12.03,66927,82599070.4,4.59,2.38,0.29,2.61
2010-11-11,002137,12.41,12.11,12.66,12.1,66826,83014023.9,4.49,-2.96,-0.37,2.6
2010-11-15,002137,11.25,11.69,11.71,11.18,47786,54675291.0,4.38,-3.47,-0.42,1.86
2010-11-16,002137,11.78,10.99,11.8,10.9,34130,38755381.9,7.7,-5.99,-0.7,1.33
2010-11-17,002137,10.86,10.68,11.15,10.56,21285,23152443.6,5.37,-2.82,-0.31,0.83
2010-11-18,002137,10.74,10.91,10.97,10.69,16482,17853242.8,2.62,2.15,0.23,0.64
2010-11-19,002137,11.05,11.36,11.59,10.95,37088,41903457.7,5.87,4.12,0.45,1.44
2010-11-22,002137,11.4,11.96,12.28,11.3,67860,80652589.7,8.63,5.28,0.6,2.64
2010-11-23,002137,11.82,11.82,11.95,11.3,42171,49189476.9,5.43,-1.17,-0.14,1.64
2010-11-24,002137,11.7,12.16,12.25,11.6,52719,63501809.1,5.5,2.88,0.34,2.05
2010-11-25,002137,12.16,12.0,12.28,11.9,43085,51979770.4,3.13,-1.32,-0.16,1.68
2010-11-26,002137,11.95,12.11,12.13,11.82,32769,39199130.5,2.58,0.92,0.11,1.28
2010-11-29,002137,12.09,12.09,12.34,12.01,53376,65120438.2,2.73,-0.17,-0.02,2.08
2010-11-30,002137,12.15,11.56,12.22,11.05,46068,53533509.6,9.68,-4.38,-0.53,1.79
2010-12-01,002137,11.52,11.54,11.72,11.23,26376,30089802.6,4.24,-0.17,-0.02,1.03
2010-12-02,002137,11.65,12.24,12.5,11.56,77474,93939921.8,8.15,6.07,0.7,3.02
2010-12-03,002137,12.15,12.35,12.48,12.02,73019,89729275.7,3.76,0.9,0.11,2.84
2010-12-06,002137,12.41,12.02,12.41,11.83,42768,51579901.7,4.7,-2.67,-0.33,1.67
2010-12-07,002137,11.9,12.56,12.56,11.58,59328,72162072.1,8.15,4.49,0.54,2.31
2010-12-08,002137,12.5,12.46,12.77,12.35,77820,97829180.4,3.34,-0.8,-0.1,3.03
2010-12-09,002137,12.3,11.96,12.36,11.9,41738,50660804.3,3.69,-4.01,-0.5,1.62
2010-12-10,002137,11.78,12.1,12.25,11.61,32805,39234829.3,5.35,1.17,0.14,1.28
2010-12-13,002137,12.11,12.63,12.69,12.11,73982,92244464.1,4.79,4.38,0.53,2.88
2010-12-14,002137,12.55,12.72,12.98,12.41,91022,115851832.0,4.51,0.71,0.09,3.54
2010-12-15,002137,12.72,12.7,12.78,12.45,53053,67017122.7,2.59,-0.16,-0.02,2.07
2010-12-16,002137,12.66,12.84,13.29,12.6,87925,114633142.2,5.43,1.1,0.14,3.42
2010-12-17,002137,12.65,12.96,12.99,12.52,46604,59453189.2,3.66,0.93,0.12,1.81
2010-12-20,002137,13.0,13.23,13.42,12.5,97480,127198253.5,7.1,2.08,0.27,3.8
2010-12-21,002137,13.2,13.27,13.47,13.0,77499,102684287.6,3.55,0.3,0.04,3.02
2010-12-22,002137,13.24,12.88,13.24,12.8,54803,71417209.8,3.32,-2.94,-0.39,2.13
2010-12-23,002137,12.74,12.46,12.97,12.45,42898,54353613.6,4.04,-3.26,-0.42,1.67
2010-12-24,002137,12.44,12.27,12.57,12.11,32884,40493401.4,3.69,-1.52,-0.19,1.28
2010-12-27,002137,12.27,11.81,12.63,11.74,34104,41827167.6,7.25,-3.75,-0.46,1.33
2010-12-28,002137,11.82,11.77,12.09,11.64,29963,35497544.9,3.81,-0.34,-0.04,1.17
2010-12-29,002137,11.76,12.08,12.1,11.76,28750,34416017.0,2.89,2.63,0.31,1.12
2010-12-30,002137,12.11,11.9,12.16,11.83,28950,34711903.3,2.73,-1.49,-0.18,1.13
2010-12-31,002137,11.84,12.15,12.17,11.84,28354,34067118.1,2.77,2.1,0.25,1.1
2011-01-04,002137,12.18,12.4,12.44,12.07,29626,36434437.2,3.05,2.06,0.25,1.15
2011-01-05,002137,12.4,12.33,12.4,12.2,21221,26114121.9,1.61,-0.56,-0.07,0.83
2011-01-06,002137,12.29,12.0,12.45,11.99,27993,33990351.0,3.73,-2.68,-0.33,1.09
2011-01-07,002137,12.04,12.17,12.32,12.04,24747,30140820.9,2.33,1.42,0.17,0.96
2011-01-10,002137,12.13,12.21,12.44,12.12,33271,40904618.8,2.63,0.33,0.04,1.3
2011-01-11,002137,12.17,11.54,12.17,11.39,33445,38916001.5,6.39,-5.49,-0.67,1.3
2011-01-12,002137,11.56,11.6,11.67,11.33,19525,22428505.6,2.95,0.52,0.06,0.76
2011-01-13,002137,11.61,11.54,11.74,11.5,10348,11986114.4,2.07,-0.52,-0.06,0.4
2011-01-14,002137,11.54,11.05,11.56,11.0,19091,21319114.4,4.85,-4.25,-0.49,0.74
2011-01-17,002137,11.0,10.6,11.05,10.52,17421,18594892.2,4.8,-4.07,-0.45,0.68
2011-01-18,002137,10.68,10.77,10.79,10.53,7925,8478594.7,2.45,1.6,0.17,0.31
2011-01-19,002137,10.77,10.95,10.96,10.6,15925,17187066.2,3.34,1.67,0.18,0.62
2011-01-20,002137,10.95,10.27,10.95,10.26,18410,19418363.0,6.3,-6.21,-0.68,0.72
2011-01-21,002137,10.27,10.35,10.45,10.2,12281,12707215.0,2.43,0.78,0.08,0.48
2011-01-24,002137,10.39,10.04,10.45,9.99,13658,13874090.8,4.44,-3.0,-0.31,0.53
2011-01-25,002137,10.0,10.08,10.14,9.91,7394,7420084.6,2.29,0.4,0.04,0.29
2011-01-26,002137,10.09,10.24,10.28,10.08,7161,7302462.1,1.98,1.59,0.16,0.28
2011-01-27,002137,10.2,10.33,10.38,10.11,10046,10357712.8,2.64,0.88,0.09,0.39
2011-01-28,002137,10.42,10.46,10.5,10.26,11236,11669439.4,2.32,1.26,0.13,0.44
2011-01-31,002137,10.45,10.49,10.56,10.3,13386,13972313.8,2.49,0.29,0.03,0.52
2011-02-01,002137,10.49,10.53,10.56,10.43,10494,11024753.5,1.24,0.38,0.04,0.41
2011-02-09,002137,10.43,10.25,10.55,10.25,12323,12815071.0,2.85,-2.66,-0.28,0.48
2011-02-10,002137,10.25,10.66,10.75,10.25,14234,14992312.6,4.88,4.0,0.41,0.55
2011-02-11,002137,10.67,10.75,10.88,10.61,16537,17814282.4,2.53,0.84,0.09,0.64
2011-02-14,002137,10.75,10.9,10.99,10.72,19937,21676374.7,2.51,1.4,0.15,0.78
2011-02-15,002137,10.93,10.94,11.05,10.82,22454,24614378.7,2.11,0.37,0.04,0.87
2011-02-16,002137,10.9,11.17,11.18,10.88,21688,24055829.9,2.74,2.1,0.23,0.84
2011-02-17,002137,11.28,11.19,11.3,11.0,18619,20681104.6,2.69,0.18,0.02,0.72
2011-02-18,002137,11.19,11.06,11.19,11.03,14670,16267722.8,1.43,-1.16,-0.13,0.57
2011-02-21,002137,11.0,11.2,11.24,10.98,17644,19644676.6,2.35,1.27,0.14,0.69
2011-02-22,002137,11.3,10.76,11.3,10.75,25983,28473048.2,4.91,-3.93,-0.44,1.01
2011-02-23,002137,10.78,10.85,10.88,10.7,15423,16648127.3,1.67,0.84,0.09,0.6
2011-02-24,002137,10.85,11.15,11.18,10.7,22162,24336127.6,4.42,2.76,0.3,0.86
2011-02-25,002137,11.1,11.17,11.25,11.03,16434,18307874.2,1.97,0.18,0.02,0.64
2011-02-28,002137,11.21,11.24,11.28,11.08,18645,20892640.2,1.79,0.63,0.07,0.73
2011-03-01,002137,11.26,11.18,11.28,11.13,18650,20877576.9,1.33,-0.53,-0.06,0.73
2011-03-02,002137,11.18,11.08,11.18,10.87,19796,21800165.1,2.77,-0.89,-0.1,0.77
2011-03-03,002137,11.06,11.31,11.4,11.01,45501,51199823.2,3.52,2.08,0.23,1.77
2011-03-04,002137,11.3,11.33,11.35,11.15,21547,24251660.4,1.77,0.18,0.02,0.84
2011-03-07,002137,11.33,11.34,11.39,11.22,29962,33908353.7,1.5,0.09,0.01,1.17
2011-03-08,002137,11.34,11.44,11.54,11.3,30077,34378607.1,2.12,0.88,0.1,1.17
2011-03-09,002137,11.31,11.27,11.44,11.18,24443,27559402.3,2.27,-1.49,-0.17,0.95
2011-03-10,002137,11.27,11.18,11.28,11.15,18695,20938570.0,1.15,-0.8,-0.09,0.73
2011-03-11,002137,11.08,11.05,11.2,11.02,23568,26151975.5,1.61,-1.16,-0.13,0.92
2011-03-14,002137,10.93,11.19,11.2,10.93,28467,31570270.7,2.44,1.27,0.14,1.11
2011-03-15,002137,11.22,10.98,11.27,10.72,26173,28838775.4,4.92,-1.88,-0.21,1.02
2011-03-16,002137,11.0,11.27,11.27,10.98,24294,27143037.6,2.64,2.64,0.29,0.95
2011-03-17,002137,11.19,11.16,11.47,11.0,31683,35815603.9,4.17,-0.98,-0.11,1.23
2011-03-18,002137,11.23,11.4,11.45,11.17,30740,34980909.8,2.51,2.15,0.24,1.2
2011-03-21,002137,11.38,11.2,11.44,11.12,23177,26122972.9,2.81,-1.75,-0.2,0.9
2011-03-22,002137,11.21,11.15,11.3,11.0,15139,16801728.6,2.68,-0.45,-0.05,0.59
2011-03-23,002137,11.13,11.36,11.38,11.02,22279,24968222.3,3.23,1.88,0.21,0.87
2011-03-24,002137,11.38,11.43,11.48,11.26,26462,30134407.7,1.94,0.62,0.07,1.03
2011-03-25,002137,11.41,11.64,11.8,11.33,50776,59120441.8,4.11,1.84,0.21,1.98
2011-03-28,002137,11.65,11.65,11.89,11.56,32249,37784585.8,2.84,0.09,0.01,1.26
2011-03-29,002137,11.65,11.86,12.22,11.6,64987,77790644.9,5.32,1.8,0.21,2.53
2011-03-30,002137,11.86,11.9,12.02,11.64,30106,35589629.0,3.2,0.34,0.04,1.17
2011-04-01,002137,11.65,11.63,11.72,11.3,25825,29772407.2,3.53,-2.27,-0.27,1.01
2011-04-06,002137,11.54,11.45,11.68,11.38,21746,24981024.8,2.58,-1.55,-0.18,0.85
2011-04-07,002137,11.48,11.95,12.02,11.45,38656,45598920.2,4.98,4.37,0.5,1.5
2011-04-08,002137,11.95,11.91,11.98,11.75,25761,30545860.2,1.92,-0.33,-0.04,1.0
2011-04-11,002137,11.9,11.63,11.92,11.55,25523,29813643.4,3.11,-2.35,-0.28,0.99
2011-04-12,002137,11.59,11.65,11.79,11.53,20463,23823315.3,2.24,0.17,0.02,0.8
2011-04-13,002137,11.6,11.88,12.0,11.5,26276,31029899.1,4.29,1.97,0.23,1.02
2011-04-14,002137,9.94,9.7,9.97,9.59,34499,33531275.2,3.2,-18.35,-2.18,1.12
2011-04-15,002137,9.7,9.67,9.75,9.44,29532,28250170.3,3.2,-0.31,-0.03,0.96
2011-04-18,002137,9.7,9.92,9.94,9.5,39781,38879158.8,4.55,2.59,0.25,1.29
2011-04-19,002137,9.92,9.81,9.92,9.6,27770,27026647.8,3.23,-1.11,-0.11,0.9
2011-04-20,002137,10.0,9.98,10.0,9.75,46563,46004698.1,2.55,1.73,0.17,1.51
2011-04-21,002137,9.89,9.95,10.15,9.88,35618,35609884.3,2.71,-0.3,-0.03,1.16
2011-04-22,002137,9.95,9.75,10.01,9.64,32739,31898747.6,3.72,-2.01,-0.2,1.06
2011-04-25,002137,9.73,9.19,9.73,9.19,24403,23010394.8,5.54,-5.74,-0.56,0.79
2011-04-26,002137,9.16,9.5,9.55,9.0,26613,24499699.2,5.98,3.37,0.31,0.86
2011-04-27,002137,9.4,9.28,9.51,9.2,12636,11827408.1,3.26,-2.32,-0.22,0.41
2011-04-28,002137,9.27,8.86,9.43,8.83,14039,12851101.0,6.47,-4.53,-0.42,0.46
2011-04-29,002137,8.88,9.05,9.12,8.81,11265,10092858.1,3.5,2.14,0.19,0.37
2011-05-03,002137,9.12,9.2,9.2,9.03,8291,7565527.4,1.88,1.66,0.15,0.27
2011-05-04,002137,9.15,8.82,9.15,8.76,13712,12248417.8,4.24,-4.13,-0.38,0.44
2011-05-05,002137,8.8,8.9,8.97,8.75,10763,9568726.3,2.49,0.91,0.08,0.35
2011-05-06,002137,8.85,8.9,8.94,8.75,9896,8778284.7,2.13,0.0,0.0,0.32
2011-05-09,002137,8.9,9.03,9.08,8.89,13045,11732551.6,2.13,1.46,0.13,0.42
2011-05-10,002137,9.0,9.02,9.11,8.95,11832,10678837.4,1.77,-0.11,-0.01,0.38
2011-05-11,002137,9.05,9.15,9.18,8.97,16064,14583259.9,2.33,1.44,0.13,0.52
2011-05-12,002137,9.1,9.1,9.28,9.04,15314,14030147.1,2.62,-0.55,-0.05,0.5
2011-05-13,002137,9.09,9.15,9.17,8.99,12797,11603395.0,1.98,0.55,0.05,0.42
2011-05-16,002137,9.15,9.07,9.23,9.05,9709,8842482.9,1.97,-0.87,-0.08,0.31
2011-05-17,002137,9.07,9.04,9.14,8.95,10692,9667498.4,2.09,-0.33,-0.03,0.35
2011-05-18,002137,9.04,9.1,9.11,9.01,12661,11476604.7,1.11,0.66,0.06,0.41
2011-05-19,002137,9.14,9.1,9.3,9.1,16772,15426263.8,2.2,0.0,0.0,0.54
2011-05-20,002137,9.08,9.34,9.44,9.02,34993,32530430.1,4.62,2.64,0.24,1.14
2011-05-23,002137,9.34,9.2,9.47,9.12,28848,26897414.2,3.75,-1.5,-0.14,0.94
2011-05-24,002137,9.08,9.6,9.71,9.0,55488,52618230.1,7.72,4.35,0.4,1.8
2011-05-25,002137,9.58,9.62,9.78,9.4,30335,29044636.2,3.96,0.21,0.02,0.98
2011-05-26,002137,9.62,9.89,10.3,9.56,110443,109829784.3,7.69,2.81,0.27,3.58
2011-05-27,002137,9.7,9.25,9.77,8.91,59958,56105481.1,8.7,-6.47,-0.64,1.95
2011-05-30,002137,9.0,9.5,9.55,8.8,50822,46454943.1,8.11,2.7,0.25,1.65
2011-05-31,002137,9.82,9.94,10.2,9.41,112975,110626816.4,8.32,4.63,0.44,3.67
2011-06-01,002137,10.0,9.83,10.3,9.69,146299,145717397.3,6.14,-1.11,-0.11,4.75
2011-06-02,002137,9.51,9.37,9.57,9.08,78853,73263304.2,4.98,-4.68,-0.46,2.56
2011-06-07,002137,9.73,9.89,10.25,9.73,105088,105018277.9,5.55,5.55,0.52,3.41
2011-06-08,002137,9.64,10.3,10.49,9.54,147236,148466663.0,9.61,4.15,0.41,4.78
2011-06-09,002137,10.15,10.06,10.3,9.95,82629,83553968.0,3.4,-2.33,-0.24,2.68
2011-06-10,002137,10.05,10.44,10.55,9.85,136543,140376252.8,6.96,3.78,0.38,4.43
2011-06-13,002137,10.3,10.32,10.53,10.05,89069,91646292.9,4.6,-1.15,-0.12,2.89
2011-06-14,002137,10.32,10.31,10.44,10.08,81076,83337757.0,3.49,-0.1,-0.01,2.63
2011-06-15,002137,10.21,9.9,10.3,9.85,85238,85786636.6,4.36,-3.98,-0.41,2.77
2011-06-16,002137,9.75,9.27,9.82,9.11,69816,66256207.4,7.17,-6.36,-0.63,2.27
2011-06-17,002137,9.16,8.95,9.26,8.92,36141,32931430.2,3.67,-3.45,-0.32,1.17
2011-06-20,002137,8.93,9.0,9.08,8.83,25575,22877661.0,2.79,0.56,0.05,0.83
2011-06-21,002137,8.95,9.05,9.1,8.95,20454,18462881.4,1.67,0.56,0.05,0.66
2011-06-22,002137,9.06,8.86,9.09,8.86,22316,20049432.5,2.54,-2.1,-0.19,0.72
2011-06-23,002137,8.84,8.84,8.89,8.37,52833,45432614.7,5.87,-0.23,-0.02,1.71
2011-06-24,002137,8.72,9.0,9.09,8.7,41777,37323378.8,4.41,1.81,0.16,1.36
2011-06-27,002137,8.95,9.17,9.32,8.93,39919,36632138.2,4.33,1.89,0.17,1.3
2011-06-28,002137,9.11,9.22,9.25,9.1,22872,20977404.8,1.64,0.55,0.05,0.74
2011-06-29,002137,9.21,9.01,9.27,9.01,25746,23517685.7,2.82,-2.28,-0.21,0.84
2011-06-30,002137,9.0,9.09,9.15,9.0,22723,20614337.3,1.66,0.89,0.08,0.74
2011-07-01,002137,9.05,9.08,9.18,9.02,20030,18215036.0,1.76,-0.11,-0.01,0.65
2011-07-04,002137,9.08,9.25,9.25,9.08,31457,28878970.1,1.87,1.87,0.17,1.02
2011-07-05,002137,9.25,9.5,9.53,9.18,56010,52502854.0,3.78,2.7,0.25,1.82
2011-07-06,002137,9.5,9.69,9.75,9.5,60490,58253122.0,2.63,2.0,0.19,1.96
2011-07-07,002137,9.64,9.56,9.74,9.52,39676,38200251.1,2.27,-1.34,-0.13,1.29
2011-07-08,002137,9.57,9.63,9.74,9.48,29934,28831752.1,2.72,0.73,0.07,0.97
2011-07-11,002137,9.57,9.72,9.83,9.55,30719,29926716.9,2.91,0.93,0.09,1.0
2011-07-12,002137,9.6,9.66,9.8,9.5,30847,29671774.6,3.09,-0.62,-0.06,1.0
2011-07-13,002137,9.66,9.92,9.97,9.56,46729,45610033.7,4.24,2.69,0.26,1.52
2011-07-14,002137,9.99,9.88,10.0,9.79,36620,36298208.9,2.12,-0.4,-0.04,1.19
2011-07-15,002137,9.86,10.16,10.34,9.85,122776,124900547.7,4.96,2.83,0.28,3.98
2011-07-18,002137,10.27,10.4,10.46,10.02,104147,106894383.9,4.33,2.36,0.24,3.38
2011-07-19,002137,10.53,10.37,10.53,10.07,125843,129161339.7,4.42,-0.29,-0.03,4.08
2011-07-20,002137,10.26,10.35,10.67,10.11,167882,174849903.7,5.4,-0.19,-0.02,5.45
2011-07-21,002137,10.35,10.32,10.54,10.13,126080,130550066.3,3.96,-0.29,-0.03,4.09
2011-07-22,002137,10.4,10.71,11.16,10.22,187316,199535423.7,9.11,3.78,0.39,6.08
2011-07-25,002137,10.73,10.58,10.75,10.28,159428,168500754.2,4.39,-1.21,-0.13,5.17
2011-07-26,002137,10.65,10.86,10.93,10.35,172078,183648556.0,5.48,2.65,0.28,5.58
2011-07-27,002137,10.75,10.91,11.1,10.58,158620,172042797.0,4.79,0.46,0.05,5.15
2011-07-28,002137,10.92,10.36,11.19,10.27,140532,149605071.8,8.43,-5.04,-0.55,4.56
2011-07-29,002137,10.46,9.81,10.46,9.77,105312,105605473.6,6.66,-5.31,-0.55,3.42
2011-08-01,002137,9.74,9.87,9.92,9.68,38848,38148526.6,2.45,0.61,0.06,1.26
2011-08-02,002137,9.79,9.76,9.79,9.41,44469,42576938.0,3.85,-1.11,-0.11,1.44
2011-08-03,002137,9.6,9.66,9.81,9.47,27398,26542654.6,3.48,-1.02,-0.1,0.89
2011-08-04,002137,9.66,9.79,9.88,9.66,28826,28275910.7,2.28,1.35,0.13,0.93
2011-08-05,002137,9.5,9.25,9.54,9.15,36284,34107900.6,3.98,-5.52,-0.54,1.18
2011-08-08,002137,9.21,8.57,9.21,8.33,58195,50816524.2,9.51,-7.35,-0.68,1.89
2011-08-09,002137,8.05,8.53,8.65,8.05,35328,29634694.0,7.0,-0.47,-0.04,1.15
2011-08-10,002137,8.7,8.67,8.93,8.65,43693,38443487.1,3.28,1.64,0.14,1.42
2011-08-11,002137,8.5,8.7,8.78,8.31,39153,33939697.7,5.42,0.35,0.03,1.27
2011-08-12,002137,8.76,8.73,8.92,8.71,29274,25835798.0,2.41,0.34,0.03,0.95
2011-08-15,002137,8.78,9.01,9.11,8.78,47277,42446064.0,3.78,3.21,0.28,1.53
2011-08-16,002137,9.04,8.92,9.09,8.9,22815,20454448.0,2.11,-1.0,-0.09,0.74
2011-08-17,002137,8.9,8.93,8.98,8.81,18806,16746424.0,1.91,0.11,0.01,0.61
2011-08-18,002137,8.92,8.67,8.93,8.63,25789,22552201.0,3.36,-2.91,-0.26,0.84
2011-08-19,002137,8.43,8.43,8.52,8.35,23521,19830291.0,1.96,-2.77,-0.24,0.76
2011-08-22,002137,8.43,8.71,8.71,8.36,40063,34162188.0,4.15,3.32,0.28,1.3
2011-08-23,002137,8.68,8.96,8.97,8.65,35452,31443016.0,3.67,2.87,0.25,1.15
2011-08-24,002137,9.0,9.08,9.14,8.95,31136,28159979.0,2.12,1.34,0.12,1.01
2011-08-25,002137,9.05,9.44,9.85,8.97,103644,97106042.0,9.69,3.96,0.36,3.36
2011-08-26,002137,9.47,9.4,9.65,9.23,82554,77618968.0,4.45,-0.42,-0.04,2.68
2011-08-29,002137,9.42,9.06,9.47,8.98,62832,57719410.0,5.21,-3.62,-0.34,2.04
2011-08-30,002137,9.11,9.0,9.23,8.95,32387,29416353.0,3.09,-0.66,-0.06,1.05
2011-08-31,002137,9.0,8.87,9.06,8.71,19664,17378263.0,3.89,-1.44,-0.13,0.64
2011-09-01,002137,8.87,8.88,8.94,8.73,14782,13103697.0,2.37,0.11,0.01,0.48
2011-09-02,002137,8.7,8.67,8.88,8.6,13673,11874606.0,3.15,-2.36,-0.21,0.44
2011-09-05,002137,8.6,8.35,8.6,8.32,16440,13812421.0,3.23,-3.69,-0.32,0.53
2011-09-06,002137,8.25,8.35,8.43,8.2,11013,9191278.0,2.75,0.0,0.0,0.36
2011-09-07,002137,8.38,8.62,8.62,8.38,15967,13561620.0,2.87,3.23,0.27,0.52
2011-09-08,002137,8.68,8.42,8.72,8.42,13188,11319676.0,3.48,-2.32,-0.2,0.43
2011-09-09,002137,8.4,8.39,8.6,8.32,9432,7958268.0,3.33,-0.36,-0.03,0.31
2011-09-14,002137,8.39,8.44,8.45,8.12,18402,15269690.0,3.93,0.6,0.05,0.6
2011-09-15,002137,8.43,8.38,8.55,8.38,14225,12045221.0,2.01,-0.71,-0.06,0.46
2011-09-16,002137,8.41,8.41,8.5,8.36,9860,8301487.0,1.67,0.36,0.03,0.32
2011-09-19,002137,8.25,8.17,8.37,8.13,12057,9898337.0,2.85,-2.85,-0.24,0.39
2011-09-20,002137,8.19,8.23,8.26,8.1,8392,6875892.0,1.96,0.73,0.06,0.27
2011-09-21,002137,8.25,8.48,8.55,8.2,19496,16450636.0,4.25,3.04,0.25,0.63
2011-09-22,002137,8.41,8.6,8.67,8.41,41703,35750568.0,3.07,1.42,0.12,1.35
2011-09-23,002137,8.4,8.54,8.55,8.39,12005,10167650.0,1.86,-0.7,-0.06,0.39
2011-09-26,002137,8.54,8.45,8.6,8.36,9286,7874729.0,2.81,-1.05,-0.09,0.3
2011-09-27,002137,8.52,8.49,8.54,8.37,8214,6951060.0,2.01,0.47,0.04,0.27
2011-09-28,002137,8.54,8.4,8.59,8.2,10853,9200224.0,4.59,-1.06,-0.09,0.35
2011-09-29,002137,8.4,7.96,8.41,7.95,12613,10262474.0,5.48,-5.24,-0.44,0.41
2011-09-30,002137,7.91,8.06,8.11,7.7,15599,12346673.0,5.15,1.26,0.1,0.51
2011-10-10,002137,8.02,8.26,8.27,8.0,12278,10032415.0,3.35,2.48,0.2,0.4
2011-10-11,002137,8.43,8.57,8.67,8.25,36481,30903739.0,5.08,3.75,0.31,1.18
2011-10-12,002137,8.59,8.71,8.8,8.4,32509,28162679.0,4.67,1.63,0.14,1.05
2011-10-13,002137,8.66,8.68,8.77,8.6,20437,17727890.0,1.95,-0.34,-0.03,0.66
2011-10-14,002137,8.62,8.6,8.68,8.55,12059,10367084.0,1.5,-0.92,-0.08,0.39
2011-10-17,002137,8.6,8.52,8.64,8.48,11752,10071087.0,1.86,-0.93,-0.08,0.38
2011-10-18,002137,8.5,8.6,8.63,8.45,17003,14488009.0,2.11,0.94,0.08,0.55
2011-10-19,002137,8.6,8.72,8.83,8.27,53624,46138957.0,6.51,1.4,0.12,1.74
2011-10-20,002137,8.65,8.78,8.86,8.55,76887,67123669.0,3.56,0.69,0.06,2.49
2011-10-21,002137,8.71,8.55,8.82,8.51,59940,52071042.0,3.53,-2.62,-0.23,1.94
2011-10-24,002137,8.62,8.63,8.64,8.0,61163,51669571.0,7.49,0.94,0.08,1.98
2011-10-25,002137,8.48,8.77,8.92,8.47,76081,66679899.0,5.21,1.62,0.14,2.47
2011-10-26,002137,8.75,9.02,9.02,8.68,62003,55042128.0,3.88,2.85,0.25,2.01
2011-10-27,002137,9.01,9.07,9.24,8.86,84950,76909433.0,4.21,0.55,0.05,2.76
2011-10-28,002137,9.06,9.3,9.6,8.95,108430,100626310.0,7.17,2.54,0.23,3.52
2011-10-31,002137,9.35,9.31,9.51,9.16,113710,106375031.0,3.76,0.11,0.01,3.69
2011-11-01,002137,9.34,9.39,9.77,9.1,116127,109669363.0,7.2,0.86,0.08,3.77
2011-11-02,002137,9.3,9.43,9.68,9.11,118114,111409648.0,6.07,0.43,0.04,3.83
2011-11-03,002137,9.62,9.28,9.63,9.26,97907,93098736.0,3.92,-1.59,-0.15,3.18
2011-11-04,002137,9.31,9.33,9.47,9.26,67430,63288146.0,2.26,0.54,0.05,2.19
2011-11-07,002137,9.33,9.8,9.98,9.23,133305,128104748.0,8.04,5.04,0.47,4.32
2011-11-08,002137,9.88,9.76,10.18,9.55,139740,137012006.0,6.43,-0.41,-0.04,4.53
2011-11-09,002137,9.81,9.66,9.99,9.54,108797,104956155.0,4.61,-1.02,-0.1,3.53
2011-11-10,002137,9.6,9.14,9.6,9.14,76350,71490233.0,4.76,-5.38,-0.52,2.48
2011-11-11,002137,9.06,9.03,9.21,9.0,47192,42866111.0,2.3,-1.2,-0.11,1.53
2011-11-14,002137,9.06,9.23,9.29,9.06,36085,33159612.0,2.55,2.21,0.2,1.17
2011-11-15,002137,9.17,9.23,9.31,9.17,28212,26038158.0,1.52,0.0,0.0,0.92
2011-11-16,002137,9.2,8.94,9.26,8.91,33012,29939523.0,3.79,-3.14,-0.29,1.07
2011-11-17,002137,8.91,8.98,9.08,8.91,15819,14230284.0,1.9,0.45,0.04,0.51
2011-11-18,002137,8.89,8.63,8.91,8.61,23564,20588047.0,3.34,-3.9,-0.35,0.76
2011-11-21,002137,8.58,8.73,8.79,8.52,15670,13576217.0,3.13,1.16,0.1,0.51
2011-11-22,002137,8.6,8.69,8.78,8.56,10629,9233263.0,2.52,-0.46,-0.04,0.34
2011-11-23,002137,8.63,8.67,8.76,8.63,12684,11021942.0,1.5,-0.23,-0.02,0.41
2011-11-24,002137,8.58,8.48,8.58,8.32,18271,15452274.0,3.0,-2.19,-0.19,0.59
2011-11-25,002137,8.41,8.25,8.5,8.23,14533,12147602.0,3.18,-2.71,-0.23,0.47
2011-11-28,002137,8.25,8.19,8.33,8.15,11303,9296810.0,2.18,-0.73,-0.06,0.37
2011-11-29,002137,8.23,8.37,8.38,8.21,14191,11795659.0,2.08,2.2,0.18,0.46
2011-11-30,002137,8.37,8.02,8.37,7.8,21539,17368050.0,6.81,-4.18,-0.35,0.7
2011-12-01,002137,8.21,8.14,8.32,8.14,22207,18272993.0,2.24,1.5,0.12,0.72
2011-12-02,002137,8.15,7.99,8.15,7.98,12866,10330660.0,2.09,-1.84,-0.15,0.42
2011-12-05,002137,8.0,7.77,8.0,7.75,10469,8191521.0,3.13,-2.75,-0.22,0.34
2011-12-06,002137,7.74,7.84,7.85,7.71,6740,5247154.0,1.8,0.9,0.07,0.22
2011-12-07,002137,7.84,7.98,8.06,7.84,8160,6507977.0,2.81,1.79,0.14,0.26
2011-12-08,002137,7.99,7.99,8.09,7.82,8913,7109710.0,3.38,0.13,0.01,0.29
2011-12-09,002137,7.94,8.01,8.07,7.86,6429,5140561.0,2.63,0.25,0.02,0.21
2011-12-12,002137,8.02,7.79,8.09,7.79,8336,6618852.0,3.75,-2.75,-0.22,0.27
2011-12-13,002137,7.76,7.31,7.76,7.25,15846,11893169.0,6.55,-6.16,-0.48,0.51
2011-12-14,002137,7.32,7.11,7.38,7.06,10845,7846265.0,4.38,-2.74,-0.2,0.35
2011-12-15,002137,7.11,6.65,7.11,6.61,13522,9309739.0,7.03,-6.47,-0.46,0.44
2011-12-16,002137,6.66,6.87,6.89,6.63,10704,7212422.0,3.91,3.31,0.22,0.35
2011-12-19,002137,6.8,6.9,6.93,6.64,10143,6880995.0,4.22,0.44,0.03,0.33
2011-12-20,002137,6.9,6.82,6.98,6.8,11500,7936903.0,2.61,-1.16,-0.08,0.37
2011-12-21,002137,6.85,6.6,6.97,6.6,8574,5835318.0,5.43,-3.23,-0.22,0.28
2011-12-22,002137,6.59,6.25,6.59,5.95,16568,10307587.0,9.7,-5.3,-0.35,0.54
2011-12-23,002137,6.2,6.28,6.4,6.2,8732,5495855.0,3.2,0.48,0.03,0.28
2011-12-26,002137,6.3,6.17,6.37,6.13,6213,3887187.0,3.82,-1.75,-0.11,0.2
2011-12-27,002137,6.19,5.98,6.23,5.98,6559,3987541.0,4.05,-3.08,-0.19,0.21
2011-12-28,002137,5.9,5.96,6.0,5.8,8617,5068251.0,3.34,-0.33,-0.02,0.28
2011-12-29,002137,5.95,5.99,6.03,5.9,7317,4378958.0,2.18,0.5,0.03,0.24
2011-12-30,002137,6.0,6.1,6.13,6.0,8895,5411837.0,2.17,1.84,0.11,0.29
2012-01-04,002137,6.16,5.87,6.18,5.87,8264,5004857.0,5.08,-3.77,-0.23,0.27
2012-01-05,002137,5.83,5.53,5.93,5.52,8096,4621735.0,6.98,-5.79,-0.34,0.26
2012-01-06,002137,5.48,5.64,5.64,5.42,6472,3580691.0,3.98,1.99,0.11,0.21
2012-01-09,002137,5.65,5.88,5.89,5.55,9271,5380201.0,6.03,4.26,0.24,0.3
2012-01-10,002137,5.9,6.14,6.16,5.88,13928,8437525.0,4.76,4.42,0.26,0.45
2012-01-11,002137,6.18,6.11,6.25,6.06,14917,9189810.0,3.09,-0.49,-0.03,0.48
2012-01-12,002137,6.1,6.1,6.22,6.06,9899,6068320.0,2.62,-0.16,-0.01,0.32
2012-01-13,002137,6.1,5.84,6.14,5.82,12120,7183067.0,5.25,-4.26,-0.26,0.39
2012-01-16,002137,5.75,5.61,5.86,5.6,7367,4200767.0,4.45,-3.94,-0.23,0.24
2012-01-17,002137,5.68,5.98,5.98,5.6,10969,6369461.0,6.77,6.6,0.37,0.36
2012-01-18,002137,5.98,5.85,6.11,5.85,13779,8280882.0,4.35,-2.17,-0.13,0.45
2012-01-19,002137,5.86,5.91,5.98,5.8,6972,4117790.0,3.08,1.03,0.06,0.23
2012-01-20,002137,5.95,6.0,6.05,5.9,10166,6089487.0,2.54,1.52,0.09,0.33
2012-01-30,002137,6.01,6.08,6.22,6.01,12568,7691599.0,3.5,1.33,0.08,0.41
2012-01-31,002137,6.08,6.13,6.17,6.06,6124,3751045.0,1.81,0.82,0.05,0.2
2012-02-01,002137,6.16,6.07,6.2,6.07,7668,4704851.0,2.12,-0.98,-0.06,0.25
2012-02-02,002137,6.13,6.19,6.19,6.05,9756,5983418.0,2.31,1.98,0.12,0.32
2012-02-03,002137,6.21,6.36,6.45,6.2,20034,12681726.0,4.04,2.75,0.17,0.65
2012-02-06,002137,6.35,6.32,6.36,6.26,13868,8750398.0,1.57,-0.63,-0.04,0.45
2012-02-07,002137,6.36,6.18,6.36,6.15,10308,6396604.0,3.32,-2.22,-0.14,0.33
2012-02-08,002137,6.17,6.35,6.37,6.15,12387,7793656.0,3.56,2.75,0.17,0.4
2012-02-09,002137,6.31,6.39,6.48,6.31,18621,11952969.0,2.68,0.63,0.04,0.6
2012-02-10,002137,7.03,6.71,7.03,6.62,58276,39598699.0,6.42,5.01,0.32,1.89
2012-02-13,002137,6.55,6.82,6.89,6.51,39073,26343014.0,5.66,1.64,0.11,1.27
2012-02-14,002137,6.75,6.7,6.77,6.64,22533,15069485.0,1.91,-1.76,-0.12,0.73
2012-02-15,002137,6.73,6.79,6.8,6.67,24254,16369993.0,1.94,1.34,0.09,0.79
2012-02-16,002137,6.8,6.72,6.89,6.67,20178,13679557.0,3.24,-1.03,-0.07,0.65
2012-02-17,002137,6.68,6.63,6.77,6.59,15267,10168049.0,2.68,-1.34,-0.09,0.5
2012-02-20,002137,6.7,6.66,6.81,6.66,17970,12106746.0,2.26,0.45,0.03,0.58
2012-02-21,002137,6.65,6.79,6.8,6.59,19777,13297937.0,3.15,1.95,0.13,0.64
2012-02-22,002137,6.8,6.87,6.91,6.78,27965,19160514.0,1.91,1.18,0.08,0.91
2012-02-23,002137,6.87,6.9,7.0,6.81,27688,19139266.0,2.77,0.44,0.03,0.9
2012-02-24,002137,6.87,6.98,6.99,6.83,23570,16335263.0,2.32,1.16,0.08,0.76
2012-02-27,002137,6.99,6.95,7.14,6.95,33576,23675167.0,2.72,-0.43,-0.03,1.09
2012-02-28,002137,6.96,6.78,7.0,6.71,26159,17889000.0,4.17,-2.45,-0.17,0.85
2012-02-29,002137,6.77,6.78,6.85,6.68,13990,9481457.0,2.51,0.0,0.0,0.45
2012-03-01,002137,6.69,6.9,6.95,6.69,18059,12416448.0,3.83,1.77,0.12,0.59
2012-03-02,002137,6.89,7.0,7.0,6.86,21153,14682226.0,2.03,1.45,0.1,0.69
2012-03-05,002137,7.02,7.21,7.27,6.96,45838,32691608.0,4.43,3.0,0.21,1.49
2012-03-06,002137,7.19,7.35,7.43,7.16,56425,41229261.0,3.74,1.94,0.14,1.83
2012-03-07,002137,7.3,7.42,7.66,7.22,54562,40933695.0,5.99,0.95,0.07,1.77
2012-03-08,002137,7.46,7.46,7.56,7.37,34502,25727881.0,2.56,0.54,0.04,1.12
2012-03-09,002137,7.48,7.6,7.6,7.38,27932,20879156.0,2.95,1.88,0.14,0.91
2012-03-12,002137,7.61,7.69,7.75,7.52,26299,20085848.0,3.03,1.18,0.09,0.85
2012-03-13,002137,7.68,8.0,8.08,7.62,80966,63898707.0,5.98,4.03,0.31,2.63
2012-03-14,002137,8.18,7.5,8.18,7.41,53732,42031698.0,9.63,-6.25,-0.5,1.74
2012-03-15,002137,7.44,7.53,7.61,7.22,30406,22690714.0,5.2,0.4,0.03,0.99
2012-03-16,002137,7.5,7.77,7.79,7.41,33030,25198144.0,5.05,3.19,0.24,1.07
2012-03-19,002137,7.77,7.96,8.0,7.71,29083,22993653.0,3.73,2.45,0.19,0.94
2012-03-20,002137,7.99,7.85,8.03,7.82,26230,20781574.0,2.64,-1.38,-0.11,0.85
2012-03-21,002137,7.86,7.91,7.97,7.79,14789,11658640.0,2.29,0.76,0.06,0.48
2012-03-22,002137,7.96,7.73,7.97,7.73,13755,10792065.0,3.03,-2.28,-0.18,0.45
2012-03-26,002137,7.5,7.57,7.69,7.46,16375,12423336.0,2.98,-2.07,-0.16,0.53
2012-03-27,002137,7.57,7.58,7.65,7.5,7611,5761007.0,1.98,0.13,0.01,0.25
2012-03-28,002137,7.42,7.18,7.5,7.1,24366,17878171.0,5.28,-5.28,-0.4,0.79
2012-03-29,002137,7.18,7.37,7.39,7.0,26331,19030414.0,5.43,2.65,0.19,0.85
2012-03-30,002137,7.27,7.7,7.73,7.26,52565,39509960.0,6.38,4.48,0.33,1.7
2012-04-05,002137,7.73,8.15,8.17,7.65,97070,77520863.0,6.75,5.84,0.45,3.15
2012-04-06,002137,8.13,8.2,8.21,7.93,52052,41957225.0,3.44,0.61,0.05,1.69
2012-04-09,002137,8.2,8.16,8.2,8.03,20833,16894389.0,2.07,-0.49,-0.04,0.68
2012-04-10,002137,8.05,8.19,8.21,7.9,54332,44206199.0,3.8,0.37,0.03,1.76
2012-04-11,002137,8.16,8.13,8.29,8.0,40973,33426279.0,3.54,-0.73,-0.06,1.33
2012-04-12,002137,8.2,8.19,8.21,7.99,44456,36141879.0,2.71,0.74,0.06,1.44
2012-04-13,002137,8.4,8.49,8.59,8.16,113444,95803761.0,5.25,3.66,0.3,3.68
2012-04-16,002137,8.5,8.62,8.63,8.32,84223,71957539.0,3.65,1.53,0.13,2.73
2012-04-17,002137,8.64,8.5,8.64,8.35,26075,22013709.0,3.36,-1.39,-0.12,0.85
2012-04-18,002137,8.5,8.76,8.76,8.35,128606,110724375.0,4.82,3.06,0.26,4.17
2012-04-19,002137,8.8,8.88,8.94,8.62,45532,40004583.0,3.65,1.37,0.12,1.48
2012-04-20,002137,8.95,8.91,8.99,8.76,108579,96703466.0,2.59,0.34,0.03,3.52
2012-04-23,002137,9.01,8.66,9.01,8.49,149423,131938562.0,5.84,-2.81,-0.25,4.85
2012-04-24,002137,8.59,8.7,8.75,8.4,166360,142137267.0,4.04,0.46,0.04,5.39
2012-04-25,002137,8.61,9.08,9.19,8.58,84075,74983651.0,7.01,4.37,0.38,2.73
2012-04-26,002137,9.08,9.01,9.2,8.9,35502,32133326.0,3.3,-0.77,-0.07,1.15
2012-04-27,002137,9.0,9.09,9.18,8.88,36002,32479321.0,3.33,0.89,0.08,1.17
2012-05-02,002137,9.12,9.22,9.38,8.96,108583,99552021.0,4.62,1.43,0.13,3.52
2012-05-03,002137,9.4,9.37,9.47,9.19,62356,58214170.0,3.04,1.63,0.15,2.02
2012-05-04,002137,9.55,9.38,9.55,9.21,57676,53809143.0,3.63,0.11,0.01,1.87
2012-05-07,002137,9.49,10.0,10.05,9.27,203210,196176419.0,8.32,6.61,0.62,6.59
2012-05-08,002137,10.15,10.19,10.45,9.77,214749,217411535.0,6.8,1.9,0.19,6.96
2012-05-09,002137,10.21,9.61,10.35,9.17,325806,305730272.0,11.58,-5.69,-0.58,10.56
2012-05-11,002137,9.3,9.06,9.39,8.98,224242,204065596.0,4.27,-5.72,-0.55,7.27
2012-05-14,002137,9.06,9.07,9.26,9.02,188578,171739879.0,2.65,0.11,0.01,6.12
2012-05-15,002137,9.07,9.02,9.07,8.9,151670,136439414.0,1.87,-0.55,-0.05,4.92
2012-05-16,002137,9.07,8.99,9.39,8.9,106259,96739078.0,5.43,-0.33,-0.03,3.45
2012-05-17,002137,9.02,8.53,9.15,8.39,189882,163755559.0,8.45,-5.12,-0.46,6.16
2012-05-18,002137,8.39,8.35,8.44,8.09,120433,99120847.0,4.1,-2.11,-0.18,3.91
2012-05-21,002137,8.3,8.4,8.44,8.19,105057,87814093.0,2.99,0.6,0.05,3.41
2012-05-22,002137,8.41,7.99,8.48,7.81,117369,95355475.0,7.98,-4.88,-0.41,3.81
2012-05-23,002137,7.89,7.73,7.89,7.69,78226,60582213.0,2.5,-3.25,-0.26,2.54
2012-05-24,002137,7.7,7.78,7.78,7.65,48473,37459839.0,1.68,0.65,0.05,1.57
2012-05-25,002137,7.76,7.49,7.79,7.42,52284,39550611.0,4.76,-3.73,-0.29,1.7
2012-05-28,002137,7.4,7.63,7.67,7.36,39562,29885546.0,4.14,1.87,0.14,1.28
2012-05-29,002137,7.63,7.74,7.84,7.58,45963,35381308.0,3.41,1.44,0.11,1.49
2012-05-30,002137,7.71,7.7,7.83,7.69,30554,23627631.0,1.81,-0.52,-0.04,0.99
2012-05-31,002137,7.7,7.74,7.75,7.51,37227,28462467.0,3.12,0.52,0.04,1.21
2012-06-01,002137,7.7,7.66,7.76,7.62,24100,18574880.0,1.81,-1.03,-0.08,0.78
2012-06-04,002137,7.54,7.12,7.54,7.12,42708,31295019.0,5.48,-7.05,-0.54,1.38
2012-06-05,002137,7.17,7.04,7.21,7.04,23357,16612298.0,2.39,-1.12,-0.08,0.76
2012-06-06,002137,7.1,7.03,7.14,6.99,22015,15563837.0,2.13,-0.14,-0.01,0.71
2012-06-07,002137,7.12,7.03,7.15,6.93,21296,15011337.0,3.13,0.0,0.0,0.69
2012-06-08,002137,7.08,7.04,7.12,6.97,22552,15906026.0,2.13,0.14,0.01,0.73
2012-06-11,002137,7.06,7.16,7.16,7.02,19542,13888937.0,1.99,1.7,0.12,0.63
2012-06-12,002137,7.11,7.13,7.17,7.07,14201,10118579.0,1.4,-0.42,-0.03,0.46
2012-06-13,002137,7.13,7.3,7.34,7.12,30733,22263916.0,3.09,2.38,0.17,1.0
2012-06-14,002137,7.29,7.17,7.34,7.15,22950,16632879.0,2.6,-1.78,-0.13,0.74
2012-06-15,002137,7.17,7.23,7.29,7.15,20700,14931756.0,1.95,0.84,0.06,0.67
2012-06-18,002137,7.28,7.26,7.34,7.21,18245,13265142.0,1.8,0.41,0.03,0.59
2012-06-19,002137,7.27,7.18,7.3,7.12,18272,13145862.0,2.48,-1.1,-0.08,0.59
2012-06-20,002137,7.18,7.07,7.2,7.05,16227,11552737.0,2.09,-1.53,-0.11,0.53
2012-06-21,002137,7.01,6.8,7.06,6.75,26231,17976126.0,4.38,-3.82,-0.27,0.85
2012-06-25,002137,6.78,6.65,6.78,6.62,14275,9548028.0,2.35,-2.21,-0.15,0.46
2012-06-26,002137,6.59,6.72,6.77,6.57,15518,10343468.0,3.01,1.05,0.07,0.5
2012-06-27,002137,6.7,6.67,6.76,6.66,11065,7423317.0,1.49,-0.74,-0.05,0.36
2012-06-28,002137,6.7,6.73,6.86,6.68,18941,12813815.0,2.7,0.9,0.06,0.61
2012-06-29,002137,6.73,6.86,6.89,6.64,25159,17094698.0,3.71,1.93,0.13,0.82
2012-07-02,002137,6.86,6.81,6.95,6.8,16287,11176491.0,2.19,-0.73,-0.05,0.53
2012-07-03,002137,6.85,6.73,6.85,6.7,15856,10725913.0,2.2,-1.17,-0.08,0.51
2012-07-04,002137,6.73,6.7,6.82,6.68,10891,7334727.0,2.08,-0.45,-0.03,0.35
2012-07-06,002137,6.65,6.79,6.81,6.51,23290,15536402.0,4.48,1.34,0.09,0.76
2012-07-09,002137,6.74,6.49,6.75,6.47,16252,10788658.0,4.12,-4.42,-0.3,0.53
2012-07-10,002137,6.44,6.46,6.6,6.44,8508,5538306.0,2.47,-0.46,-0.03,0.28
2012-07-11,002137,6.46,6.62,6.64,6.46,11740,7740224.0,2.79,2.48,0.16,0.38
2012-07-12,002137,6.62,6.73,6.75,6.55,17857,11919122.0,3.02,1.66,0.11,0.58
2012-07-13,002137,6.75,6.74,6.91,6.7,15424,10481509.0,3.12,0.15,0.01,0.5
2012-07-16,002137,6.72,6.31,6.73,6.27,17140,11094655.0,6.82,-6.38,-0.43,0.56
2012-07-17,002137,6.23,6.39,6.4,6.23,8593,5439425.0,2.69,1.27,0.08,0.28
2012-07-18,002137,6.39,6.39,6.43,6.3,8483,5395406.0,2.03,0.0,0.0,0.28
2012-07-19,002137,6.39,6.56,6.61,6.35,18562,12058298.0,4.07,2.66,0.17,0.6
2012-07-20,002137,6.55,7.04,7.04,6.5,37657,25451195.0,8.23,7.32,0.48,1.22
2012-07-23,002137,6.94,6.79,6.94,6.78,33416,22933482.0,2.27,-3.55,-0.25,1.08
2012-07-24,002137,6.79,6.83,6.89,6.75,17714,12103827.0,2.06,0.59,0.04,0.57
2012-07-25,002137,6.84,6.68,6.84,6.65,15396,10376487.0,2.78,-2.2,-0.15,0.5
2012-07-26,002137,6.68,6.48,6.75,6.47,12210,8096227.0,4.19,-2.99,-0.2,0.4
2012-07-27,002137,6.48,6.11,6.57,6.08,26277,16452905.0,7.56,-5.71,-0.37,0.85
2012-07-30,002137,6.12,5.83,6.13,5.78,22227,13159333.0,5.73,-4.58,-0.28,0.72
2012-07-31,002137,5.83,5.88,5.92,5.66,10025,5821668.0,4.46,0.86,0.05,0.32
2012-08-01,002137,5.85,5.91,5.96,5.8,11903,7021639.0,2.72,0.51,0.03,0.39
2012-08-02,002137,5.92,5.77,5.94,5.71,9880,5727624.0,3.89,-2.37,-0.14,0.32
2012-08-03,002137,5.77,5.86,5.87,5.71,8907,5156957.0,2.77,1.56,0.09,0.29
2012-08-06,002137,5.81,6.04,6.05,5.81,15050,8953875.0,4.1,3.07,0.18,0.49
2012-08-07,002137,6.02,6.15,6.18,6.0,15807,9636866.0,2.98,1.82,0.11,0.51
2012-08-08,002137,6.19,6.11,6.19,6.02,11090,6756466.0,2.76,-0.65,-0.04,0.36
2012-08-09,002137,6.09,6.18,6.2,6.05,13508,8294463.0,2.45,1.15,0.07,0.44
2012-08-10,002137,6.14,6.16,6.21,6.13,12108,7460425.0,1.29,-0.32,-0.02,0.39
2012-08-13,002137,6.13,5.94,6.15,5.92,11271,6805882.0,3.73,-3.57,-0.22,0.37
2012-08-14,002137,5.94,6.06,6.06,5.81,11083,6603410.0,4.21,2.02,0.12,0.36
2012-08-15,002137,6.05,5.94,6.05,5.92,6891,4109133.0,2.15,-1.98,-0.12,0.22
2012-08-16,002137,5.9,5.94,5.99,5.9,7150,4245056.0,1.52,0.0,0.0,0.23
2012-08-17,002137,5.93,6.01,6.14,5.9,12461,7524177.0,4.04,1.18,0.07,0.4
2012-08-20,002137,5.9,5.94,5.99,5.82,11201,6575407.0,2.83,-1.16,-0.07,0.36
2012-08-21,002137,5.95,6.12,6.13,5.93,21269,12892967.0,3.37,3.03,0.18,0.69
2012-08-22,002137,6.11,6.07,6.14,6.02,11904,7244494.0,1.96,-0.82,-0.05,0.39
2012-08-23,002137,6.05,6.27,6.55,6.05,31881,20086583.0,8.24,3.29,0.2,1.03
2012-08-24,002137,6.2,6.1,6.3,6.1,20501,12674354.0,3.19,-2.71,-0.17,0.66
2012-08-27,002137,6.11,5.97,6.12,5.91,10656,6366677.0,3.44,-2.13,-0.13,0.35
2012-08-28,002137,5.95,5.97,6.03,5.9,9750,5813073.0,2.18,0.0,0.0,0.32
2012-08-29,002137,6.03,6.1,6.34,6.0,32710,20328703.0,5.7,2.18,0.13,1.06
2012-08-30,002137,6.07,6.32,6.32,6.05,37071,22967635.0,4.43,3.61,0.22,1.2
2012-08-31,002137,6.31,6.23,6.31,6.16,18770,11667064.0,2.37,-1.42,-0.09,0.61
2012-09-03,002137,6.19,6.33,6.4,6.18,20873,13133490.0,3.53,1.61,0.1,0.68
2012-09-04,002137,6.3,6.2,6.35,6.18,17162,10727755.0,2.69,-2.05,-0.13,0.56
2012-09-05,002137,6.16,6.26,6.34,6.12,16886,10506401.0,3.55,0.97,0.06,0.55
2012-09-06,002137,6.26,6.38,6.38,6.23,23709,14981883.0,2.4,1.92,0.12,0.77
2012-09-07,002137,6.4,6.55,6.65,6.39,35105,22926917.0,4.08,2.66,0.17,1.14
2012-09-10,002137,6.54,6.57,6.6,6.49,21170,13858678.0,1.68,0.31,0.02,0.69
2012-09-11,002137,6.58,6.65,6.65,6.47,21709,14278098.0,2.74,1.22,0.08,0.7
2012-09-12,002137,6.63,6.63,6.73,6.55,18422,12211960.0,2.71,-0.3,-0.02,0.6
2012-09-13,002137,6.6,6.41,6.62,6.4,20440,13290775.0,3.32,-3.32,-0.22,0.66
2012-09-14,002137,6.44,6.48,6.54,6.39,16006,10332646.0,2.34,1.09,0.07,0.52
2012-09-17,002137,6.52,6.07,6.52,6.07,19826,12420404.0,6.94,-6.33,-0.41,0.64
2012-09-18,002137,6.02,6.13,6.28,6.02,14854,9145920.0,4.28,0.99,0.06,0.48
2012-09-19,002137,6.19,6.22,6.28,6.13,11527,7163376.0,2.45,1.47,0.09,0.37
2012-09-20,002137,6.2,6.0,6.2,5.98,13894,8439288.0,3.54,-3.54,-0.22,0.45
2012-09-21,002137,5.98,5.93,6.02,5.87,8326,4952716.0,2.5,-1.17,-0.07,0.27
2012-09-24,002137,5.81,6.09,6.15,5.81,22750,13744986.0,5.73,2.7,0.16,0.74
2012-09-25,002137,6.06,5.96,6.09,5.95,14339,8642511.0,2.3,-2.13,-0.13,0.46
2012-09-26,002137,5.96,5.7,5.99,5.68,10431,6056417.0,5.2,-4.36,-0.26,0.34
2012-09-27,002137,5.7,5.8,5.86,5.62,12149,6999191.0,4.21,1.75,0.1,0.39
2012-09-28,002137,5.8,5.88,5.89,5.75,7401,4318705.0,2.41,1.38,0.08,0.24
2012-10-08,002137,5.89,5.84,5.93,5.76,9205,5368845.0,2.89,-0.68,-0.04,0.3
2012-10-09,002137,5.83,6.02,6.03,5.83,14058,8367785.0,3.42,3.08,0.18,0.46
2012-10-10,002137,6.02,6.11,6.11,6.02,16456,10004917.0,1.5,1.5,0.09,0.53
2012-10-11,002137,6.08,6.12,6.31,6.06,27831,17265270.0,4.09,0.16,0.01,0.9
2012-10-12,002137,6.1,6.36,6.39,6.1,36325,22772104.0,4.74,3.92,0.24,1.18
2012-10-15,002137,6.33,6.28,6.34,6.18,16342,10188165.0,2.52,-1.26,-0.08,0.53
2012-10-16,002137,6.3,6.25,6.38,6.22,14484,9141355.0,2.55,-0.48,-0.03,0.47
2012-10-17,002137,6.3,6.23,6.34,6.2,9949,6227863.0,2.24,-0.32,-0.02,0.32
2012-10-18,002137,6.26,6.43,6.49,6.23,28634,18377636.0,4.17,3.21,0.2,0.93
2012-10-19,002137,6.43,6.43,6.49,6.38,15265,9815945.0,1.71,0.0,0.0,0.49
2012-10-22,002137,6.39,6.4,6.42,6.32,10346,6583488.0,1.56,-0.47,-0.03,0.34
2012-10-23,002137,6.4,6.33,6.44,6.33,11014,7019897.0,1.72,-1.09,-0.07,0.36
2012-10-24,002137,6.25,6.36,6.36,6.22,6267,3956200.0,2.21,0.47,0.03,0.2
2012-10-25,002137,6.36,6.28,6.38,6.27,8221,5196228.0,1.73,-1.26,-0.08,0.27
2012-10-26,002137,6.28,6.09,6.32,6.04,13658,8391303.0,4.46,-3.03,-0.19,0.44
2012-10-29,002137,6.11,6.09,6.17,6.04,4047,2472842.0,2.13,0.0,0.0,0.13
2012-10-30,002137,6.06,6.17,6.18,6.06,9838,6060081.0,1.97,1.31,0.08,0.32
2012-10-31,002137,6.16,6.2,6.21,6.13,8207,5074508.0,1.3,0.49,0.03,0.27
2012-11-01,002137,6.21,6.33,6.36,6.21,25223,15879033.0,2.42,2.1,0.13,0.82
2012-11-02,002137,6.33,6.27,6.36,6.2,13870,8726545.0,2.53,-0.95,-0.06,0.45
2012-11-05,002137,6.27,5.84,6.37,5.8,92014,55447086.0,9.09,-6.86,-0.43,2.98
2012-11-06,002137,5.79,5.78,5.83,5.65,44849,25663374.0,3.08,-1.03,-0.06,1.45
2012-11-07,002137,5.72,5.74,5.82,5.71,20995,12111186.0,1.9,-0.69,-0.04,0.68
2012-11-08,002137,5.7,5.56,5.75,5.56,15620,8833586.0,3.31,-3.14,-0.18,0.51
2012-11-09,002137,5.58,5.59,5.64,5.54,11091,6203336.0,1.8,0.54,0.03,0.36
2012-11-12,002137,5.59,5.64,5.67,5.59,9607,5416034.0,1.43,0.89,0.05,0.31
2012-11-13,002137,5.65,5.64,5.68,5.6,10935,6160425.0,1.42,0.0,0.0,0.35
2012-11-14,002137,5.66,5.63,5.7,5.55,6644,3735683.0,2.66,-0.18,-0.01,0.22
2012-11-15,002137,5.6,5.56,5.62,5.55,5959,3328277.0,1.24,-1.24,-0.07,0.19
2012-11-16,002137,5.53,5.44,5.6,5.38,8856,4807278.0,3.96,-2.16,-0.12,0.29
2012-11-19,002137,5.44,5.44,5.47,5.36,5917,3197540.0,2.02,0.0,0.0,0.19
2012-11-20,002137,5.5,5.38,5.5,5.37,6122,3311033.0,2.39,-1.1,-0.06,0.2
2012-11-21,002137,5.37,5.38,5.42,5.21,8153,4328904.0,3.9,0.0,0.0,0.26
2012-11-22,002137,5.38,5.29,5.38,5.26,6230,3308180.0,2.23,-1.67,-0.09,0.2
2012-11-23,002137,5.32,5.27,5.32,5.2,8326,4384559.0,2.27,-0.38,-0.02,0.27
2012-11-26,002137,5.21,5.22,5.27,5.21,5023,2629882.0,1.14,-0.95,-0.05,0.16
2012-11-27,002137,5.22,4.88,5.23,4.85,12082,6014679.0,7.28,-6.51,-0.34,0.39
2012-11-28,002137,4.86,4.63,4.86,4.58,11385,5337126.0,5.74,-5.12,-0.25,0.37
2012-11-29,002137,4.61,4.56,4.68,4.55,5356,2472205.0,2.81,-1.51,-0.07,0.17
2012-11-30,002137,4.47,4.59,4.63,4.46,5339,2447236.0,3.73,0.66,0.03,0.17
2012-12-03,002137,4.61,4.42,4.68,4.42,5029,2286242.0,5.66,-3.7,-0.17,0.16
2012-12-04,002137,4.4,4.54,4.57,4.33,9949,4404940.0,5.43,2.71,0.12,0.32
2012-12-05,002137,4.53,4.71,4.75,4.52,14604,6824356.0,5.07,3.74,0.17,0.47
2012-12-06,002137,4.69,4.69,4.74,4.65,8035,3777549.0,1.91,-0.42,-0.02,0.26
2012-12-07,002137,4.7,4.82,4.85,4.66,15994,7636919.0,4.05,2.77,0.13,0.52
2012-12-10,002137,4.83,4.95,4.96,4.82,16676,8133534.0,2.9,2.7,0.13,0.54
2012-12-11,002137,4.96,4.92,4.96,4.85,12744,6236999.0,2.22,-0.61,-0.03,0.41
2012-12-12,002137,4.88,4.98,4.99,4.81,17373,8556656.0,3.66,1.22,0.06,0.56
2012-12-13,002137,4.9,4.93,5.0,4.86,10776,5320966.0,2.81,-1.0,-0.05,0.35
2012-12-14,002137,4.92,5.11,5.14,4.86,27442,13872221.0,5.68,3.65,0.18,0.89
2012-12-17,002137,5.14,5.09,5.15,5.05,20447,10409898.0,1.96,-0.39,-0.02,0.66
2012-12-18,002137,5.1,5.1,5.13,5.02,16217,8231589.0,2.16,0.2,0.01,0.53
2012-12-19,002137,5.08,5.1,5.13,5.03,21560,10941196.0,1.96,0.0,0.0,0.7
2012-12-20,002137,5.08,5.14,5.22,5.02,24839,12701067.0,3.92,0.78,0.04,0.81
2012-12-21,002137,5.1,5.04,5.14,5.02,20158,10229816.0,2.33,-1.95,-0.1,0.65
2012-12-24,002137,5.0,5.05,5.06,5.0,9965,5014826.0,1.19,0.2,0.01,0.32
2012-12-25,002137,5.04,5.13,5.17,4.98,23781,12164831.0,3.76,1.58,0.08,0.77
2012-12-26,002137,5.11,5.21,5.22,5.09,27603,14257118.0,2.53,1.56,0.08,0.89
2012-12-27,002137,5.26,5.35,5.37,5.15,43782,23070271.0,4.22,2.69,0.14,1.42
2012-12-28,002137,5.29,5.51,5.56,5.29,59089,32215102.0,5.05,2.99,0.16,1.92
2012-12-31,002137,5.51,5.4,5.53,5.36,34471,18662402.0,3.09,-2.0,-0.11,1.12
2013-01-04,002137,5.43,5.27,5.46,5.26,26284,13989662.0,3.7,-2.41,-0.13,0.85
2013-01-07,002137,5.25,5.33,5.33,5.21,16291,8635594.0,2.28,1.14,0.06,0.53
2013-01-08,002137,5.33,5.36,5.39,5.24,25147,13403038.0,2.81,0.56,0.03,0.81
2013-01-09,002137,5.36,5.38,5.47,5.29,36525,19748208.0,3.36,0.37,0.02,1.18
2013-01-10,002137,5.38,5.55,5.6,5.38,58899,32477376.0,4.09,3.16,0.17,1.91
2013-01-11,002137,5.53,5.29,5.58,5.25,33808,18420981.0,5.95,-4.68,-0.26,1.1
2013-01-14,002137,5.3,5.47,5.51,5.24,32624,17612014.0,5.1,3.4,0.18,1.06
2013-01-15,002137,5.46,5.62,5.74,5.46,45970,25812095.0,5.12,2.74,0.15,1.49
2013-01-16,002137,5.62,5.86,5.93,5.55,74715,43215801.0,6.76,4.27,0.24,2.42
2013-01-17,002137,5.83,5.95,6.13,5.71,62379,36880612.0,7.17,1.54,0.09,2.02
2013-01-18,002137,5.94,6.1,6.1,5.86,49676,29866141.0,4.03,2.52,0.15,1.61
2013-01-21,002137,6.09,6.07,6.14,5.95,58945,35503047.0,3.11,-0.49,-0.03,1.91
2013-01-22,002137,6.01,6.09,6.24,5.8,167305,101080053.0,7.25,0.33,0.02,5.42
2013-01-23,002137,6.1,5.7,6.24,5.57,172172,101558068.0,11.0,-6.4,-0.39,5.58
2013-01-24,002137,5.66,5.43,5.66,5.4,81276,44899200.0,4.56,-4.74,-0.27,2.63
2013-01-25,002137,5.42,5.32,5.43,5.3,30511,16333466.0,2.39,-2.03,-0.11,0.99
2013-01-28,002137,5.32,5.41,5.42,5.27,52169,27894588.0,2.82,1.69,0.09,1.69
2013-01-29,002137,5.41,5.46,5.47,5.37,37639,20382923.0,1.85,0.92,0.05,1.22
2013-01-30,002137,5.48,5.39,5.48,5.31,35076,18873375.0,3.11,-1.28,-0.07,1.14
2013-01-31,002137,5.38,5.31,5.38,5.26,33721,17912992.0,2.23,-1.48,-0.08,1.09
2013-02-01,002137,5.32,5.34,5.36,5.28,23029,12274458.0,1.51,0.56,0.03,0.75
2013-02-04,002137,5.35,5.29,5.37,5.26,21643,11463470.0,2.06,-0.94,-0.05,0.7
2013-02-05,002137,5.27,5.36,5.37,5.25,19850,10543148.0,2.27,1.32,0.07,0.64
2013-02-06,002137,5.34,5.43,5.5,5.12,35262,19176280.0,7.09,1.31,0.07,1.14
2013-02-07,002137,5.43,5.42,5.45,5.35,17879,9654629.0,1.84,-0.18,-0.01,0.58
2013-02-08,002137,5.42,5.48,5.5,5.4,19783,10815530.0,1.85,1.11,0.06,0.64
2013-02-18,002137,5.49,5.52,5.55,5.48,29902,16499385.0,1.28,0.73,0.04,0.97
2013-02-19,002137,5.53,5.4,5.55,5.39,24434,13299924.0,2.9,-2.17,-0.12,0.79
2013-02-20,002137,5.4,5.51,5.52,5.37,27402,14984138.0,2.78,2.04,0.11,0.89
2013-02-21,002137,5.48,5.38,5.51,5.34,24580,13328149.0,3.09,-2.36,-0.13,0.8
2013-02-22,002137,5.35,5.32,5.41,5.28,17540,9399483.0,2.42,-1.12,-0.06,0.57
2013-02-25,002137,5.33,5.34,5.38,5.32,14259,7622742.0,1.13,0.38,0.02,0.46
2013-02-26,002137,5.35,5.31,5.38,5.3,16758,8973213.0,1.5,-0.56,-0.03,0.54
2013-02-27,002137,5.31,5.3,5.36,5.24,12867,6800700.0,2.26,-0.19,-0.01,0.42
2013-02-28,002137,5.32,5.43,5.45,5.29,21670,11667152.0,3.02,2.45,0.13,0.7
2013-03-01,002137,5.44,5.55,5.57,5.43,47259,26077158.0,2.58,2.21,0.12,1.53
2013-03-04,002137,5.54,5.36,5.54,5.3,38090,20619989.0,4.32,-3.42,-0.19,1.23
2013-03-05,002137,5.39,5.53,5.53,5.31,31968,17470590.0,4.1,3.17,0.17,1.04
2013-03-06,002137,5.57,5.69,5.69,5.51,49429,27730821.0,3.25,2.89,0.16,1.6
2013-03-07,002137,5.7,5.59,5.71,5.5,34182,19161288.0,3.69,-1.76,-0.1,1.11
2013-03-08,002137,5.52,5.51,5.63,5.51,20164,11232214.0,2.15,-1.43,-0.08,0.65
2013-03-11,002137,5.51,5.54,5.58,5.45,15273,8463678.0,2.36,0.54,0.03,0.49
2013-03-12,002137,5.51,5.32,5.59,5.25,31863,17182435.0,6.14,-3.97,-0.22,1.03
2013-03-13,002137,5.32,5.23,5.32,5.19,16493,8623720.0,2.44,-1.69,-0.09,0.53
2013-03-14,002137,5.22,5.21,5.29,5.2,9773,5118610.0,1.72,-0.38,-0.02,0.32
2013-03-15,002137,5.2,5.22,5.29,5.17,15500,8117075.0,2.3,0.19,0.01,0.5
2013-03-18,002137,5.21,5.08,5.21,5.01,13041,6678636.0,3.83,-2.68,-0.14,0.42
2013-03-19,002137,5.07,5.09,5.16,5.01,11244,5695170.0,2.95,0.2,0.01,0.36
2013-03-20,002137,5.11,5.22,5.23,5.08,16846,8719697.0,2.95,2.55,0.13,0.55
2013-03-21,002137,5.22,5.29,5.31,5.2,14484,7631247.0,2.11,1.34,0.07,0.47
2013-03-22,002137,5.27,5.29,5.34,5.22,10969,5790318.0,2.27,0.0,0.0,0.36
2013-03-25,002137,5.27,5.41,5.57,5.23,28473,15369448.0,6.43,2.27,0.12,0.92
2013-03-26,002137,5.35,5.27,5.38,5.19,20464,10764318.0,3.51,-2.59,-0.14,0.66
2013-03-27,002137,5.23,5.26,5.36,5.22,13492,7116184.0,2.66,-0.19,-0.01,0.44
2013-03-28,002137,5.23,5.06,5.23,5.05,16456,8428668.0,3.42,-3.8,-0.2,0.53
2013-03-29,002137,5.05,5.05,5.14,5.04,10774,5478078.0,1.98,-0.2,-0.01,0.35
2013-04-01,002137,5.01,5.07,5.11,5.01,7588,3843447.0,1.98,0.4,0.02,0.25
2013-04-02,002137,5.24,5.17,5.28,5.12,26237,13628282.0,3.16,1.97,0.1,0.85
2013-04-03,002137,5.13,5.21,5.24,5.09,17559,9068494.0,2.9,0.77,0.04,0.57
2013-04-08,002137,5.11,5.16,5.16,5.08,16837,8616768.0,1.54,-0.96,-0.05,0.55
2013-04-09,002137,5.16,5.25,5.26,5.15,20365,10618177.0,2.13,1.74,0.09,0.66
2013-04-10,002137,5.25,5.19,5.27,5.12,14923,7752093.0,2.86,-1.14,-0.06,0.48
2013-04-11,002137,5.21,5.2,5.24,5.15,10261,5325946.0,1.73,0.19,0.01,0.33
2013-04-12,002137,5.19,5.2,5.29,5.17,20811,10912940.0,2.31,0.0,0.0,0.67
2013-04-15,002137,5.19,5.09,5.22,5.08,12234,6280184.0,2.69,-2.12,-0.11,0.4
2013-04-16,002137,5.06,5.1,5.12,4.97,11093,5608926.0,2.95,0.2,0.01,0.36
2013-04-17,002137,5.13,5.16,5.17,5.09,9073,4652606.0,1.57,1.18,0.06,0.29
2013-04-18,002137,5.2,5.17,5.21,5.15,10469,5425753.0,1.16,0.19,0.01,0.34
2013-04-19,002137,5.16,5.26,5.28,5.16,18859,9872917.0,2.32,1.74,0.09,0.61
2013-04-22,002137,5.22,5.28,5.3,5.2,13778,7240026.0,1.9,0.38,0.02,0.45
2013-04-23,002137,5.28,5.11,5.3,5.1,15519,8004141.0,3.79,-3.22,-0.17,0.5
2013-04-24,002137,5.11,5.21,5.23,5.11,13438,6949179.0,2.35,1.96,0.1,0.44
2013-04-25,002137,5.21,5.08,5.21,5.08,18373,9455257.0,2.5,-2.5,-0.13,0.6
2013-04-26,002137,5.09,5.04,5.13,5.02,10638,5382483.0,2.17,-0.79,-0.04,0.34
2013-05-02,002137,5.06,5.06,5.13,5.05,6595,3354500.0,1.59,0.4,0.02,0.21
2013-05-03,002137,5.08,5.15,5.21,5.08,22530,11664121.0,2.57,1.78,0.09,0.73
2013-05-06,002137,3.83,3.84,3.85,3.77,20358,7781196.0,1.55,-25.44,-1.31,0.49
2013-05-07,002137,3.84,3.93,3.99,3.84,36079,14069829.0,3.91,2.34,0.09,0.87
2013-05-08,002137,3.93,3.92,3.94,3.87,24042,9392479.0,1.78,-0.25,-0.01,0.58
2013-05-09,002137,3.9,4.01,4.03,3.87,36845,14569551.0,4.08,2.3,0.09,0.88
2013-05-10,002137,3.99,4.01,4.07,3.96,34894,13987035.0,2.74,0.0,0.0,0.84
2013-05-13,002137,4.01,3.97,4.03,3.97,18583,7415196.0,1.5,-1.0,-0.04,0.45
2013-05-14,002137,3.98,3.93,3.98,3.9,23225,9123577.0,2.02,-1.01,-0.04,0.56
2013-05-15,002137,3.93,4.05,4.06,3.9,37331,14929814.0,4.07,3.05,0.12,0.9
2013-05-16,002137,4.03,4.07,4.14,4.03,50458,20623093.0,2.72,0.49,0.02,1.21
2013-05-17,002137,4.11,4.48,4.48,4.04,152074,65770322.0,10.81,10.07,0.41,3.65
2013-05-20,002137,4.84,4.89,4.93,4.69,385196,186292715.0,5.36,9.15,0.41,9.25
2013-05-21,002137,4.75,4.74,4.82,4.67,227679,107503740.0,3.07,-3.07,-0.15,5.47
2013-05-22,002137,4.7,4.63,4.77,4.6,112896,52699555.0,3.59,-2.32,-0.11,2.71
2013-05-23,002137,4.6,4.59,4.7,4.54,79792,36930210.0,3.46,-0.86,-0.04,1.92
2013-05-24,002137,4.6,4.69,4.75,4.56,101031,47208159.0,4.14,2.18,0.1,2.43
2013-05-27,002137,4.68,4.64,4.68,4.59,68442,31655682.0,1.92,-1.07,-0.05,1.64
2013-05-28,002137,4.64,4.57,4.65,4.5,51653,23527644.0,3.23,-1.51,-0.07,1.24
2013-05-29,002137,4.58,4.6,4.65,4.52,44475,20448579.0,2.84,0.66,0.03,1.07
2013-05-30,002137,4.6,4.61,4.67,4.54,45800,21169764.0,2.83,0.22,0.01,1.1
2013-05-31,002137,4.64,4.61,4.74,4.6,63152,29473735.0,3.04,0.0,0.0,1.52
2013-06-03,002137,4.61,4.52,4.61,4.5,44497,20220462.0,2.39,-1.95,-0.09,1.07
2013-06-04,002137,4.52,4.72,4.72,4.4,102472,46898623.0,7.08,4.42,0.2,2.46
2013-06-05,002137,4.69,4.64,4.76,4.62,47886,22399660.0,2.97,-1.69,-0.08,1.15
2013-06-06,002137,4.62,4.48,4.66,4.43,32625,14872765.0,4.96,-3.45,-0.16,0.78
2013-06-07,002137,4.48,4.42,4.58,4.39,43501,19526561.0,4.24,-1.34,-0.06,1.04
2013-06-13,002137,4.41,4.44,4.58,4.3,53708,23768015.0,6.33,0.45,0.02,1.29
2013-06-14,002137,4.45,4.58,4.64,4.45,36166,16588747.0,4.28,3.15,0.14,0.87
2013-06-17,002137,4.54,4.71,4.73,4.53,61946,29023054.0,4.37,2.84,0.13,1.49
2013-06-18,002137,4.66,4.69,4.73,4.65,41639,19476514.0,1.7,-0.42,-0.02,1.0
2013-06-19,002137,4.68,4.76,4.89,4.65,62800,29997222.0,5.12,1.49,0.07,1.51
2013-06-20,002137,4.6,4.69,4.89,4.6,87416,41856496.0,6.09,-1.47,-0.07,2.1
2013-06-21,002137,4.64,4.78,4.81,4.31,53684,24644055.0,10.66,1.92,0.09,1.29
2013-06-24,002137,4.78,4.57,4.83,4.4,44539,20744302.0,9.0,-4.39,-0.21,1.07
2013-06-25,002137,4.4,4.77,4.78,4.31,65692,30392256.0,10.28,4.38,0.2,1.58
2013-06-26,002137,4.76,4.96,4.99,4.72,138066,67942754.0,5.66,3.98,0.19,3.31
2013-06-27,002137,4.94,4.77,5.06,4.74,97530,47717984.0,6.45,-3.83,-0.19,2.34
2013-06-28,002137,4.7,4.74,4.9,4.51,48680,22924370.0,8.18,-0.63,-0.03,1.17
2013-07-01,002137,4.7,4.94,4.94,4.68,63999,31028012.0,5.49,4.22,0.2,1.54
2013-07-02,002137,4.95,5.08,5.08,4.88,96100,48104357.0,4.05,2.83,0.14,2.31
2013-07-03,002137,5.0,5.12,5.16,4.93,105534,53451366.0,4.53,0.79,0.04,2.53
2013-07-04,002137,5.07,5.01,5.12,4.96,75002,37919882.0,3.13,-2.15,-0.11,1.8
2013-07-05,002137,5.03,4.95,5.03,4.82,82400,40479289.0,4.19,-1.2,-0.06,1.98
2013-07-08,002137,4.86,4.75,4.91,4.7,48045,23132605.0,4.24,-4.04,-0.2,1.15
2013-07-09,002137,4.76,4.5,4.82,4.49,50532,23468814.0,6.95,-5.26,-0.25,1.21
2013-07-10,002137,4.52,4.73,4.73,4.51,44421,20495236.0,4.89,5.11,0.23,1.07
2013-07-11,002137,4.7,4.75,4.82,4.68,44045,20931182.0,2.96,0.42,0.02,1.06
2013-07-12,002137,4.75,4.69,4.78,4.68,34275,16159518.0,2.11,-1.26,-0.06,0.82
2013-07-15,002137,4.64,4.8,4.89,4.63,47629,22766588.0,5.54,2.35,0.11,1.14
2013-07-16,002137,4.77,4.88,4.9,4.76,43473,21156322.0,2.92,1.67,0.08,1.04
2013-07-17,002137,4.95,4.8,4.95,4.79,51147,24900017.0,3.28,-1.64,-0.08,1.23
2013-07-18,002137,4.71,4.69,4.76,4.61,26046,12200473.0,3.13,-2.29,-0.11,0.63
2013-07-19,002137,4.69,4.56,4.69,4.5,46078,21106955.0,4.05,-2.77,-0.13,1.11
2013-07-22,002137,4.56,4.71,4.74,4.56,27678,12948750.0,3.95,3.29,0.15,0.66
2013-07-23,002137,4.74,4.75,4.79,4.65,43373,20538471.0,2.97,0.85,0.04,1.04
2013-07-24,002137,4.79,4.73,4.79,4.68,32809,15492911.0,2.32,-0.42,-0.02,0.79
2013-07-25,002137,4.73,4.59,4.75,4.58,31871,14790489.0,3.59,-2.96,-0.14,0.77
2013-07-26,002137,4.55,4.68,4.71,4.52,34276,15796000.0,4.14,1.96,0.09,0.82
2013-07-29,002137,4.6,4.6,4.68,4.5,20953,9620812.0,3.85,-1.71,-0.08,0.5
2013-07-30,002137,4.6,4.5,4.62,4.46,20376,9203302.0,3.48,-2.17,-0.1,0.49
2013-07-31,002137,4.43,4.39,4.52,4.38,26942,11963253.0,3.11,-2.44,-0.11,0.65
2013-08-01,002137,4.39,4.62,4.74,4.39,46198,21162409.0,7.97,5.24,0.23,1.11
2013-08-02,002137,4.6,4.74,4.88,4.53,105962,50245993.0,7.58,2.6,0.12,2.54
2013-08-05,002137,4.68,4.67,4.77,4.63,90050,42033622.0,2.95,-1.48,-0.07,2.16
2013-08-06,002137,4.64,4.64,4.67,4.58,41898,19382672.0,1.93,-0.64,-0.03,1.01
2013-08-07,002137,4.66,4.62,4.69,4.59,34588,16059041.0,2.16,-0.43,-0.02,0.83
2013-08-08,002137,4.6,4.53,4.6,4.5,39599,17964293.0,2.16,-1.95,-0.09,0.95
2013-08-09,002137,4.52,4.51,4.57,4.46,21184,9558926.0,2.43,-0.44,-0.02,0.51
2013-08-12,002137,4.54,4.57,4.57,4.49,32848,14918785.0,1.77,1.33,0.06,0.79
2013-08-13,002137,4.58,4.58,4.59,4.54,22489,10270603.0,1.09,0.22,0.01,0.54
2013-08-14,002137,4.57,4.56,4.6,4.53,30039,13712558.0,1.53,-0.44,-0.02,0.72
2013-08-15,002137,4.56,4.55,4.62,4.51,26112,11944897.0,2.41,-0.22,-0.01,0.63
2013-08-16,002137,4.53,4.42,4.6,4.41,36800,16602614.0,4.18,-2.86,-0.13,0.88
2013-08-19,002137,4.42,4.5,4.51,4.39,15387,6858523.0,2.71,1.81,0.08,0.37
2013-08-20,002137,4.5,4.42,4.54,4.41,20393,9129792.0,2.89,-1.78,-0.08,0.49
2013-08-21,002137,4.43,4.48,4.52,4.42,18813,8437116.0,2.26,1.36,0.06,0.45
2013-08-22,002137,4.51,4.5,4.52,4.46,18484,8297725.0,1.34,0.45,0.02,0.44
2013-08-23,002137,4.5,4.41,4.52,4.3,34816,15275572.0,4.89,-2.0,-0.09,0.84
2013-08-26,002137,4.42,4.53,4.55,4.32,28024,12467801.0,5.22,2.72,0.12,0.67
2013-08-27,002137,4.5,4.5,4.52,4.48,26301,11838986.0,0.88,-0.66,-0.03,0.63
2013-08-28,002137,4.48,4.59,4.6,4.4,55856,25178633.0,4.44,2.0,0.09,1.34
2013-08-29,002137,4.58,4.61,4.64,4.5,59574,27319725.0,3.05,0.44,0.02,1.43
2013-08-30,002137,4.62,4.43,4.63,4.43,47892,21621168.0,4.34,-3.9,-0.18,1.15
2013-09-02,002137,4.41,4.46,4.48,4.36,17491,7755240.0,2.71,0.68,0.03,0.42
2013-09-03,002137,4.46,4.48,4.49,4.43,16171,7228021.0,1.35,0.45,0.02,0.39
2013-09-04,002137,4.46,4.46,4.49,4.41,16000,7111238.0,1.79,-0.45,-0.02,0.38
2013-09-05,002137,4.43,4.5,4.56,4.41,34514,15509295.0,3.36,0.9,0.04,0.83
2013-09-06,002137,4.48,4.48,4.48,4.4,28257,12563266.0,1.78,-0.44,-0.02,0.68
2013-09-09,002137,4.47,4.46,4.49,4.42,30040,13381788.0,1.56,-0.45,-0.02,0.72
2013-09-10,002137,4.46,4.47,4.49,4.43,32429,14462074.0,1.35,0.22,0.01,0.78
2013-09-11,002137,4.48,4.5,4.55,4.47,49874,22492040.0,1.79,0.67,0.03,1.2
2013-09-12,002137,4.52,4.52,4.58,4.5,44548,20163630.0,1.78,0.44,0.02,1.07
2013-09-13,002137,4.52,4.52,4.54,4.44,27113,12148366.0,2.21,0.0,0.0,0.65
2013-09-16,002137,4.52,4.55,4.57,4.5,33630,15261375.0,1.55,0.66,0.03,0.81
2013-09-17,002137,4.55,4.53,4.63,4.51,45490,20794391.0,2.64,-0.44,-0.02,1.09
2013-09-18,002137,4.52,4.45,4.52,4.37,32252,14312307.0,3.31,-1.77,-0.08,0.77
2013-09-23,002137,4.44,4.49,4.5,4.43,24576,10987099.0,1.57,0.9,0.04,0.59
2013-09-24,002137,4.48,4.42,4.48,4.41,20598,9157192.0,1.56,-1.56,-0.07,0.49
2013-09-25,002137,4.45,4.34,4.45,4.3,28790,12662800.0,3.39,-1.81,-0.08,0.69
2013-09-26,002137,4.3,4.32,4.39,4.3,20685,8987131.0,2.07,-0.46,-0.02,0.5
2013-09-27,002137,4.31,4.31,4.35,4.28,19920,8570621.0,1.62,-0.23,-0.01,0.48
2013-09-30,002137,4.31,4.35,4.35,4.3,10787,4660018.0,1.16,0.93,0.04,0.26
2013-10-08,002137,4.34,4.37,4.39,4.32,21577,9400248.0,1.61,0.46,0.02,0.52
2013-10-09,002137,4.37,4.39,4.4,4.33,20904,9147373.0,1.6,0.46,0.02,0.5
2013-10-10,002137,4.38,4.34,4.39,4.32,17342,7548189.0,1.59,-1.14,-0.05,0.42
2013-10-11,002137,4.33,4.39,4.39,4.32,22328,9745979.0,1.61,1.15,0.05,0.54
2013-10-14,002137,4.39,4.43,4.44,4.37,25088,11082948.0,1.59,0.91,0.04,0.6
2013-10-15,002137,4.45,4.46,4.46,4.38,22453,9931215.0,1.81,0.68,0.03,0.54
2013-10-16,002137,4.46,4.31,4.46,4.3,24610,10714096.0,3.59,-3.36,-0.15,0.59
2013-10-17,002137,4.32,4.34,4.38,4.31,14706,6380496.0,1.62,0.7,0.03,0.35
2013-10-18,002137,4.35,4.33,4.36,4.3,9357,4054957.0,1.38,-0.23,-0.01,0.22
2013-10-21,002137,4.33,4.39,4.4,4.32,16026,6995707.0,1.85,1.39,0.06,0.38
2013-10-22,002137,4.38,4.39,4.41,4.33,28035,12282227.0,1.82,0.0,0.0,0.67
2013-10-23,002137,4.38,4.2,4.39,4.18,39625,16942675.0,4.78,-4.33,-0.19,0.95
2013-10-24,002137,4.2,4.12,4.22,4.1,21552,8966723.0,2.86,-1.9,-0.08,0.52
2013-10-25,002137,4.14,4.09,4.14,4.01,18236,7417154.0,3.16,-0.73,-0.03,0.44
2013-10-28,002137,4.09,4.06,4.1,4.02,9436,3835194.0,1.96,-0.73,-0.03,0.23
2013-10-29,002137,4.07,3.94,4.12,3.84,24810,9868469.0,6.9,-2.96,-0.12,0.6
2013-10-30,002137,3.93,4.02,4.05,3.91,14726,5882410.0,3.55,2.03,0.08,0.35
2013-10-31,002137,4.02,4.07,4.1,3.96,15982,6471175.0,3.48,1.24,0.05,0.38
2013-11-01,002137,4.07,4.02,4.07,4.01,9523,3837044.0,1.47,-1.23,-0.05,0.23
2013-11-04,002137,4.0,4.04,4.05,3.97,12106,4863900.0,1.99,0.5,0.02,0.29
2013-11-05,002137,4.04,4.05,4.06,3.98,9785,3930004.0,1.98,0.25,0.01,0.23
2013-11-06,002137,4.05,4.01,4.06,4.01,11276,4552052.0,1.23,-0.99,-0.04,0.27
2013-11-07,002137,3.99,3.93,4.03,3.93,13686,5445650.0,2.49,-2.0,-0.08,0.33
2013-11-08,002137,3.93,3.9,3.99,3.87,9202,3612876.0,3.05,-0.76,-0.03,0.22
2013-11-11,002137,3.89,3.95,3.95,3.88,7213,2832759.0,1.79,1.28,0.05,0.17
2013-11-12,002137,3.93,4.17,4.26,3.93,41590,17144362.0,8.35,5.57,0.22,1.0
2013-11-13,002137,4.23,4.11,4.23,4.08,30709,12719332.0,3.6,-1.44,-0.06,0.74
2013-11-14,002137,4.05,4.14,4.19,3.99,24018,9768872.0,4.87,0.73,0.03,0.58
2013-11-15,002137,4.11,4.13,4.19,4.11,28800,11959858.0,1.93,-0.24,-0.01,0.69
2013-11-18,002137,4.11,4.17,4.18,4.1,22219,9229150.0,1.94,0.97,0.04,0.53
2013-11-19,002137,4.15,4.15,4.19,4.14,24222,10077292.0,1.2,-0.48,-0.02,0.58
2013-11-20,002137,4.15,4.16,4.22,4.13,23833,9972563.0,2.17,0.24,0.01,0.57
2013-11-21,002137,4.16,4.17,4.2,4.12,14825,6174898.0,1.92,0.24,0.01,0.36
2013-11-22,002137,4.17,4.18,4.19,4.13,12141,5048985.0,1.44,0.24,0.01,0.29
2013-11-25,002137,4.19,4.16,4.19,4.13,12494,5210000.0,1.44,-0.48,-0.02,0.3
2013-11-26,002137,4.16,4.24,4.25,4.15,24738,10432702.0,2.4,1.92,0.08,0.59
2013-11-27,002137,4.23,4.25,4.29,4.2,20712,8788324.0,2.12,0.24,0.01,0.5
2013-11-28,002137,4.26,4.22,4.27,4.21,17333,7355049.0,1.41,-0.71,-0.03,0.42
2013-11-29,002137,4.23,4.22,4.24,4.19,14501,6107902.0,1.18,0.0,0.0,0.35
2013-12-02,002137,4.19,4.0,4.19,3.96,24256,9823741.0,5.45,-5.21,-0.22,0.58
2013-12-03,002137,3.95,4.1,4.1,3.93,15538,6257762.0,4.25,2.5,0.1,0.37
2013-12-04,002137,4.09,4.12,4.14,4.04,11926,4898034.0,2.44,0.49,0.02,0.29
2013-12-05,002137,4.12,4.16,4.29,4.12,20940,8808388.0,4.13,0.97,0.04,0.5
2013-12-06,002137,4.16,4.14,4.18,4.12,9719,4026894.0,1.44,-0.48,-0.02,0.23
2013-12-09,002137,4.15,4.15,4.17,4.11,12218,5055861.0,1.45,0.24,0.01,0.29
2013-12-10,002137,4.16,4.1,4.16,4.1,24945,10278839.0,1.45,-1.2,-0.05,0.6
2013-12-11,002137,4.13,4.07,4.13,4.04,16838,6864267.0,2.2,-0.73,-0.03,0.4
2013-12-12,002137,4.06,4.07,4.12,4.04,9698,3958138.0,1.97,0.0,0.0,0.23
2013-12-13,002137,4.05,4.04,4.1,4.04,13514,5495989.0,1.47,-0.74,-0.03,0.32
2013-12-16,002137,4.06,3.98,4.15,3.98,12633,5096335.0,4.21,-1.49,-0.06,0.3
2013-12-17,002137,4.0,3.98,4.0,3.95,9328,3709831.0,1.26,0.0,0.0,0.22
2013-12-18,002137,3.98,4.04,4.05,3.96,7650,3078206.0,2.26,1.51,0.06,0.18
2013-12-19,002137,4.06,3.98,4.08,3.95,8343,3349940.0,3.22,-1.49,-0.06,0.2
2013-12-20,002137,3.98,3.96,4.06,3.94,9473,3776200.0,3.02,-0.5,-0.02,0.23
2013-12-23,002137,3.96,3.89,3.97,3.82,14404,5591609.0,3.79,-1.77,-0.07,0.35
2013-12-24,002137,3.89,3.9,3.96,3.86,8521,3323965.0,2.57,0.26,0.01,0.2
2013-12-25,002137,3.88,3.94,3.94,3.87,5521,2161881.0,1.79,1.03,0.04,0.13
2013-12-26,002137,3.94,3.81,3.95,3.8,15899,6110896.0,3.81,-3.3,-0.13,0.38
2013-12-27,002137,3.84,3.94,3.94,3.82,14206,5519357.0,3.15,3.41,0.13,0.34
2013-12-30,002137,3.96,3.93,3.99,3.91,7493,2950470.0,2.03,-0.25,-0.01,0.18
2013-12-31,002137,3.92,3.96,3.97,3.91,16603,6556608.0,1.53,0.76,0.03,0.4
2014-01-02,002137,3.97,4.04,4.05,3.95,21648,8661128.0,2.53,2.02,0.08,0.52
2014-01-03,002137,4.03,4.02,4.07,3.99,14492,5846349.0,1.98,-0.5,-0.02,0.35
2014-01-06,002137,4.0,3.96,4.08,3.95,21954,8844944.0,3.23,-1.49,-0.06,0.53
2014-01-07,002137,3.92,4.01,4.12,3.86,26693,10668712.0,6.57,1.26,0.05,0.64
2014-01-08,002137,4.0,4.08,4.09,3.95,28547,11576699.0,3.49,1.75,0.07,0.69
2014-01-09,002137,4.05,3.92,4.07,3.9,20532,8194208.0,4.17,-3.92,-0.16,0.49
2014-01-10,002137,3.92,3.85,3.92,3.83,12654,4895099.0,2.3,-1.79,-0.07,0.3
2014-01-13,002137,3.94,3.88,3.94,3.81,9925,3831833.0,3.38,0.78,0.03,0.24
2014-01-14,002137,3.88,3.92,3.94,3.81,9447,3656373.0,3.35,1.03,0.04,0.23
2014-01-15,002137,3.82,3.94,4.05,3.82,15611,6175037.0,5.87,0.51,0.02,0.37
2014-01-16,002137,3.93,3.92,4.02,3.89,12741,5033178.0,3.3,-0.51,-0.02,0.31
2014-01-17,002137,3.89,3.85,3.91,3.82,9446,3646658.0,2.3,-1.79,-0.07,0.23
2014-01-20,002137,3.82,3.88,3.88,3.82,9941,3823787.0,1.56,0.78,0.03,0.24
2014-01-21,002137,3.88,3.88,3.91,3.85,10937,4235289.0,1.55,0.0,0.0,0.26
2014-01-22,002137,3.89,3.97,4.0,3.88,21138,8361687.0,3.09,2.32,0.09,0.51
2014-01-23,002137,3.95,3.98,4.02,3.94,20122,8028921.0,2.02,0.25,0.01,0.48
2014-01-24,002137,3.98,4.02,4.02,3.93,25307,10117667.0,2.26,1.01,0.04,0.61
2014-01-27,002137,4.01,4.0,4.02,3.95,16412,6541051.0,1.74,-0.5,-0.02,0.39
2014-01-28,002137,4.01,3.96,4.02,3.92,21596,8549255.0,2.5,-1.0,-0.04,0.52
2014-01-29,002137,3.96,3.97,3.99,3.93,15627,6187661.0,1.52,0.25,0.01,0.38
2014-01-30,002137,3.95,3.94,3.98,3.93,9239,3653473.0,1.26,-0.76,-0.03,0.22
2014-02-07,002137,3.94,4.02,4.02,3.87,14485,5743556.0,3.81,2.03,0.08,0.35
2014-02-10,002137,4.01,4.1,4.11,4.01,36021,14695394.0,2.49,1.99,0.08,0.86
2014-02-11,002137,4.08,4.12,4.15,4.07,23199,9540442.0,1.95,0.49,0.02,0.56
2014-02-12,002137,4.12,4.13,4.16,4.07,29130,12019252.0,2.18,0.24,0.01,0.7
2014-02-13,002137,4.14,4.1,4.21,4.1,24182,10073687.0,2.66,-0.73,-0.03,0.58
2014-02-20,002137,4.3,4.51,4.51,4.2,216668,96474269.0,7.56,10.0,0.41,5.2
2014-02-21,002137,4.4,4.27,4.47,4.23,106794,46207371.0,5.32,-5.32,-0.24,2.56
2014-02-24,002137,4.29,4.7,4.7,4.23,272262,125977417.0,11.01,10.07,0.43,6.53
2014-02-25,002137,4.9,4.73,5.1,4.63,322097,157275645.0,10.0,0.64,0.03,7.73
2014-02-26,002137,4.6,4.86,4.9,4.48,174159,81571982.0,8.88,2.75,0.13,4.18
2014-02-27,002137,4.81,4.57,4.81,4.56,126577,59431405.0,5.14,-5.97,-0.29,3.04
2014-02-28,002137,4.5,4.5,4.57,4.35,109682,48670738.0,4.81,-1.53,-0.07,2.63
2014-03-03,002137,4.46,4.63,4.8,4.41,118558,54321673.0,8.67,2.89,0.13,2.85
2014-03-04,002137,4.6,4.49,4.6,4.45,70955,32048974.0,3.24,-3.02,-0.14,1.7
2014-03-05,002137,4.53,4.53,4.6,4.47,52148,23629015.0,2.9,0.89,0.04,1.25
2014-03-06,002137,4.51,4.45,4.52,4.37,48786,21639009.0,3.31,-1.77,-0.08,1.17
2014-03-07,002137,4.45,4.5,4.54,4.41,41244,18496945.0,2.92,1.12,0.05,0.99
2014-03-10,002137,4.42,4.33,4.57,4.29,41962,18515325.0,6.22,-3.78,-0.17,1.01
2014-03-11,002137,4.32,4.38,4.43,4.24,38592,16720238.0,4.39,1.15,0.05,0.93
2014-03-12,002137,4.37,4.33,4.39,4.25,28166,12155246.0,3.2,-1.14,-0.05,0.68
2014-03-13,002137,4.35,4.38,4.39,4.32,29602,12886499.0,1.62,1.15,0.05,0.71
2014-03-14,002137,4.36,4.35,4.43,4.31,31176,13628242.0,2.74,-0.68,-0.03,0.75
2014-03-17,002137,4.33,4.47,4.48,4.32,32541,14360139.0,3.68,2.76,0.12,0.78
2014-03-18,002137,4.47,4.4,4.5,4.38,29430,13026214.0,2.68,-1.57,-0.07,0.71
2014-03-19,002137,4.41,4.46,4.47,4.35,33728,14839206.0,2.73,1.36,0.06,0.81
2014-03-20,002137,4.48,4.27,4.48,4.27,32702,14335075.0,4.71,-4.26,-0.19,0.78
2014-03-21,002137,4.27,4.34,4.36,4.22,36733,15712304.0,3.28,1.64,0.07,0.88
2014-03-24,002137,4.34,4.38,4.4,4.3,21767,9464028.0,2.3,0.92,0.04,0.52
2014-03-25,002137,4.35,4.43,4.47,4.32,39850,17589971.0,3.42,1.14,0.05,0.96
2014-03-26,002137,4.42,4.56,4.64,4.4,37184,16596042.0,5.42,2.93,0.13,0.89
2014-03-27,002137,4.54,4.48,4.61,4.47,77495,35235077.0,3.07,-1.75,-0.08,1.86
2014-03-28,002137,4.48,4.37,4.54,4.33,32255,14273812.0,4.69,-2.46,-0.11,0.77
2014-03-31,002137,4.36,4.29,4.4,4.29,18745,8104195.0,2.52,-1.83,-0.08,0.45
2014-04-01,002137,4.3,4.48,4.49,4.3,26592,11712395.0,4.43,4.43,0.19,0.64
2014-04-02,002137,4.46,4.38,4.51,4.37,28421,12601713.0,3.13,-2.23,-0.1,0.68
2014-04-03,002137,4.39,4.42,4.45,4.33,18764,8254049.0,2.74,0.91,0.04,0.45
2014-04-04,002137,4.41,4.43,4.45,4.36,20080,8840859.0,2.04,0.23,0.01,0.48
2014-04-08,002137,4.41,4.49,4.51,4.4,38363,17172511.0,2.48,1.35,0.06,0.92
2014-04-09,002137,4.52,4.49,4.52,4.46,22674,10181548.0,1.34,0.0,0.0,0.54
2014-04-10,002137,4.47,4.52,4.56,4.42,39477,17821366.0,3.12,0.67,0.03,0.95
2014-04-11,002137,4.48,4.46,4.51,4.44,22449,10026874.0,1.55,-1.33,-0.06,0.54
2014-04-14,002137,4.46,4.52,4.54,4.46,23237,10474020.0,1.79,1.35,0.06,0.56
2014-04-15,002137,4.52,4.48,4.55,4.45,19422,8740165.0,2.21,-0.88,-0.04,0.47
2014-04-16,002137,4.46,4.49,4.5,4.42,19778,8824679.0,1.79,0.22,0.01,0.47
2014-04-17,002137,4.5,4.46,4.5,4.44,14444,6440257.0,1.34,-0.67,-0.03,0.35
2014-04-18,002137,4.45,4.6,4.6,4.42,40178,18142770.0,4.04,3.14,0.14,0.96
2014-04-21,002137,4.58,4.55,4.66,4.5,56731,25980449.0,3.48,-1.09,-0.05,1.36
2014-04-22,002137,4.53,4.44,4.55,4.38,25810,11513184.0,3.74,-2.42,-0.11,0.62
2014-04-23,002137,4.46,4.42,4.48,4.39,14659,6499067.0,2.03,-0.45,-0.02,0.35
2014-04-24,002137,4.42,4.41,4.45,4.39,20969,9247656.0,1.36,-0.23,-0.01,0.5
2014-04-25,002137,4.37,4.27,4.44,4.26,20459,8886938.0,4.08,-3.17,-0.14,0.49
2014-04-28,002137,4.29,4.24,4.3,4.12,32213,13680717.0,4.22,-0.7,-0.03,0.77
2014-04-29,002137,4.27,4.24,4.29,4.17,24267,10268563.0,2.83,0.0,0.0,0.58
2014-04-30,002137,4.27,4.3,4.32,4.23,18033,7730472.0,2.12,1.42,0.06,0.43
2014-05-05,002137,4.37,4.32,4.37,4.27,13853,5973182.0,2.33,0.47,0.02,0.33
2014-05-06,002137,4.33,4.31,4.35,4.26,15861,6839102.0,2.08,-0.23,-0.01,0.38
2014-05-07,002137,4.32,4.29,4.36,4.27,13161,5685053.0,2.09,-0.46,-0.02,0.32
2014-05-08,002137,4.29,4.27,4.35,4.23,10988,4721590.0,2.8,-0.47,-0.02,0.26
2014-05-09,002137,4.25,4.23,4.3,4.15,18394,7753288.0,3.51,-0.94,-0.04,0.44
2014-05-12,002137,4.24,4.32,4.33,4.21,18273,7832506.0,2.84,2.13,0.09,0.44
2014-05-13,002137,4.32,4.35,4.37,4.29,15953,6918543.0,1.85,0.69,0.03,0.38
2014-05-14,002137,4.35,4.32,4.36,4.3,16856,7271056.0,1.38,-0.69,-0.03,0.4
2014-05-15,002137,4.32,4.2,4.32,4.2,11693,4960435.0,2.78,-2.78,-0.12,0.28
2014-05-16,002137,4.2,4.21,4.25,4.15,6606,2768803.0,2.38,0.24,0.01,0.16
2014-05-19,002137,4.21,4.2,4.23,4.14,8193,3417046.0,2.14,-0.24,-0.01,0.2
2014-05-20,002137,4.22,4.17,4.24,4.14,8799,3680089.0,2.38,-0.71,-0.03,0.21
2014-05-21,002137,4.18,4.21,4.23,4.15,12019,5038834.0,1.92,0.96,0.04,0.29
2014-05-22,002137,4.2,4.18,4.25,4.17,11416,4803806.0,1.9,-0.71,-0.03,0.27
2014-05-23,002137,4.18,4.19,4.2,4.14,17879,7437429.0,1.44,0.24,0.01,0.43
2014-05-26,002137,4.19,4.24,4.25,4.18,16718,7044442.0,1.67,1.19,0.05,0.4
2014-05-27,002137,4.21,4.21,4.25,4.2,9779,4134048.0,1.18,-0.71,-0.03,0.23
2014-05-28,002137,4.2,4.26,4.27,4.2,12926,5482812.0,1.66,1.19,0.05,0.31
2014-05-29,002137,4.26,4.26,4.32,4.25,23354,10009777.0,1.64,0.0,0.0,0.56
2014-05-30,002137,4.29,4.27,4.29,4.23,9826,4189185.0,1.41,0.23,0.01,0.24
2014-06-03,002137,4.3,4.4,4.46,4.26,46292,20284516.0,4.68,3.04,0.13,1.11
2014-06-04,002137,4.44,4.54,4.6,4.37,78710,35518887.0,5.23,3.18,0.14,1.89
2014-06-05,002137,4.53,4.5,4.59,4.44,33416,14989925.0,3.3,-0.88,-0.04,0.8
2014-06-06,002137,4.52,4.51,4.53,4.46,19307,8666978.0,1.56,0.22,0.01,0.46
2014-06-09,002137,4.5,4.43,4.5,4.41,24967,11092344.0,2.0,-1.77,-0.08,0.6
2014-06-10,002137,4.41,4.51,4.53,4.41,18535,8293789.0,2.71,1.81,0.08,0.44
2014-06-11,002137,4.55,4.5,4.55,4.44,17806,7979249.0,2.44,-0.22,-0.01,0.43
2014-06-12,002137,4.49,4.43,4.5,4.43,15421,6894279.0,1.56,-1.56,-0.07,0.37
2014-06-13,002137,4.44,4.51,4.51,4.42,19899,8907337.0,2.03,1.81,0.08,0.48
2014-06-16,002137,4.51,4.52,4.54,4.47,20158,9081694.0,1.55,0.22,0.01,0.48
2014-06-17,002137,4.52,4.51,4.53,4.43,19025,8489524.0,2.21,-0.22,-0.01,0.46
2014-06-18,002137,4.54,4.96,4.96,4.52,181632,88747108.0,9.76,9.98,0.45,4.36
2014-06-19,002137,4.96,4.77,4.96,4.65,140946,67502434.0,6.25,-3.83,-0.19,3.38
2014-06-20,002137,4.77,4.73,4.79,4.62,73158,34402015.0,3.56,-0.84,-0.04,1.76
2014-06-23,002137,4.69,4.7,4.81,4.67,70626,33472453.0,2.96,-0.63,-0.03,1.7
2014-06-24,002137,4.68,4.67,4.74,4.62,49162,22926060.0,2.55,-0.64,-0.03,1.18
2014-06-25,002137,4.68,4.6,4.68,4.58,34856,16090543.0,2.14,-1.5,-0.07,0.84
2014-06-26,002137,4.61,4.69,4.7,4.57,48956,22736430.0,2.83,1.96,0.09,1.17
2014-06-27,002137,4.69,4.66,4.72,4.62,39722,18531211.0,2.13,-0.64,-0.03,0.95
2014-06-30,002137,4.66,5.13,5.13,4.63,101310,50205708.0,10.73,10.09,0.47,2.43
2014-07-01,002137,5.39,5.48,5.6,5.29,322709,176128784.0,6.04,6.82,0.35,7.74
2014-07-02,002137,5.48,5.43,5.64,5.35,199705,109353139.0,5.29,-0.91,-0.05,4.79
2014-07-03,002137,5.32,5.33,5.39,5.22,122891,65161517.0,3.13,-1.84,-0.1,2.95
2014-07-04,002137,5.27,5.3,5.55,5.24,107841,58361619.0,5.82,-0.56,-0.03,2.59
2014-07-07,002137,5.33,5.4,5.42,5.15,69532,36927364.0,5.09,1.89,0.1,1.67
2014-07-08,002137,5.45,5.37,5.45,5.2,66719,35556375.0,4.63,-0.56,-0.03,1.6
2014-07-09,002137,5.35,5.27,5.49,5.26,84406,45272915.0,4.28,-1.86,-0.1,2.02
2014-07-10,002137,5.24,5.27,5.3,5.15,59383,30966214.0,2.85,0.0,0.0,1.42
2014-07-11,002137,5.25,5.28,5.35,5.18,49343,25998578.0,3.23,0.19,0.01,1.18
2014-07-14,002137,5.23,5.38,5.46,5.23,61878,33206683.0,4.36,1.89,0.1,1.48
2014-07-15,002137,5.38,5.28,5.4,5.23,43734,23204787.0,3.16,-1.86,-0.1,1.05
2014-07-16,002137,5.21,5.09,5.27,5.02,63564,32764274.0,4.73,-3.6,-0.19,1.52
2014-07-17,002137,5.03,5.14,5.14,5.01,25681,13085426.0,2.55,0.98,0.05,0.62
2014-07-18,002137,5.14,5.12,5.21,5.11,25646,13259720.0,1.95,-0.39,-0.02,0.62
2014-07-21,002137,5.12,5.14,5.2,5.1,17878,9198055.0,1.95,0.39,0.02,0.43
2014-07-22,002137,5.16,5.24,5.29,5.1,40547,21190701.0,3.7,1.95,0.1,0.97
2014-07-23,002137,5.22,5.18,5.34,5.11,24151,12618666.0,4.39,-1.15,-0.06,0.58
2014-07-24,002137,5.16,5.06,5.21,5.01,41951,21293660.0,3.86,-2.32,-0.12,1.01
2014-07-25,002137,5.1,5.12,5.14,5.04,15898,8097008.0,1.98,1.19,0.06,0.38
2014-07-28,002137,5.12,5.17,5.23,5.1,28453,14726385.0,2.54,0.98,0.05,0.68
2014-07-29,002137,5.21,5.19,5.23,5.15,35777,18590394.0,1.55,0.39,0.02,0.86
2014-07-30,002137,5.2,5.27,5.28,5.17,41180,21539218.0,2.12,1.54,0.08,0.99
2014-07-31,002137,5.32,5.27,5.32,5.2,39105,20530236.0,2.28,0.0,0.0,0.94
2014-08-01,002137,5.27,5.1,5.28,5.1,38992,20214872.0,3.42,-3.23,-0.17,0.94
2014-08-04,002137,5.1,5.16,5.16,5.08,29550,15150705.0,1.57,1.18,0.06,0.71
2014-08-05,002137,5.14,5.25,5.27,5.14,47402,24701588.0,2.52,1.74,0.09,1.14
2014-08-06,002137,5.25,5.25,5.28,5.19,36940,19378035.0,1.71,0.0,0.0,0.89
2014-08-07,002137,5.25,5.21,5.34,5.21,39404,20771447.0,2.48,-0.76,-0.04,0.95
2014-08-08,002137,5.2,5.18,5.26,5.15,28931,15041879.0,2.11,-0.58,-0.03,0.69
2014-08-11,002137,5.19,5.27,5.28,5.17,39639,20756521.0,2.12,1.74,0.09,0.95
2014-08-12,002137,5.26,5.29,5.38,5.24,68854,36582343.0,2.66,0.38,0.02,1.65
2014-08-13,002137,5.31,5.59,5.69,5.31,148833,81984022.0,7.18,5.67,0.3,3.57
2014-08-14,002137,5.6,5.41,5.65,5.41,93837,51694075.0,4.29,-3.22,-0.18,2.25
2014-08-15,002137,5.4,5.45,5.49,5.36,52372,28348409.0,2.4,0.74,0.04,1.26
2014-08-18,002137,5.6,5.61,5.7,5.5,90737,50817213.0,3.67,2.94,0.16,2.18
2014-08-19,002137,5.59,5.51,5.59,5.44,69522,38228147.0,2.67,-1.78,-0.1,1.67
2014-08-20,002137,5.59,6.06,6.06,5.57,248698,148336854.0,8.89,9.98,0.55,5.48
2014-08-21,002137,6.12,5.98,6.17,5.77,203603,120890682.0,6.6,-1.32,-0.08,4.49
2014-08-22,002137,5.88,5.89,5.95,5.81,107452,63182714.0,2.34,-1.51,-0.09,2.37
2014-08-25,002137,5.88,5.77,5.91,5.71,63236,36723451.0,3.4,-2.04,-0.12,1.39
2014-08-26,002137,5.74,5.84,6.04,5.72,96031,56677610.0,5.55,1.21,0.07,2.12
2014-08-27,002137,5.86,6.1,6.37,5.82,150026,91872628.0,9.42,4.45,0.26,3.31
2014-08-28,002137,6.13,6.08,6.24,6.01,90276,55229010.0,3.77,-0.33,-0.02,1.99
2014-08-29,002137,6.07,6.48,6.57,6.01,116963,74700656.0,9.21,6.58,0.4,2.58
2014-09-01,002137,6.48,6.54,6.65,6.32,112399,73258979.0,5.09,0.93,0.06,2.48
2014-09-02,002137,6.53,6.57,6.68,6.42,106905,69943278.0,3.98,0.46,0.03,2.36
2014-09-03,002137,6.6,6.46,6.6,6.39,107669,69558063.0,3.2,-1.67,-0.11,2.37
2014-09-04,002137,6.46,6.88,7.04,6.46,140016,95529031.0,8.98,6.5,0.42,3.09
2014-09-05,002137,6.9,6.86,6.96,6.72,82442,56249840.0,3.49,-0.29,-0.02,1.82
2014-09-09,002137,6.9,7.32,7.47,6.8,130899,94714755.0,9.77,6.71,0.46,2.88
2014-09-10,002137,7.24,7.36,7.53,7.19,117510,86499792.0,4.64,0.55,0.04,2.59
2014-09-11,002137,7.36,7.39,7.45,7.23,84077,61460923.0,2.99,0.41,0.03,1.85
2014-09-12,002137,7.35,7.4,7.57,7.26,75243,55648670.0,4.19,0.14,0.01,1.66
2014-09-15,002137,7.27,7.33,7.5,7.2,79520,58111282.0,4.05,-0.95,-0.07,1.75
2014-09-16,002137,7.32,6.75,7.42,6.67,145476,102572664.0,10.23,-7.91,-0.58,3.21
2014-09-17,002137,6.75,6.76,6.9,6.57,75255,50522041.0,4.89,0.15,0.01,1.66
2014-09-18,002137,6.76,6.92,7.04,6.76,75161,51955860.0,4.14,2.37,0.16,1.66
2014-09-19,002137,6.91,7.61,7.61,6.88,220857,164886919.0,10.55,9.97,0.69,4.87
2014-09-22,002137,7.7,7.92,8.1,7.57,177691,139173853.0,6.96,4.07,0.31,3.92
2014-09-23,002137,8.01,7.92,8.01,7.72,75829,59343403.0,3.66,0.0,0.0,1.67
2014-09-24,002137,7.87,7.92,8.25,7.76,103006,82762684.0,6.19,0.0,0.0,2.27
2014-09-25,002137,7.96,7.76,8.0,7.76,76261,59971519.0,3.03,-2.02,-0.16,1.68
2014-09-26,002137,7.76,7.83,7.87,7.54,67980,52523854.0,4.25,0.9,0.07,1.5
2014-09-29,002137,7.84,8.25,8.37,7.84,106252,86588920.0,6.77,5.36,0.42,2.34
2014-09-30,002137,8.26,8.24,8.39,8.11,67377,55204965.0,3.39,-0.12,-0.01,1.48
2014-10-08,002137,8.24,8.24,8.31,8.05,59509,48724190.0,3.16,0.0,0.0,1.31
2014-10-09,002137,8.24,8.28,8.5,8.05,69170,57061909.0,5.46,0.49,0.04,1.52
2014-10-10,002137,8.38,8.08,8.38,8.01,51095,41536187.0,4.47,-2.42,-0.2,1.13
2014-10-13,002137,8.07,8.01,8.12,7.75,54320,43147077.0,4.58,-0.87,-0.07,1.2
2014-10-14,002137,8.01,7.92,8.12,7.89,38481,30752487.0,2.87,-1.12,-0.09,0.85
2014-10-15,002137,7.92,8.02,8.07,7.88,34550,27605226.0,2.4,1.26,0.1,0.76
2014-10-16,002137,8.0,7.79,8.0,7.76,44411,35024464.0,2.99,-2.87,-0.23,0.98
2014-10-17,002137,7.78,7.63,7.9,7.22,56103,42774446.0,8.73,-2.05,-0.16,1.24
2014-10-20,002137,7.58,8.06,8.08,7.57,61610,48548934.0,6.68,5.64,0.43,1.36
2014-10-21,002137,8.03,8.37,8.87,8.03,156812,134706653.0,10.42,3.85,0.31,3.46
2014-10-22,002137,8.38,8.48,8.7,8.2,92477,78117704.0,5.97,1.31,0.11,2.04
2014-10-23,002137,8.22,8.12,8.49,8.1,66104,54720237.0,4.6,-4.25,-0.36,1.46
2014-10-24,002137,8.16,8.43,8.45,7.8,64071,52386697.0,8.0,3.82,0.31,1.41
2014-10-27,002137,8.4,8.6,8.75,8.2,84036,71360429.0,6.52,2.02,0.17,1.85
2014-10-28,002137,8.6,8.79,9.08,8.58,89909,79404121.0,5.81,2.21,0.19,1.98
2014-10-29,002137,8.8,8.89,8.93,8.7,72427,63811279.0,2.62,1.14,0.1,1.6
2014-10-30,002137,8.87,8.8,8.92,8.76,41882,36960663.0,1.8,-1.01,-0.09,0.92
2014-10-31,002137,8.75,9.09,9.28,8.7,107786,97685919.0,6.59,3.3,0.29,2.37
2014-11-03,002137,9.08,9.15,9.27,9.0,64063,58576080.0,2.97,0.66,0.06,1.41
2014-11-04,002137,9.16,9.21,9.3,9.02,65641,59916226.0,3.06,0.66,0.06,1.45
2014-11-05,002137,9.18,9.08,9.2,9.05,38121,34711572.0,1.63,-1.41,-0.13,0.84
2014-11-06,002137,9.1,9.01,9.1,8.9,44906,40344995.0,2.2,-0.77,-0.07,0.99
2014-11-07,002137,9.03,8.76,9.06,8.72,57678,51401821.0,3.77,-2.77,-0.25,1.27
2014-11-10,002137,8.72,8.86,8.96,8.7,38297,33752476.0,2.97,1.14,0.1,0.84
2014-11-11,002137,8.81,8.7,8.93,8.44,45847,39654947.0,5.53,-1.81,-0.16,1.01
2014-11-12,002137,8.69,9.1,9.1,8.56,49324,43872892.0,6.21,4.6,0.4,1.09
2014-11-13,002137,9.2,8.9,9.29,8.86,59570,53999369.0,4.73,-2.2,-0.2,1.31
2014-11-14,002137,8.88,8.83,9.0,8.66,34462,30360628.0,3.82,-0.79,-0.07,0.76
2014-11-17,002137,8.94,8.82,8.95,8.63,55765,48872504.0,3.62,-0.11,-0.01,1.23
2014-11-18,002137,8.82,8.52,8.88,7.94,67798,58106680.0,10.66,-3.4,-0.3,1.49
2014-11-19,002137,8.5,8.66,8.68,8.48,40994,35259658.0,2.35,1.64,0.14,0.9
2014-11-20,002137,8.63,8.7,8.74,8.5,30346,26327429.0,2.77,0.46,0.04,0.67
2014-11-21,002137,8.7,8.61,8.76,8.55,42019,36189159.0,2.41,-1.03,-0.09,0.93
2014-11-24,002137,8.69,8.43,8.7,8.23,75230,63505013.0,5.46,-2.09,-0.18,1.66
2014-11-25,002137,8.42,8.55,8.59,8.37,35013,29881770.0,2.61,1.42,0.12,0.77
2014-11-26,002137,8.55,8.57,8.65,8.48,40100,34280226.0,1.99,0.23,0.02,0.96
2014-11-27,002137,8.68,9.27,9.35,8.59,131544,119905454.0,8.87,8.17,0.7,3.15
2014-11-28,002137,9.31,9.18,9.32,9.03,67239,61477774.0,3.13,-0.97,-0.09,1.61
2014-12-01,002137,9.15,9.13,9.3,8.94,59989,54614419.0,3.92,-0.54,-0.05,1.44
2014-12-02,002137,9.1,9.08,9.24,8.98,59202,53995307.0,2.85,-0.55,-0.05,1.42
2014-12-03,002137,9.1,9.17,9.3,8.9,67122,61124288.0,4.41,0.99,0.09,1.61
2014-12-04,002137,9.18,9.13,9.26,9.07,47331,43179482.0,2.07,-0.44,-0.04,1.13
2014-12-05,002137,9.13,8.58,9.18,8.53,86598,75312164.0,7.12,-6.02,-0.55,2.08
2014-12-08,002137,8.28,8.15,8.58,8.15,78003,64652336.0,5.01,-5.01,-0.43,1.87
2014-12-09,002137,8.15,7.52,8.15,7.51,89246,69644059.0,7.85,-7.73,-0.63,2.14
2014-12-10,002137,7.52,7.77,7.8,7.44,43363,33221060.0,4.79,3.32,0.25,1.04
2014-12-11,002137,7.77,7.97,8.0,7.71,37311,29493622.0,3.73,2.57,0.2,0.89
2014-12-12,002137,7.97,8.09,8.15,7.91,33686,27267503.0,3.01,1.51,0.12,0.81
2014-12-15,002137,8.09,8.1,8.16,7.91,45444,36511297.0,3.09,0.12,0.01,1.09
2014-12-16,002137,8.08,7.95,8.14,7.85,47087,37420586.0,3.58,-1.85,-0.15,1.13
2014-12-17,002137,7.93,7.7,7.93,7.55,59645,45781199.0,4.78,-3.14,-0.25,1.43
2014-12-18,002137,7.7,7.6,7.77,7.51,40821,31049625.0,3.38,-1.3,-0.1,0.98
2014-12-19,002137,7.61,7.22,7.62,7.12,67379,49273229.0,6.58,-5.0,-0.38,1.61
2014-12-22,002137,7.27,6.55,7.27,6.5,67477,45317273.0,10.66,-9.28,-0.67,1.62
2014-12-23,002137,6.6,6.65,6.78,6.48,38058,25449353.0,4.58,1.53,0.1,0.91
2014-12-24,002137,6.69,6.76,6.82,6.69,30501,20653975.0,1.95,1.65,0.11,0.73
2014-12-25,002137,6.71,6.97,7.06,6.71,32971,22848584.0,5.18,3.11,0.21,0.79
2015-01-14,002137,7.6,7.03,7.6,7.0,78646,56938854.0,8.61,0.86,0.06,1.88
2015-01-15,002137,6.9,6.8,6.99,6.72,44374,30285860.0,3.84,-3.27,-0.23,1.06
2015-01-16,002137,6.8,6.81,6.86,6.65,47099,31794650.0,3.09,0.15,0.01,1.13
2015-01-19,002137,6.65,6.59,6.86,6.49,32997,22188367.0,5.43,-3.23,-0.22,0.79
2015-01-20,002137,6.61,6.94,6.95,6.61,39570,27009602.0,5.16,5.31,0.35,0.95
2015-01-21,002137,6.97,7.04,7.17,6.95,80154,56561555.0,3.17,1.44,0.1,1.92
2015-01-22,002137,7.09,7.24,7.26,7.0,71503,50724054.0,3.69,2.84,0.2,1.71
2015-01-23,002137,7.25,7.16,7.4,7.15,65919,47982631.0,3.45,-1.1,-0.08,1.58
2015-01-26,002137,7.17,7.25,7.3,7.16,54444,39309240.0,1.96,1.26,0.09,1.3
2015-01-27,002137,7.25,7.27,7.31,7.11,62445,45110376.0,2.76,0.28,0.02,1.5
2015-01-28,002137,7.27,7.18,7.27,7.17,35638,25716553.0,1.38,-1.24,-0.09,0.85
2015-01-29,002137,7.14,7.15,7.24,7.1,36219,25968958.0,1.95,-0.42,-0.03,0.87
2015-01-30,002137,7.2,7.1,7.23,7.08,28553,20383525.0,2.1,-0.7,-0.05,0.68
2015-02-02,002137,7.04,7.12,7.24,7.01,32812,23502542.0,3.24,0.28,0.02,0.79
2015-02-03,002137,7.18,7.83,7.83,7.13,141781,107512313.0,9.83,9.97,0.71,3.4
2015-02-04,002137,7.93,7.67,8.03,7.66,111525,86940175.0,4.73,-2.04,-0.16,2.67
2015-02-05,002137,7.73,7.82,7.99,7.6,107021,83991306.0,5.08,1.96,0.15,2.56
2015-02-06,002137,7.77,7.77,7.97,7.74,53010,41525137.0,2.94,-0.64,-0.05,1.27
2015-02-09,002137,7.75,7.52,7.79,7.46,51050,38570536.0,4.25,-3.22,-0.25,1.22
2015-02-10,002137,7.5,7.55,7.71,7.36,34927,26371066.0,4.65,0.4,0.03,0.84
2015-02-11,002137,7.62,7.63,7.7,7.51,38484,29354447.0,2.52,1.06,0.08,0.92
2015-02-12,002137,7.65,8.06,8.24,7.62,71291,56980265.0,8.13,5.64,0.43,1.71
2015-02-13,002137,8.06,8.03,8.26,7.99,78581,63726230.0,3.35,-0.37,-0.03,1.88
2015-02-16,002137,8.03,8.18,8.26,8.03,42385,34564403.0,2.86,1.87,0.15,1.02
2015-02-17,002137,8.19,8.18,8.27,8.09,43493,35603830.0,2.2,0.0,0.0,1.04
2015-02-25,002137,8.29,8.55,8.8,8.29,104324,89629616.0,6.23,4.52,0.37,2.5
2015-02-26,002137,8.55,8.42,8.64,8.33,80672,68186155.0,3.63,-1.52,-0.13,1.93
2015-02-27,002137,8.43,8.5,8.61,8.37,70738,60072856.0,2.85,0.95,0.08,1.69
2015-03-02,002137,8.59,8.95,9.19,8.5,124364,110466843.0,8.12,5.29,0.45,2.98
2015-03-03,002137,8.95,9.08,9.19,8.85,87047,79025607.0,3.8,1.45,0.13,2.09
2015-03-04,002137,9.08,8.98,9.4,8.91,102759,94509702.0,5.4,-1.1,-0.1,2.46
2015-03-05,002137,8.97,9.02,9.12,8.9,66695,60142687.0,2.45,0.45,0.04,1.6
2015-03-06,002137,9.0,8.76,9.0,8.52,136600,118487282.0,5.32,-2.88,-0.26,3.27
2015-03-09,002137,8.76,8.89,9.0,8.52,70983,62385008.0,5.48,1.48,0.13,1.7
2015-03-10,002137,8.93,8.97,9.18,8.92,55028,49872439.0,2.92,0.9,0.08,1.32
2015-03-11,002137,8.95,8.83,9.1,8.76,46628,41271727.0,3.79,-1.56,-0.14,1.12
2015-03-12,002137,8.75,9.26,9.48,8.75,129584,119788145.0,8.27,4.87,0.43,3.1
2015-03-13,002137,9.27,9.6,9.94,9.18,133405,126607877.0,8.21,3.67,0.34,3.2
2015-03-16,002137,9.73,10.38,10.56,9.73,289756,300386288.0,8.65,8.13,0.78,6.94
2015-03-17,002137,10.27,10.9,11.07,10.24,238794,254284713.0,8.0,5.01,0.52,5.72
2015-03-18,002137,10.88,10.9,11.0,10.56,125589,135653027.0,4.04,0.0,0.0,3.01
2015-03-19,002137,10.91,11.5,11.89,10.58,177002,200401964.0,12.02,5.5,0.6,4.24
2015-11-16,002137,12.65,12.65,12.65,12.65,59055,74704372.0,0.0,10.0,1.15,2.31
2015-11-17,002137,13.92,13.92,13.92,13.92,108175,150579683.0,0.0,10.04,1.27,4.24
2015-11-18,002137,14.51,15.31,15.31,14.0,583682,878946384.0,9.41,9.99,1.39,22.86
2015-11-19,002137,16.27,16.84,16.84,16.12,114229,189166215.0,4.7,9.99,1.53,4.47
2015-11-20,002137,18.52,18.52,18.52,18.0,116486,215576798.0,3.09,9.98,1.68,4.56
2015-11-23,002137,20.0,16.67,20.0,16.67,674218,1175419968.0,17.98,-9.99,-1.85,26.41
2015-11-24,002137,17.1,17.64,18.34,16.83,527251,925139120.0,9.06,5.82,0.97,20.65
2015-11-25,002137,17.15,17.69,17.98,16.86,394308,685247856.0,6.35,0.28,0.05,15.44
2015-11-26,002137,17.75,19.4,19.46,17.65,505646,949175200.0,10.23,9.67,1.71,19.8
2015-11-27,002137,18.6,17.46,18.88,17.46,315719,573318704.0,7.32,-10.0,-1.94,12.37
2015-11-30,002137,17.7,18.84,19.2,17.46,328121,601802672.0,9.97,7.9,1.38,12.85
2015-12-01,002137,18.59,18.45,20.59,18.43,314144,613083040.0,11.46,-2.07,-0.39,12.3
2015-12-02,002137,18.0,17.0,18.25,16.61,234945,410095808.0,8.89,-7.86,-1.45,9.2
2015-12-03,002137,17.3,18.7,18.7,17.26,210922,379963408.0,8.47,10.0,1.7,8.26
2015-12-04,002137,18.26,19.71,20.5,18.19,277457,540792000.0,12.35,5.4,1.01,10.87
2015-12-07,002137,20.48,21.68,21.68,20.2,321674,686110128.0,7.51,9.99,1.97,12.6
2015-12-08,002137,21.85,20.59,22.2,20.37,280481,588958128.0,8.44,-5.03,-1.09,10.99
2015-12-09,002137,20.28,20.18,21.89,20.04,210869,444141296.0,8.98,-1.99,-0.41,8.26
2015-12-10,002137,19.82,21.3,21.88,19.42,231901,471665552.0,12.19,5.55,1.12,9.08
2015-12-11,002137,20.98,22.36,22.88,20.6,211815,463130912.0,10.7,4.98,1.06,8.3
2015-12-14,002137,21.88,21.82,22.75,20.36,201604,434868352.0,10.69,-2.42,-0.54,7.9
2015-12-15,002137,21.6,23.07,23.52,21.37,149162,337852192.0,9.85,5.73,1.25,5.84
2015-12-16,002137,23.06,22.97,24.0,22.56,161264,375812432.0,6.24,-0.43,-0.1,6.32
2015-12-17,002137,22.83,23.03,23.45,22.3,147660,338172592.0,5.01,0.26,0.06,5.78
2015-12-18,002137,22.84,22.07,23.2,22.0,122029,273071904.0,5.21,-4.17,-0.96,4.78
2015-12-21,002137,22.2,21.22,22.66,20.8,177830,380537440.0,8.43,-3.85,-0.85,6.96
2015-12-22,002137,21.38,21.02,21.86,20.85,144542,306805408.0,4.76,-0.94,-0.2,5.66
2015-12-23,002137,21.27,21.17,21.5,20.66,113659,238973319.0,4.0,0.71,0.15,4.45
2015-12-24,002137,21.02,21.35,21.84,19.66,188982,391968720.0,10.3,0.85,0.18,7.4
2015-12-25,002137,21.2,21.48,21.8,20.8,122277,260059429.0,4.68,0.61,0.13,4.79
2015-12-28,002137,21.85,21.14,23.16,21.0,166151,367417504.0,10.06,-1.58,-0.34,6.51
2015-12-29,002137,21.4,22.46,22.8,20.78,196022,428008288.0,9.56,6.24,1.32,7.68
2015-12-30,002137,22.22,24.71,24.71,22.22,226797,542457936.0,11.09,10.02,2.25,8.88
2015-12-31,002137,25.0,23.0,25.97,22.99,256429,636735760.0,12.06,-6.92,-1.71,10.05
2016-01-04,002137,22.8,21.04,23.19,20.8,141109,308807152.0,10.39,-8.52,-1.96,5.53
2016-01-05,002137,20.07,20.77,22.22,19.28,184412,384810848.0,13.97,-1.28,-0.27,7.23
2016-01-06,002137,20.78,20.88,21.32,19.5,162358,331094560.0,8.76,0.53,0.11,6.36
2016-01-07,002137,20.2,18.79,20.2,18.79,24246,46881452.0,6.75,-10.01,-2.09,0.95
2016-01-08,002137,19.04,17.85,19.3,16.91,199885,361637216.0,12.72,-5.0,-0.94,7.83
2016-01-11,002137,17.19,16.07,17.19,16.07,117088,193119863.0,6.27,-9.97,-1.78,4.59
2016-01-12,002137,15.5,14.53,15.96,14.46,209490,313202288.0,9.33,-9.58,-1.54,8.2
2016-01-13,002137,15.13,15.07,15.87,14.6,191181,292898704.0,8.74,3.72,0.54,7.49
2016-01-14,002137,14.18,16.42,16.5,14.17,142811,220228095.0,15.46,8.96,1.35,5.59
2016-01-15,002137,16.1,15.09,16.54,14.83,118292,186778688.0,10.41,-8.1,-1.33,4.63
2016-01-18,002137,14.68,16.6,16.6,14.67,150856,241069104.0,12.79,10.01,1.51,5.91
2016-01-19,002137,16.85,17.35,17.7,16.25,151239,257529176.0,8.73,4.52,0.75,5.92
2016-01-20,002137,17.15,17.72,18.68,17.15,117730,210276006.0,8.82,2.13,0.37,4.61
2016-01-21,002137,17.32,16.36,17.72,16.13,113176,193311273.0,8.97,-7.67,-1.36,4.43
2016-01-22,002137,16.53,17.3,17.39,15.29,156558,252930701.0,12.84,5.75,0.94,6.13
2016-01-25,002137,17.42,17.39,18.34,17.11,109564,194808561.0,7.11,0.52,0.09,4.29
2016-01-26,002137,16.98,15.65,17.08,15.65,93877,152747704.0,8.22,-10.01,-1.74,3.68
2016-01-27,002137,16.0,14.9,16.05,14.12,109468,163318134.0,12.33,-4.79,-0.75,4.29
2016-01-28,002137,14.76,13.41,14.9,13.41,76393,107711812.0,10.0,-10.0,-1.49,2.99
2016-01-29,002137,13.0,13.9,14.32,12.9,97773,134417062.0,10.59,3.65,0.49,3.83
2016-02-01,002137,13.87,12.86,14.35,12.61,92605,124185118.0,12.52,-7.48,-1.04,3.63
2016-02-02,002137,13.0,14.15,14.15,12.93,70415,96844142.0,9.49,10.03,1.29,2.76
2016-02-03,002137,14.24,15.57,15.57,14.01,164351,243536523.0,11.02,10.04,1.42,6.44
2016-02-04,002137,15.68,15.96,16.76,15.58,150027,241143170.0,7.58,2.5,0.39,5.88
2016-02-05,002137,16.15,16.65,16.97,15.25,144575,231944443.0,10.78,4.32,0.69,5.66
2016-02-15,002137,15.73,16.87,17.25,15.15,134290,215295503.0,12.61,1.32,0.22,5.26
2016-02-16,002137,16.66,17.36,17.65,16.56,135102,230710964.0,6.46,2.9,0.49,5.29
2016-02-17,002137,17.45,17.24,17.92,16.65,137341,235391296.0,7.32,-0.69,-0.12,5.38
2016-02-18,002137,17.43,16.85,17.43,16.69,93253,158167011.0,4.29,-2.26,-0.39,3.65
2016-02-19,002137,16.85,16.95,17.58,16.72,111880,191401023.0,5.1,0.59,0.1,4.38
2016-02-22,002137,17.12,17.14,17.3,16.81,84163,143501557.0,2.89,1.12,0.19,3.3
2016-02-23,002137,17.14,16.57,17.25,16.41,97047,162433369.0,4.9,-3.33,-0.57,3.8
2016-02-24,002137,16.61,15.92,16.8,15.55,137804,221300663.0,7.54,-3.92,-0.65,5.4
2016-02-25,002137,15.92,14.33,16.04,14.33,123358,183447544.0,10.74,-9.99,-1.59,4.83
2016-02-26,002137,14.2,13.61,14.39,13.27,117376,162163674.0,7.82,-5.02,-0.72,4.6
2016-02-29,002137,13.65,12.25,13.66,12.25,85919,106905403.0,10.36,-9.99,-1.36,3.37
2016-03-01,002137,12.18,11.92,12.34,11.13,195008,229213653.0,9.88,-2.69,-0.33,7.64
2016-03-02,002137,11.94,13.11,13.11,11.65,224995,281014592.0,12.25,9.98,1.19,8.81
2016-03-03,002137,13.2,12.95,13.5,12.9,185107,243992883.0,4.58,-1.22,-0.16,7.25
2016-03-04,002137,12.7,11.66,12.85,11.66,183555,221785546.0,9.19,-9.96,-1.29,7.19
2016-03-07,002137,11.81,12.14,12.43,11.72,140957,170820160.0,6.09,4.12,0.48,5.52
2016-03-08,002137,12.0,12.48,12.75,11.14,195427,230124382.0,13.26,2.8,0.34,7.65
2016-03-09,002137,11.95,11.8,12.24,11.71,127441,152358835.0,4.25,-5.45,-0.68,4.99
2016-03-10,002137,11.8,11.41,11.96,11.36,103222,119787029.0,5.08,-3.31,-0.39,4.04
2016-03-11,002137,11.0,11.09,11.34,10.9,101764,112825049.0,3.86,-2.8,-0.32,3.99
2016-03-14,002137,11.46,12.0,12.2,11.27,219457,262396891.0,8.39,8.21,0.91,8.6
2016-03-15,002137,11.76,11.59,12.19,11.38,181016,213755671.0,6.75,-3.42,-0.41,7.09
2016-03-16,002137,11.78,11.77,12.12,11.3,152333,178913997.0,7.08,1.55,0.18,5.97
2016-03-17,002137,11.89,12.6,12.94,11.75,253763,314377504.0,10.11,7.05,0.83,9.94
2016-03-18,002137,12.62,13.14,13.39,12.51,242843,315271920.0,6.98,4.29,0.54,9.51
2016-03-21,002137,13.37,14.36,14.45,13.18,306504,430388112.0,9.67,9.28,1.22,12.0
2016-03-22,002137,14.0,14.09,14.24,13.76,205681,287829056.0,3.34,-1.88,-0.27,8.06
2016-03-23,002137,14.0,13.99,14.07,13.65,137423,190333325.0,2.98,-0.71,-0.1,5.38
2016-03-24,002137,13.9,13.8,14.48,13.46,161659,225548164.0,7.29,-1.36,-0.19,6.33
2016-03-25,002137,13.6,13.65,13.89,13.21,128743,174075723.0,4.93,-1.09,-0.15,5.04
2016-03-28,002137,13.67,13.41,14.1,13.25,147992,203636140.0,6.23,-1.76,-0.24,5.8
2016-03-29,002137,13.66,13.13,13.74,12.8,112938,149520358.0,7.01,-2.09,-0.28,4.42
2016-03-30,002137,13.4,13.9,14.02,13.18,142819,193430503.0,6.4,5.86,0.77,5.59
2016-03-31,002137,14.05,14.09,14.43,13.62,198523,278896048.0,5.83,1.37,0.19,7.78
2016-04-01,002137,14.3,14.9,15.45,14.23,299652,445281696.0,8.66,5.75,0.81,11.74
2016-04-05,002137,15.15,15.28,15.48,14.75,283199,429337328.0,4.9,2.55,0.38,11.09
2016-04-06,002137,15.3,15.5,16.23,15.16,289928,455885168.0,7.0,1.44,0.22,11.36
2016-04-07,002137,15.73,14.76,15.83,14.73,253219,382730640.0,7.1,-4.77,-0.74,9.92
2016-04-08,002137,14.4,14.34,14.6,14.09,160339,228853384.0,3.46,-2.85,-0.42,6.28
2016-04-11,002137,14.51,14.63,14.93,14.5,125367,184780088.0,3.0,2.02,0.29,4.91
2016-04-12,002137,14.64,14.97,15.07,14.63,154929,229983615.0,3.01,2.32,0.34,6.07
2016-04-13,002137,15.29,15.03,15.48,14.9,217365,329606496.0,3.87,0.4,0.06,8.52
2016-04-14,002137,15.07,15.05,15.2,14.8,134959,202485821.0,2.66,0.13,0.02,5.29
2016-04-15,002137,15.15,14.92,15.15,14.75,118180,175997698.0,2.66,-0.86,-0.13,4.63
2016-04-18,002137,14.8,14.55,14.8,14.4,93519,136021867.0,2.68,-2.48,-0.37,3.66
2016-04-19,002137,14.75,15.19,15.28,14.61,181980,272709456.0,4.6,4.4,0.64,7.13
2016-04-20,002137,15.2,13.91,15.25,13.68,183037,262473774.0,10.34,-8.43,-1.28,7.17
2016-04-21,002137,13.9,13.2,13.96,13.1,108995,148553224.0,6.18,-5.1,-0.71,4.27
2016-04-22,002137,13.29,13.44,13.6,13.1,74174,98905660.0,3.79,1.82,0.24,2.91
2016-04-25,002137,13.47,13.27,13.51,12.88,68249,89597103.0,4.69,-1.26,-0.17,2.67
2016-04-26,002137,13.5,14.6,14.6,13.4,316288,457120608.0,9.04,10.02,1.33,12.39
2016-04-27,002137,15.37,15.21,15.37,14.85,511316,770507264.0,3.56,4.18,0.61,20.04
2016-04-28,002137,15.02,14.75,15.11,14.35,234854,346933728.0,5.0,-3.02,-0.46,9.2
2016-04-29,002137,14.61,14.48,14.92,14.4,138110,202729345.0,3.53,-1.83,-0.27,5.41
2016-05-03,002137,14.38,15.17,15.33,14.38,261051,390335888.0,6.56,4.77,0.69,10.23
2016-05-04,002137,15.1,14.91,15.29,14.81,196569,294818272.0,3.16,-1.71,-0.26,7.7
2016-05-05,002137,14.75,15.08,15.29,14.7,178037,266935358.0,3.96,1.14,0.17,6.98
2016-05-06,002137,15.2,14.06,15.25,14.01,192645,282022576.0,8.22,-6.76,-1.02,7.55
2016-05-09,002137,13.69,13.13,13.9,13.0,113607,152131982.0,6.4,-6.61,-0.93,4.45
2016-05-10,002137,13.05,13.16,13.3,12.99,79960,105152252.0,2.36,0.23,0.03,3.13
2016-05-11,002137,13.3,12.73,13.38,12.37,106168,136346027.0,7.67,-3.27,-0.43,4.16
2016-05-12,002137,12.42,12.58,12.68,12.0,89879,111662937.0,5.34,-1.18,-0.15,3.52
2016-05-13,002137,12.65,12.57,13.07,12.45,81432,103945085.0,4.93,-0.08,-0.01,3.19
2016-05-16,002137,12.45,12.98,13.0,12.34,79641,101557867.0,5.25,3.26,0.41,3.12
2016-05-17,002137,13.1,13.0,13.17,12.65,123789,159888260.0,4.01,0.15,0.02,4.85
2016-05-18,002137,12.8,12.28,12.83,12.1,88392,110112708.0,5.62,-5.54,-0.72,3.46
2016-05-19,002137,12.31,12.26,12.68,12.16,81806,101786881.0,4.23,-0.16,-0.02,3.21
2016-05-20,002137,12.1,12.44,12.48,12.0,83076,101599141.0,3.92,1.47,0.18,3.26
2016-05-23,002137,12.54,12.89,12.97,12.4,108426,137510815.0,4.58,3.62,0.45,4.25
2016-05-24,002137,12.8,12.53,12.81,12.36,71485,89756222.0,3.49,-2.79,-0.36,2.8
2016-05-25,002137,12.68,12.56,12.97,12.48,99713,127023171.0,3.91,0.24,0.03,3.91
2016-05-26,002137,12.5,12.68,12.72,12.0,91062,112482866.0,5.73,0.96,0.12,3.57
2016-05-27,002137,12.61,12.66,12.9,12.58,85537,109086680.0,2.52,-0.16,-0.02,3.35
2016-05-30,002137,12.65,12.78,13.09,12.43,96146,123684445.0,5.21,0.95,0.12,3.77
2016-05-31,002137,12.93,13.65,13.8,12.85,177859,238043814.0,7.43,6.81,0.87,6.97
2016-06-01,002137,13.65,13.54,14.03,13.51,157274,216196435.0,3.81,-0.81,-0.11,6.16
2016-06-02,002137,13.65,13.95,14.03,13.53,155550,214692298.0,3.69,3.03,0.41,6.09
2016-06-03,002137,13.96,13.73,14.0,13.63,128306,177261042.0,2.65,-1.58,-0.22,5.03
2016-06-06,002137,13.89,13.9,14.25,13.71,133857,186740002.0,3.93,1.24,0.17,5.24
2016-06-07,002137,14.19,13.93,14.19,13.85,105728,147729489.0,2.45,0.22,0.03,4.14
2016-06-08,002137,13.8,13.65,13.85,13.45,108514,147642778.0,2.87,-2.01,-0.28,4.25
2016-06-13,002137,13.36,12.51,13.54,12.5,104861,137879637.0,7.62,-8.35,-1.14,4.11
2016-06-14,002137,12.55,12.65,12.69,12.47,60839,76640392.0,1.76,1.12,0.14,2.38
2016-06-15,002137,12.5,13.17,13.3,12.31,90663,118008524.0,7.83,4.11,0.52,3.55
2016-06-16,002137,13.29,13.1,13.29,12.97,75146,98583640.0,2.43,-0.53,-0.07,2.94
2016-06-17,002137,13.2,13.12,13.45,13.0,75725,100206174.0,3.44,0.15,0.02,2.97
2016-06-20,002137,13.15,13.5,13.63,13.15,113191,151524001.0,3.66,2.9,0.38,4.43
2016-06-21,002137,13.6,13.24,13.73,13.15,109464,147203056.0,4.3,-1.93,-0.26,4.29
2016-06-22,002137,13.1,13.82,13.85,13.1,135638,184254719.0,5.66,4.38,0.58,5.31
2016-06-23,002137,13.8,13.54,13.84,13.36,110131,149510715.0,3.47,-2.03,-0.28,4.31
2016-06-24,002137,14.89,14.89,14.89,14.89,103771,154514870.0,0.0,9.97,1.35,4.07
2016-06-27,002137,15.39,16.38,16.38,15.2,364524,576246688.0,7.92,10.01,1.49,14.28
2016-06-28,002137,16.9,16.23,17.15,16.02,513864,848505408.0,6.9,-0.92,-0.15,20.13
2016-06-29,002137,16.31,16.05,16.8,15.89,322842,522889472.0,5.61,-1.11,-0.18,12.65
2016-06-30,002137,16.08,16.96,17.4,15.97,461172,768560832.0,8.91,5.67,0.91,18.07
2016-07-01,002137,16.65,16.32,16.9,16.21,283218,465604064.0,4.07,-3.77,-0.64,11.09
2016-07-04,002137,16.05,16.55,16.62,16.0,214383,349392176.0,3.8,1.41,0.23,8.4
2016-07-05,002137,16.51,16.45,16.74,16.23,175948,289042672.0,3.08,-0.6,-0.1,6.89
2016-07-06,002137,16.33,16.46,16.58,16.13,153882,252291035.0,2.74,0.06,0.01,6.03
2016-07-07,002137,16.49,16.23,16.54,16.02,145717,236554654.0,3.16,-1.4,-0.23,5.71
2016-07-08,002137,16.26,16.44,16.65,16.12,180129,295990960.0,3.27,1.29,0.21,7.06
2016-07-11,002137,16.55,16.69,17.37,16.29,305040,515138816.0,6.57,1.52,0.25,11.95
2016-07-12,002137,16.64,16.53,16.79,16.05,172660,282272944.0,4.43,-0.96,-0.16,6.76
2016-07-13,002137,16.49,16.67,16.91,16.3,169114,281242416.0,3.69,0.85,0.14,6.62
2016-07-14,002137,16.78,17.37,17.44,16.56,262242,450279776.0,5.28,4.2,0.7,10.27
2016-07-15,002137,17.28,16.99,17.32,16.81,165831,282134048.0,2.94,-2.19,-0.38,6.5
2016-07-18,002137,17.07,16.41,17.07,16.4,130988,217045060.0,3.94,-3.41,-0.58,5.13
2016-07-19,002137,16.32,16.65,16.66,16.32,75122,124227289.0,2.07,1.46,0.24,2.94
2016-07-20,002137,16.65,16.5,16.75,16.44,79570,132063073.0,1.86,-0.9,-0.15,3.12
2016-07-21,002137,16.47,16.78,16.88,16.41,114703,191651483.0,2.85,1.7,0.28,4.49
2016-07-22,002137,16.67,16.18,16.77,16.13,109910,179967823.0,3.81,-3.58,-0.6,4.31
2016-07-25,002137,16.26,15.85,16.27,15.84,83331,133619797.0,2.66,-2.04,-0.33,3.26
2016-07-26,002137,15.81,16.21,16.24,15.75,65565,105795422.0,3.09,2.27,0.36,2.57
2016-07-27,002137,16.34,14.82,16.35,14.63,163060,249765314.0,10.61,-8.57,-1.39,6.39
2016-07-28,002137,14.63,14.91,15.14,14.53,80415,119463906.0,4.12,0.61,0.09,3.15
2016-07-29,002137,15.0,14.66,15.08,14.56,49063,72477595.0,3.49,-1.68,-0.25,1.92
2016-08-01,002137,14.6,14.74,14.8,14.15,80361,116083370.0,4.43,0.55,0.08,3.15
2016-08-02,002137,14.52,14.7,14.75,14.5,57163,83821832.0,1.7,-0.27,-0.04,2.24
2016-08-03,002137,14.7,14.55,14.83,14.46,55610,81376997.0,2.52,-1.02,-0.15,2.18
2016-08-04,002137,14.83,14.84,15.26,14.82,103734,155725444.0,3.02,1.99,0.29,4.06
2016-08-05,002137,14.6,14.6,14.9,14.58,66809,98297057.0,2.16,-1.62,-0.24,2.62
2016-08-08,002137,14.55,14.66,14.66,14.22,60826,87781245.0,3.01,0.41,0.06,2.38
2016-08-09,002137,14.61,16.13,16.13,14.56,221490,344874880.0,10.71,10.03,1.47,8.68
2016-08-10,002137,15.97,16.15,16.43,15.7,223444,359545824.0,4.53,0.12,0.02,8.75
2016-08-11,002137,16.02,16.15,16.15,15.68,118290,188404799.0,2.91,0.0,0.0,4.63
2016-08-12,002137,16.0,16.5,16.93,16.0,295551,485516896.0,5.76,2.17,0.35,11.58
2016-08-15,002137,16.28,16.46,16.69,15.72,233303,379520464.0,5.88,-0.24,-0.04,9.14
2016-08-16,002137,16.35,16.28,16.56,16.12,154431,251972249.0,2.67,-1.09,-0.18,6.05
2016-08-17,002137,16.35,16.32,16.66,16.13,131174,215148673.0,3.26,0.25,0.04,5.14
2016-08-18,002137,16.3,16.44,16.7,16.18,130232,214507192.0,3.19,0.74,0.12,5.1
2016-08-19,002137,16.44,16.89,17.18,16.2,235007,393747024.0,5.96,2.74,0.45,9.21
2016-08-22,002137,16.87,17.09,17.75,16.71,306160,527919136.0,6.16,1.18,0.2,11.99
2016-08-23,002137,16.7,16.08,16.7,15.8,223156,362178736.0,5.27,-5.91,-1.01,8.74
2016-08-24,002137,16.15,16.1,16.25,15.88,104039,167325422.0,2.3,0.12,0.02,4.08
2016-08-25,002137,16.06,16.14,16.35,15.88,102087,164650416.0,2.92,0.25,0.04,4.0
2016-08-26,002137,16.09,15.94,16.29,15.91,104181,167815130.0,2.35,-1.24,-0.2,4.08
2016-08-29,002137,15.9,15.73,16.08,15.71,68380,108637873.0,2.32,-1.32,-0.21,2.68
2016-08-30,002137,15.7,15.79,15.95,15.7,57946,91647675.0,1.59,0.38,0.06,2.27
2016-08-31,002137,15.8,15.87,15.98,15.62,50749,80215205.0,2.28,0.51,0.08,1.99
2016-09-01,002137,15.95,16.01,16.23,15.81,90632,145289266.0,2.65,0.88,0.14,3.55
2016-09-02,002137,15.91,15.46,16.1,15.44,87277,136999775.0,4.12,-3.44,-0.55,3.42
2016-09-05,002137,15.53,15.47,15.76,15.43,58471,91244620.0,2.13,0.06,0.01,2.29
2016-09-06,002137,15.42,15.8,15.86,15.33,67860,105889149.0,3.43,2.13,0.33,2.66
2016-09-07,002137,15.8,15.84,16.06,15.75,72888,116177066.0,1.96,0.25,0.04,2.86
2016-09-08,002137,15.91,15.82,16.04,15.69,55446,87874568.0,2.21,-0.13,-0.02,2.17
2016-09-09,002137,15.9,15.62,15.94,15.61,44436,70034881.0,2.09,-1.26,-0.2,1.74
2016-09-12,002137,15.2,14.74,15.2,14.71,81850,122546591.0,3.14,-5.63,-0.88,3.21
2016-09-13,002137,14.97,14.82,14.97,14.71,46983,69648308.0,1.76,0.54,0.08,1.84
2016-09-14,002137,14.7,14.71,14.85,14.52,32662,48082271.0,2.23,-0.74,-0.11,1.28
2016-09-19,002137,14.79,14.9,14.93,14.79,33658,50022400.0,0.95,1.29,0.19,1.32
2016-09-20,002137,14.95,14.8,15.02,14.73,34716,51661111.0,1.95,-0.67,-0.1,1.36
2016-09-21,002137,14.89,14.89,14.95,14.74,38281,56982187.0,1.42,0.61,0.09,1.5
2016-09-22,002137,15.02,14.95,15.12,14.92,37808,56770399.0,1.34,0.4,0.06,1.48
2016-09-23,002137,14.97,14.79,15.05,14.79,36346,54209324.0,1.74,-1.07,-0.16,1.42
2016-09-26,002137,14.73,14.79,15.14,14.73,53735,80077731.0,2.77,0.0,0.0,2.1
2016-09-27,002137,14.81,15.09,15.1,14.8,55057,82437429.0,2.03,2.03,0.3,2.16
2016-09-28,002137,15.16,14.95,15.19,14.91,35475,53133230.0,1.86,-0.93,-0.14,1.39
2016-09-29,002137,14.92,14.98,15.1,14.9,41573,62432043.0,1.34,0.2,0.03,1.63
2016-09-30,002137,15.05,15.16,15.16,14.95,41113,61927403.0,1.4,1.2,0.18,1.61
2016-10-10,002137,15.37,15.6,15.65,15.18,73638,113366373.0,3.1,2.9,0.44,2.88
2016-10-11,002137,15.55,15.51,15.59,15.42,55489,85884726.0,1.09,-0.58,-0.09,2.17
2016-10-12,002137,15.47,15.71,15.78,15.47,68969,107768154.0,2.0,1.29,0.2,2.7
2016-10-13,002137,15.68,15.52,15.73,15.45,53221,82772289.0,1.78,-1.21,-0.19,2.08
2016-10-14,002137,15.65,16.0,16.18,15.59,149771,238339793.0,3.8,3.09,0.48,5.87
2016-10-17,002137,15.9,15.64,15.94,15.56,73843,116448294.0,2.38,-2.25,-0.36,2.89
2016-10-18,002137,15.55,15.76,15.77,15.46,53997,84501316.0,1.98,0.77,0.12,2.12
2016-10-19,002137,15.88,15.65,15.9,15.53,56322,88195198.0,2.35,-0.7,-0.11,2.21
2016-10-20,002137,15.71,15.58,15.71,15.54,42926,66946868.0,1.09,-0.45,-0.07,1.68
2016-10-21,002137,15.65,15.41,15.68,15.26,54223,83660356.0,2.7,-1.09,-0.17,2.12
2016-10-24,002137,15.45,15.76,15.9,15.43,89872,141222904.0,3.05,2.27,0.35,3.52
2016-10-25,002137,15.94,15.88,16.26,15.76,141874,226877916.0,3.17,0.76,0.12,5.56
2016-10-26,002137,15.98,15.62,16.05,15.52,76146,119849482.0,3.34,-1.64,-0.26,2.98
2016-10-27,002137,15.6,15.38,15.73,15.28,81170,125412334.0,2.88,-1.54,-0.24,3.18
2016-10-28,002137,15.42,15.26,15.49,15.25,56837,87530796.0,1.56,-0.78,-0.12,2.23
2016-10-31,002137,15.24,14.81,15.25,14.7,104122,154438614.0,3.6,-2.95,-0.45,4.08
2016-11-01,002137,14.8,14.93,14.97,14.75,69391,103263095.0,1.49,0.81,0.12,2.72
2016-11-02,002137,14.88,14.58,14.88,14.55,104904,153905245.0,2.21,-2.34,-0.35,4.11
2016-11-03,002137,14.58,14.89,15.1,14.51,152588,226902293.0,4.05,2.13,0.31,5.98
2016-11-04,002137,14.95,16.38,16.38,14.95,448021,711134672.0,9.6,10.01,1.49,17.55
2016-11-07,002137,16.36,16.31,16.68,16.13,507825,832374144.0,3.36,-0.43,-0.07,19.89
2016-11-08,002137,16.63,16.85,16.89,16.17,410974,679396672.0,4.41,3.31,0.54,16.1
2016-11-09,002137,16.6,16.2,16.71,15.91,289858,474271568.0,4.75,-3.86,-0.65,11.35
2016-11-10,002137,16.41,16.39,16.53,16.08,248584,405004080.0,2.78,1.17,0.19,9.74
2016-11-11,002137,16.3,16.11,16.35,16.0,180044,290549968.0,2.14,-1.71,-0.28,7.05
2016-11-14,002137,16.12,16.26,16.31,15.99,155043,250571418.0,1.99,0.93,0.15,6.07
2016-11-15,002137,16.29,16.62,17.22,16.05,454132,759797808.0,7.2,2.21,0.36,17.79
2016-11-16,002137,16.35,16.13,16.49,16.1,223013,362110192.0,2.35,-2.95,-0.49,8.74
2016-11-17,002137,16.11,15.74,16.11,15.74,141248,224000676.0,2.29,-2.42,-0.39,5.53
2016-11-18,002137,15.76,15.83,15.94,15.71,84409,133384166.0,1.46,0.57,0.09,3.31
2016-11-21,002137,15.78,15.72,16.0,15.62,90646,143289833.0,2.4,-0.69,-0.11,3.55
2016-11-22,002137,15.9,15.82,15.94,15.66,92630,146324299.0,1.78,0.64,0.1,3.63
2016-11-23,002137,15.83,15.52,15.94,15.5,96577,152112798.0,2.78,-1.9,-0.3,3.78
2016-11-24,002137,15.56,15.15,15.59,15.11,110161,168730626.0,3.09,-2.38,-0.37,4.32
2016-11-25,002137,15.23,15.45,15.46,14.8,101563,154094835.0,4.36,1.98,0.3,3.98
2016-11-28,002137,15.46,15.18,15.58,15.15,106516,163847702.0,2.78,-1.75,-0.27,4.17
2016-11-29,002137,15.19,14.98,15.28,14.95,74235,112038601.0,2.17,-1.32,-0.2,2.91
2016-11-30,002137,14.98,15.11,15.33,14.92,67376,102099472.0,2.74,0.87,0.13,2.64
2016-12-01,002137,15.11,15.18,15.18,15.06,43948,66401156.0,0.79,0.46,0.07,1.72
2016-12-02,002137,15.14,14.84,15.22,14.81,66313,99135490.0,2.7,-2.24,-0.34,2.6
2016-12-05,002137,14.66,14.71,14.94,14.52,48713,71947477.0,2.83,-0.88,-0.13,1.91
2016-12-06,002137,14.85,14.78,15.07,14.73,54428,80987367.0,2.31,0.48,0.07,2.13
2016-12-07,002137,14.88,14.89,14.9,14.7,50319,74560397.0,1.35,0.74,0.11,1.97
2016-12-08,002137,14.88,14.79,14.89,14.72,45041,66521400.0,1.14,-0.67,-0.1,1.76
2016-12-09,002137,14.75,14.69,14.86,14.68,39839,58826038.0,1.22,-0.68,-0.1,1.56
2016-12-12,002137,14.71,13.23,14.79,13.22,117920,163040171.0,10.69,-9.94,-1.46,4.62
2016-12-13,002137,13.25,13.05,13.29,12.6,93750,121336918.0,5.22,-1.36,-0.18,3.67
2016-12-14,002137,13.0,12.79,13.04,12.74,58834,75764850.0,2.3,-1.99,-0.26,2.3
2016-12-15,002137,12.74,13.08,13.19,12.65,70665,92238212.0,4.22,2.27,0.29,2.77
2016-12-16,002137,13.11,13.58,13.86,13.06,89647,120207638.0,6.12,3.82,0.5,3.51
2016-12-19,002137,13.5,13.17,13.5,13.15,61752,81901796.0,2.58,-3.02,-0.41,2.42
2016-12-20,002137,13.18,13.2,13.36,13.06,44299,58540703.0,2.28,0.23,0.03,1.74
2016-12-21,002137,13.19,13.28,13.33,13.18,40131,53186791.0,1.14,0.61,0.08,1.57
2016-12-22,002137,13.26,13.22,13.33,13.06,47249,62345908.0,2.03,-0.45,-0.06,1.85
2016-12-23,002137,13.16,13.13,13.34,13.06,43690,57695814.0,2.12,-0.68,-0.09,1.71
2016-12-26,002137,13.16,13.38,13.38,12.94,51319,67758110.0,3.35,1.9,0.25,2.01
2016-12-27,002137,13.37,13.3,13.47,13.3,38033,50869801.0,1.27,-0.6,-0.08,1.49
2016-12-28,002137,13.31,13.04,13.36,12.97,65223,85336945.0,2.93,-1.95,-0.26,2.55
2016-12-29,002137,12.91,12.74,12.95,12.62,62671,80031575.0,2.53,-2.3,-0.3,2.45
2016-12-30,002137,12.68,12.65,12.8,12.62,40076,50849833.0,1.41,-0.71,-0.09,1.57
2017-01-03,002137,12.69,12.95,13.0,12.69,58784,75947592.0,2.45,2.37,0.3,1.24
2017-01-04,002137,12.94,13.05,13.13,12.89,47813,62326405.0,1.85,0.77,0.1,1.01
2017-01-05,002137,13.09,13.45,14.36,13.05,119736,161976392.0,10.04,3.07,0.4,2.52
2017-01-06,002137,13.26,13.34,13.64,13.17,80885,108055635.0,3.49,-0.82,-0.11,1.7
2017-01-09,002137,13.25,13.42,13.53,13.21,60470,80663211.0,2.4,0.6,0.08,1.27
2017-01-10,002137,13.47,13.21,13.48,13.21,50664,67531141.0,2.01,-1.56,-0.21,1.07
2017-01-11,002137,13.2,12.94,13.28,12.93,46790,61284342.0,2.65,-2.04,-0.27,0.99
2017-01-12,002137,12.95,12.73,13.03,12.65,59639,76221212.0,2.94,-1.62,-0.21,1.26
2017-01-13,002137,12.75,12.79,13.0,12.7,47988,61645158.0,2.36,0.47,0.06,1.01
2017-01-16,002137,12.78,11.9,12.78,11.52,67408,81943096.0,9.85,-6.96,-0.89,1.42
2017-01-17,002137,11.9,11.99,12.1,11.56,60555,71747118.0,4.54,0.76,0.09,1.28
2017-01-18,002137,11.88,11.79,11.97,11.77,33209,39411327.0,1.67,-1.67,-0.2,0.7
2017-01-19,002137,11.76,11.71,11.88,11.54,45416,53139413.0,2.88,-0.68,-0.08,0.96
2017-01-20,002137,11.71,11.96,12.04,11.6,37698,44978712.0,3.76,2.13,0.25,0.79
2017-01-23,002137,11.96,12.08,12.26,11.96,34910,42342793.0,2.51,1.0,0.12,0.74
2017-01-24,002137,12.08,11.89,12.08,11.81,44771,53270192.0,2.24,-1.57,-0.19,0.94
2017-01-25,002137,12.0,11.9,12.0,11.87,39198,46732974.0,1.09,0.08,0.01,0.83
2017-01-26,002137,11.97,12.1,12.12,11.94,39450,47515355.0,1.51,1.68,0.2,0.83
2017-02-03,002137,12.12,12.08,12.16,11.94,30605,36887431.0,1.82,-0.17,-0.02,0.64
2017-02-06,002137,12.03,12.24,12.25,11.98,44140,53624658.0,2.24,1.32,0.16,0.93
2017-02-07,002137,12.2,12.19,12.29,12.12,40397,49269984.0,1.39,-0.41,-0.05,0.85
2017-02-08,002137,12.15,12.23,12.23,11.99,60654,73450042.0,1.97,0.33,0.04,1.28
2017-02-09,002137,12.23,12.37,12.46,12.18,72262,88892236.0,2.29,1.14,0.14,1.52
2017-02-10,002137,12.34,12.2,12.34,12.17,59051,72237626.0,1.37,-1.37,-0.17,1.24
2017-02-13,002137,12.18,12.26,12.31,12.18,46631,57118501.0,1.07,0.49,0.06,0.98
2017-02-14,002137,12.25,12.27,12.39,12.18,50651,62118637.0,1.71,0.08,0.01,1.07
2017-02-15,002137,12.23,12.07,12.3,12.03,55952,68214849.0,2.2,-1.63,-0.2,1.18
2017-02-16,002137,12.04,12.11,12.12,11.95,43500,52465122.0,1.41,0.33,0.04,0.92
2017-02-17,002137,12.11,12.0,12.24,11.96,49117,59322445.0,2.31,-0.91,-0.11,1.03
2017-02-20,002137,12.08,12.24,12.25,12.0,48928,59432355.0,2.08,2.0,0.24,1.03
2017-02-21,002137,12.27,12.39,12.45,12.19,79641,98336831.0,2.12,1.23,0.15,1.68
2017-02-22,002137,12.41,12.33,12.41,12.27,54217,66777607.0,1.13,-0.48,-0.06,1.14
2017-02-23,002137,12.36,12.45,12.45,12.2,64631,79545890.0,2.03,0.97,0.12,1.36
2017-02-24,002137,12.45,12.49,12.58,12.35,66608,83089208.0,1.85,0.32,0.04,1.4
2017-02-27,002137,12.43,12.3,12.5,12.27,47830,59145991.0,1.84,-1.52,-0.19,1.73
2017-02-28,002137,12.32,12.41,12.43,12.31,43379,53675177.0,0.98,0.89,0.11,1.57
2017-03-01,002137,12.43,12.33,12.45,12.31,53516,66214414.0,1.13,-0.64,-0.08,1.94
2017-03-02,002137,12.39,12.23,12.39,12.21,47174,57905345.0,1.46,-0.81,-0.1,1.71
2017-03-03,002137,12.25,12.33,12.4,12.2,45217,55636051.0,1.64,0.82,0.1,1.64
2017-03-06,002137,12.33,12.73,12.75,12.33,120329,152097509.0,3.41,3.24,0.4,4.36
2017-03-07,002137,12.75,12.65,12.77,12.56,69070,87350299.0,1.65,-0.63,-0.08,2.5
2017-03-08,002137,12.7,12.59,12.72,12.51,50573,63713631.0,1.66,-0.47,-0.06,1.83
2017-03-09,002137,12.52,12.41,12.58,12.38,44482,55312353.0,1.59,-1.43,-0.18,1.61
2017-03-10,002137,12.41,12.4,12.46,12.35,36744,45629387.0,0.89,-0.08,-0.01,1.33
2017-03-13,002137,12.41,12.64,12.68,12.23,60809,76117552.0,3.63,1.94,0.24,2.2
2017-03-14,002137,12.64,12.46,12.66,12.41,49838,62388563.0,1.98,-1.42,-0.18,1.81
2017-03-15,002137,12.46,12.5,12.64,12.46,45935,57597397.0,1.44,0.32,0.04,1.67
2017-03-16,002137,12.49,12.67,12.73,12.49,68532,86701522.0,1.92,1.36,0.17,2.48
2017-03-17,002137,12.61,12.51,12.82,12.46,78284,99223135.0,2.84,-1.26,-0.16,2.84
2017-03-20,002137,12.48,12.57,12.58,12.43,45261,56568284.0,1.2,0.48,0.06,1.64
2017-03-21,002137,12.59,12.56,12.64,12.49,35191,44199738.0,1.19,-0.08,-0.01,1.28
2017-03-22,002137,12.48,12.3,12.5,12.3,55789,69006166.0,1.59,-2.07,-0.26,2.02
2017-03-23,002137,12.31,12.1,12.37,11.91,61352,74676834.0,3.74,-1.63,-0.2,2.22
2017-03-24,002137,12.05,12.23,12.27,12.03,45023,54798911.0,1.98,1.07,0.13,1.63
2017-03-27,002137,12.27,12.43,12.57,12.23,64592,80431763.0,2.78,1.64,0.2,2.34
2017-03-28,002137,12.35,12.14,12.35,12.11,61819,75321839.0,1.93,-2.33,-0.29,2.24
2017-03-29,002137,12.13,11.86,12.18,11.85,63815,76653244.0,2.72,-2.31,-0.28,2.31
2017-03-30,002137,11.81,11.53,11.91,11.53,57758,67214914.0,3.2,-2.78,-0.33,2.09
2017-03-31,002137,11.53,11.59,11.67,11.53,27051,31364591.0,1.21,0.52,0.06,0.98
2017-04-05,002137,11.6,11.83,11.87,11.59,35317,41524238.0,2.42,2.07,0.24,1.28
2017-04-06,002137,11.84,11.8,11.87,11.72,28292,33353713.0,1.27,-0.25,-0.03,1.03
2017-04-07,002137,11.84,12.0,12.25,11.78,60978,73317562.0,3.98,1.69,0.2,2.21
2017-04-10,002137,11.99,11.61,12.0,11.51,59883,70244068.0,4.08,-3.25,-0.39,2.17
2017-04-11,002137,11.54,11.73,11.76,11.52,40432,46957775.0,2.07,1.03,0.12,1.47
2017-04-12,002137,11.61,11.56,11.72,11.53,37695,43709550.0,1.62,-1.45,-0.17,1.37
2017-04-13,002137,11.56,11.52,11.66,11.51,29044,33651428.0,1.3,-0.35,-0.04,1.05
2017-04-14,002137,11.51,11.19,11.59,11.13,56295,63458898.0,3.99,-2.86,-0.33,1.94
2017-04-17,002137,11.19,11.14,11.25,11.07,23195,25864692.0,1.61,-0.45,-0.05,0.8
2017-04-18,002137,11.14,10.92,11.19,10.9,25018,27637983.0,2.6,-1.97,-0.22,0.86
2017-04-19,002137,10.84,10.56,10.9,10.36,45563,47983310.0,4.95,-3.3,-0.36,1.57
2017-04-20,002137,10.53,10.26,10.69,10.14,45721,47463543.0,5.21,-2.84,-0.3,1.57
2017-04-21,002137,10.24,10.27,10.41,10.23,29833,30733800.0,1.75,0.1,0.01,1.03
2017-04-24,002137,10.28,9.79,10.28,9.79,32895,32754933.0,4.77,-4.67,-0.48,1.13
2017-04-25,002137,9.7,9.29,9.79,8.95,104395,96995776.0,8.58,-5.11,-0.5,3.59
2017-04-26,002137,9.15,9.2,9.26,9.04,64868,59285587.0,2.37,-0.97,-0.09,2.23
2017-04-27,002137,9.11,9.2,9.35,8.6,97241,87406673.0,8.15,0.0,0.0,3.35
2017-04-28,002137,9.16,9.25,9.26,9.11,42869,39425327.0,1.63,0.54,0.05,1.48
2017-05-02,002137,9.3,9.48,9.7,9.08,68771,64216657.0,6.7,2.49,0.23,2.37
2017-05-03,002137,9.49,10.43,10.43,9.29,239301,243062787.0,12.03,10.02,0.95,8.23
2017-05-04,002137,10.46,11.47,11.47,10.23,382300,416424800.0,11.89,9.97,1.04,13.15
2017-05-05,002137,11.4,11.61,11.76,10.9,450309,512954512.0,7.5,1.22,0.14,15.49
2017-05-08,002137,11.65,11.55,11.86,11.2,352159,405694816.0,5.68,-0.52,-0.06,12.12
2017-05-09,002137,11.5,11.22,11.6,10.62,258139,290329808.0,8.48,-2.86,-0.33,8.88
2017-05-10,002137,11.39,11.12,11.45,10.92,207008,230501632.0,4.72,-0.89,-0.1,7.12
2017-05-11,002137,11.2,11.59,11.8,10.75,403097,456550160.0,9.44,4.23,0.47,13.87
2017-05-12,002137,11.78,11.53,11.83,11.22,371607,427481616.0,5.26,-0.52,-0.06,12.79
2017-05-15,002137,11.36,11.43,11.9,11.3,373254,429133648.0,5.2,-0.87,-0.1,12.84
2017-05-16,002137,11.3,11.37,11.46,10.94,318165,357824272.0,4.55,-0.52,-0.06,10.95
2017-05-17,002137,11.41,11.31,11.46,11.06,284508,319337904.0,3.52,-0.53,-0.06,9.79
2017-05-18,002137,11.31,12.38,12.42,11.29,521757,614506544.0,9.99,9.46,1.07,17.95
2017-05-19,002137,11.83,11.14,12.0,11.14,365692,416379600.0,6.95,-10.02,-1.24,12.58
2017-05-22,002137,10.6,10.03,10.61,10.03,194079,197367466.0,5.21,-9.96,-1.11,6.68
2017-05-23,002137,9.47,9.29,9.96,9.23,152366,146417413.0,7.28,-7.38,-0.74,5.24
2017-05-24,002137,9.56,9.45,9.56,9.3,93958,88585174.0,2.8,1.72,0.16,3.23
2017-05-25,002137,9.35,9.41,9.52,9.07,111962,104448161.0,4.76,-0.42,-0.04,3.85
2017-05-26,002137,9.35,9.4,9.51,9.33,86441,81373617.0,1.91,-0.11,-0.01,2.97
2017-05-31,002137,9.45,9.43,9.64,9.4,79274,75274133.0,2.55,0.32,0.03,2.73
2017-06-01,002137,9.39,8.66,9.39,8.61,130150,116469979.0,8.27,-8.17,-0.77,4.48
2017-06-02,002137,8.49,8.74,8.81,8.49,80024,69128611.0,3.7,0.92,0.08,2.75
2017-06-05,002137,8.75,9.05,9.15,8.71,86840,77874332.0,5.03,3.55,0.31,2.99
2017-06-06,002137,9.03,9.35,9.49,8.92,109968,101513074.0,6.3,3.31,0.3,3.78
2017-06-07,002137,9.22,9.49,9.56,9.2,141776,133172981.0,3.85,1.5,0.14,4.88
2017-06-08,002137,9.43,9.3,9.57,9.28,85606,80363225.0,3.06,-2.0,-0.19,2.95
2017-06-09,002137,9.34,9.11,9.39,9.02,82010,74860360.0,3.98,-2.04,-0.19,2.82
2017-06-12,002137,9.05,8.8,9.11,8.76,76149,67927326.0,3.84,-3.4,-0.31,2.62
2017-06-13,002137,8.75,9.0,9.04,8.7,61037,54710509.0,3.86,2.27,0.2,2.1
2017-06-14,002137,9.0,9.1,9.29,8.95,87255,79662778.0,3.78,1.11,0.1,3.0
2017-06-15,002137,9.07,9.33,9.39,9.03,97550,90362313.0,3.96,2.53,0.23,3.36
2017-06-16,002137,9.32,9.23,9.38,9.2,66709,61816318.0,1.93,-1.07,-0.1,2.3
2017-06-19,002137,9.22,9.39,9.4,9.17,70610,65544628.0,2.49,1.73,0.16,2.43
2017-06-20,002137,9.44,9.27,9.49,9.24,79156,74017874.0,2.66,-1.28,-0.12,2.72
2017-06-21,002137,9.35,9.23,9.37,9.11,57175,52712279.0,2.8,-0.43,-0.04,1.97
2017-06-22,002137,9.2,8.92,9.28,8.9,55555,50704195.0,4.12,-3.36,-0.31,1.91
2017-06-23,002137,8.88,8.99,9.01,8.75,58867,52371703.0,2.91,0.78,0.07,2.03
2017-06-26,002137,8.93,9.12,9.16,8.91,53522,48305077.0,2.78,1.45,0.13,1.84
2017-06-27,002137,9.08,9.07,9.2,9.04,47102,42951546.0,1.75,-0.55,-0.05,1.62
2017-06-28,002137,9.06,8.94,9.08,8.9,38156,34238884.0,1.98,-1.43,-0.13,1.31
2017-06-29,002137,8.93,9.15,9.2,8.93,62158,56608541.0,3.02,2.35,0.21,2.14
2017-06-30,002137,9.13,9.07,9.13,8.98,35616,32236184.0,1.64,-0.87,-0.08,1.23
2017-07-03,002137,9.06,9.08,9.09,8.99,25688,23248126.0,1.1,0.11,0.01,0.88
2017-07-04,002137,9.08,9.05,9.11,9.02,30907,27978154.0,0.99,-0.33,-0.03,1.06
2017-07-05,002137,9.06,9.14,9.14,9.02,48655,44304545.0,1.33,0.99,0.09,1.67
2017-07-06,002137,9.11,9.24,9.42,9.11,91477,84719420.0,3.39,1.09,0.1,3.15
2017-07-07,002137,9.25,9.2,9.34,9.16,60461,55807636.0,1.95,-0.43,-0.04,2.08
2017-07-10,002137,9.2,9.02,9.2,8.96,58432,52986972.0,2.61,-1.96,-0.18,2.01
2017-07-11,002137,9.02,8.95,9.05,8.94,32758,29443471.0,1.22,-0.78,-0.07,1.13
2017-07-12,002137,8.96,9.0,9.02,8.83,37724,33633597.0,2.12,0.56,0.05,1.3
2017-07-13,002137,9.02,8.9,9.03,8.86,26942,24036457.0,1.89,-1.11,-0.1,0.93
2017-07-14,002137,8.85,8.7,8.88,8.66,47174,41352192.0,2.47,-2.25,-0.2,1.62
2017-07-17,002137,8.65,7.83,8.66,7.83,100252,80997489.0,9.54,-10.0,-0.87,3.45
2017-07-18,002137,7.83,7.89,7.94,7.75,44830,35226001.0,2.43,0.77,0.06,1.54
2017-07-19,002137,7.89,7.94,7.96,7.82,34236,27080610.0,1.77,0.63,0.05,1.18
2017-07-20,002137,7.91,7.89,8.03,7.89,40408,32118323.0,1.76,-0.63,-0.05,1.39
2017-07-21,002137,7.89,7.82,7.92,7.81,33100,26036619.0,1.39,-0.89,-0.07,1.14
2017-07-24,002137,7.82,7.79,7.82,7.62,43121,33353162.0,2.56,-0.38,-0.03,1.48
2017-07-25,002137,7.74,7.78,7.83,7.7,27861,21641820.0,1.67,-0.13,-0.01,0.96
2017-07-26,002137,7.74,7.79,7.86,7.73,29089,22636927.0,1.67,0.13,0.01,1.0
2017-07-27,002137,7.79,8.04,8.11,7.73,61862,49210233.0,4.88,3.21,0.25,2.13
2017-07-28,002137,8.02,7.95,8.08,7.92,40954,32727832.0,1.99,-1.12,-0.09,1.41
2017-07-31,002137,7.93,7.97,7.99,7.9,27075,21534277.0,1.13,0.25,0.02,0.93
2017-08-01,002137,8.21,8.77,8.77,8.21,169968,147091167.0,7.03,10.04,0.8,5.85
2017-08-02,002137,8.88,8.6,9.1,8.55,214643,188953571.0,6.27,-1.94,-0.17,7.38
2017-08-03,002137,8.6,8.49,8.6,8.36,96392,81672756.0,2.79,-1.28,-0.11,3.32
2017-08-04,002137,8.4,8.32,8.46,8.32,62986,52730806.0,1.65,-2.0,-0.17,2.17
2017-08-07,002137,8.31,8.37,8.39,8.3,38614,32239405.0,1.08,0.6,0.05,1.33
2017-08-08,002137,8.32,8.38,8.46,8.32,38728,32439305.0,1.67,0.12,0.01,1.33
2017-08-09,002137,8.37,8.38,8.42,8.32,35893,30022324.0,1.19,0.0,0.0,1.23
2017-08-10,002137,8.38,8.19,8.43,8.16,48883,40476523.0,3.22,-2.27,-0.19,1.68
2017-08-11,002137,8.11,8.13,8.29,8.03,42385,34521563.0,3.17,-0.73,-0.06,1.46
2017-08-14,002137,8.07,8.27,8.28,8.07,31784,26170326.0,2.58,1.72,0.14,1.09
2017-08-15,002137,8.32,8.28,8.32,8.21,30489,25164765.0,1.33,0.12,0.01,1.05
2017-08-16,002137,8.3,8.45,8.48,8.27,56148,47220415.0,2.54,2.05,0.17,1.93
2017-08-17,002137,8.45,8.72,8.79,8.39,101777,87962835.0,4.73,3.2,0.27,3.5
2017-08-18,002137,8.68,8.54,8.68,8.52,49061,42013093.0,1.83,-2.06,-0.18,1.69
2017-08-21,002137,8.55,8.61,8.76,8.55,40665,35112704.0,2.46,0.82,0.07,1.4
2017-08-22,002137,8.6,8.46,8.6,8.41,45420,38520826.0,2.21,-1.74,-0.15,1.56
2017-08-23,002137,8.41,8.39,8.49,8.38,26255,22141534.0,1.3,-0.83,-0.07,0.9
2017-08-24,002137,8.42,8.28,8.42,8.28,23046,19220738.0,1.67,-1.31,-0.11,0.79
2017-08-25,002137,8.22,8.37,8.4,8.22,26526,22121601.0,2.17,1.09,0.09,0.91
2017-08-28,002137,8.37,8.46,8.47,8.35,41733,35169332.0,1.43,1.08,0.09,1.44
2017-08-29,002137,8.45,8.42,8.5,8.37,33799,28497618.0,1.54,-0.47,-0.04,1.16
2017-08-30,002137,8.42,8.38,8.46,8.36,29985,25175767.0,1.19,-0.48,-0.04,1.03
2017-08-31,002137,8.43,8.97,9.09,8.42,249419,221492180.0,8.0,7.04,0.59,8.58
2017-09-01,002137,8.91,8.79,8.91,8.69,138775,121838766.0,2.45,-2.01,-0.18,4.77
2017-09-04,002137,8.76,8.77,8.96,8.74,104626,92474155.0,2.5,-0.23,-0.02,3.6
2017-09-05,002137,8.78,8.7,8.8,8.65,56470,49190701.0,1.71,-0.8,-0.07,1.94
2017-09-06,002137,8.67,8.8,8.85,8.64,50125,43816564.0,2.41,1.15,0.1,1.72
2017-09-07,002137,8.77,8.73,8.87,8.73,49971,43961777.0,1.59,-0.8,-0.07,1.72
2017-09-08,002137,8.73,9.05,9.05,8.71,111397,98977546.0,3.89,3.67,0.32,3.83
2017-09-11,002137,9.06,9.06,9.07,8.88,95048,85286006.0,2.1,0.11,0.01,3.27
2017-09-12,002137,9.06,8.9,9.1,8.85,79187,70741607.0,2.76,-1.77,-0.16,2.72
2017-09-13,002137,8.86,9.08,9.3,8.78,147376,133585341.0,5.84,2.02,0.18,5.07
2017-09-14,002137,9.04,8.91,9.09,8.85,84129,75302302.0,2.64,-1.87,-0.17,2.89
2017-09-15,002137,8.85,8.8,8.9,8.8,47662,42115694.0,1.12,-1.23,-0.11,1.64
2017-09-18,002137,8.82,8.91,8.93,8.7,40655,35992859.0,2.61,1.25,0.11,1.4
2017-09-19,002137,8.91,8.91,8.98,8.8,44096,39277272.0,2.02,0.0,0.0,1.52
2017-09-20,002137,8.89,8.94,8.98,8.81,44832,39867508.0,1.91,0.34,0.03,1.54
2017-09-21,002137,8.95,8.93,9.1,8.92,66189,59588199.0,2.01,-0.11,-0.01,2.28
2017-09-22,002137,8.89,8.73,8.89,8.7,50952,44638600.0,2.13,-2.24,-0.2,1.75
2017-09-25,002137,8.75,8.57,8.78,8.57,30911,26778409.0,2.41,-1.83,-0.16,1.06
2017-09-26,002137,8.57,8.35,8.63,8.27,56427,47572963.0,4.2,-2.57,-0.22,1.94
2017-09-27,002137,8.36,8.42,8.43,8.35,28227,23693203.0,0.96,0.84,0.07,0.97
2017-09-28,002137,8.44,8.41,8.52,8.37,31602,26637064.0,1.78,-0.12,-0.01,1.09
2017-09-29,002137,8.42,8.52,8.55,8.38,35316,29883053.0,2.02,1.31,0.11,1.21
2017-10-09,002137,8.6,8.63,8.69,8.57,27399,23606511.0,1.41,1.29,0.11,0.94
2017-10-10,002137,8.6,8.78,8.79,8.57,36374,31692301.0,2.55,1.74,0.15,1.25
2017-10-11,002137,8.8,8.69,8.94,8.68,46195,40679832.0,2.96,-1.03,-0.09,1.59
2017-10-12,002137,8.66,8.79,8.83,8.62,36260,31666728.0,2.42,1.15,0.1,1.25
2017-10-13,002137,8.79,8.85,8.89,8.75,34223,30205910.0,1.59,0.68,0.06,1.18
2017-10-16,002137,8.85,8.5,8.85,8.4,44422,38386676.0,5.08,-3.95,-0.35,1.53
2017-10-17,002137,8.51,8.46,8.58,8.43,21249,18063739.0,1.76,-0.47,-0.04,0.73
2017-10-18,002137,8.54,8.4,8.6,8.29,24166,20448901.0,3.66,-0.71,-0.06,0.83
2017-10-19,002137,8.39,8.13,8.4,8.1,39564,32409542.0,3.57,-3.21,-0.27,1.36
2017-10-20,002137,8.15,8.23,8.23,8.13,15410,12620928.0,1.23,1.23,0.1,0.53
2017-10-23,002137,8.19,8.35,8.38,8.15,30380,25271548.0,2.79,1.46,0.12,1.05
2017-10-24,002137,8.37,8.98,9.19,8.36,379732,345621072.0,9.94,7.54,0.63,13.06
2017-10-25,002137,8.8,8.7,8.8,8.53,242440,210227240.0,3.01,-3.12,-0.28,8.34
2017-10-26,002137,8.64,8.64,8.7,8.59,94958,81932589.0,1.26,-0.69,-0.06,3.27
2017-10-27,002137,8.67,8.59,8.78,8.57,87673,75915845.0,2.43,-0.58,-0.05,3.02
2017-10-30,002137,8.5,8.22,8.5,7.99,124563,101392340.0,5.94,-4.31,-0.37,4.29
2017-10-31,002137,8.19,8.33,8.34,8.05,61926,50747289.0,3.53,1.34,0.11,2.13
2017-11-01,002137,8.28,8.19,8.3,8.17,43632,35914408.0,1.56,-1.68,-0.14,1.5
2017-11-02,002137,8.21,8.11,8.26,8.01,37861,30756509.0,3.05,-0.98,-0.08,1.3
2017-11-03,002137,8.07,8.22,8.29,8.07,45753,37470498.0,2.71,1.36,0.11,1.57
2017-11-06,002137,8.14,8.25,8.26,8.06,42741,34928207.0,2.43,0.36,0.03,1.47
2017-11-07,002137,8.23,8.24,8.29,8.18,34678,28527885.0,1.33,-0.12,-0.01,1.19
2017-11-08,002137,8.24,8.23,8.28,8.18,41368,34089741.0,1.21,-0.12,-0.01,1.42
2017-11-09,002137,8.2,8.28,8.34,8.19,34562,28539258.0,1.82,0.61,0.05,1.19
2017-11-10,002137,8.29,8.21,8.37,8.19,35963,29629681.0,2.17,-0.85,-0.07,1.24
2017-11-13,002137,8.15,8.11,8.19,8.08,42809,34718668.0,1.34,-1.22,-0.1,1.47
2017-11-14,002137,8.11,8.0,8.13,8.0,32119,25892867.0,1.6,-1.36,-0.11,1.1
2017-11-15,002137,8.0,8.01,8.08,7.95,21571,17273551.0,1.63,0.13,0.01,0.74
2017-11-16,002137,8.01,7.9,8.06,7.89,31179,24824226.0,2.12,-1.37,-0.11,1.07
2017-11-17,002137,7.88,7.3,7.9,7.21,69916,52830800.0,8.73,-7.59,-0.6,2.41
2017-11-20,002137,7.29,7.22,7.29,6.81,35617,25313431.0,6.58,-1.1,-0.08,1.23
2017-11-21,002137,7.22,7.2,7.31,7.15,21539,15556462.0,2.22,-0.28,-0.02,0.74
2017-11-22,002137,7.22,7.17,7.24,7.12,17905,12856497.0,1.67,-0.42,-0.03,0.62
2017-11-23,002137,7.19,7.21,7.65,7.11,62051,45978645.0,7.53,0.56,0.04,2.13
2017-11-24,002137,7.1,7.13,7.22,7.01,34629,24648983.0,2.91,-1.11,-0.08,1.19
2017-11-27,002137,7.11,6.98,7.14,6.94,27728,19478429.0,2.81,-2.1,-0.15,0.95
2017-11-28,002137,6.93,7.1,7.12,6.93,17488,12336403.0,2.72,1.72,0.12,0.6
2017-11-29,002137,7.11,7.05,7.11,6.91,19833,13933699.0,2.82,-0.7,-0.05,0.68
2017-11-30,002137,7.04,7.04,7.11,7.01,17814,12568551.0,1.42,-0.14,-0.01,0.61
2017-12-01,002137,7.07,7.14,7.17,7.01,26614,18909810.0,2.27,1.42,0.1,0.92
2017-12-04,002137,7.12,7.03,7.14,7.02,20635,14597298.0,1.68,-1.54,-0.11,0.71
2017-12-05,002137,7.01,6.76,7.05,6.7,29333,20148898.0,4.98,-3.84,-0.27,1.01
2017-12-06,002137,6.72,6.9,6.93,6.7,18552,12624720.0,3.4,2.07,0.14,0.64
2017-12-07,002137,6.89,6.91,6.97,6.86,17367,12019001.0,1.59,0.14,0.01,0.6
2017-12-08,002137,6.88,6.97,7.02,6.88,16498,11499617.0,2.03,0.87,0.06,0.57
2017-12-11,002137,7.15,7.09,7.4,7.07,34644,24813106.0,4.73,1.72,0.12,1.19
2017-12-12,002137,7.0,7.08,7.24,7.0,31830,22745358.0,3.39,-0.14,-0.01,1.09
2017-12-13,002137,7.02,7.07,7.13,7.02,17058,12053342.0,1.55,-0.14,-0.01,0.59
2017-12-14,002137,7.08,6.99,7.1,6.97,24637,17269952.0,1.84,-1.13,-0.08,0.85
2017-12-15,002137,6.97,7.13,7.18,6.96,38747,27554474.0,3.15,2.0,0.14,1.33
2017-12-18,002137,7.13,7.09,7.15,7.03,19945,14138289.0,1.68,-0.56,-0.04,0.69
2017-12-19,002137,7.09,7.17,7.25,7.07,27059,19419091.0,2.54,1.13,0.08,0.93
2017-12-20,002137,7.17,7.13,7.2,7.07,23521,16731493.0,1.81,-0.56,-0.04,0.81
2017-12-21,002137,7.12,7.15,7.16,7.0,18756,13333759.0,2.24,0.28,0.02,0.65
2017-12-22,002137,7.15,7.18,7.19,7.12,19459,13935747.0,0.98,0.42,0.03,0.67
2017-12-25,002137,7.18,7.08,7.23,7.06,21233,15096203.0,2.37,-1.39,-0.1,0.73
2017-12-26,002137,7.08,7.08,7.11,7.01,17287,12199355.0,1.41,0.0,0.0,0.59
2017-12-27,002137,7.07,7.06,7.14,7.05,16455,11673912.0,1.27,-0.28,-0.02,0.57
2017-12-28,002137,7.03,6.96,7.08,6.92,28019,19591754.0,2.27,-1.42,-0.1,0.96
2017-12-29,002137,6.96,6.99,7.0,6.93,12722,8858604.0,1.01,0.43,0.03,0.44
2018-01-02,002137,7.02,7.04,7.05,6.96,13280,9319230.0,1.29,0.72,0.05,0.46
2018-01-03,002137,7.02,7.16,7.17,7.0,31362,22283281.0,2.41,1.7,0.12,1.09
2018-01-04,002137,7.13,7.13,7.16,7.04,24522,17418935.0,1.68,-0.42,-0.03,0.85
2018-01-05,002137,7.07,7.15,7.15,7.07,22963,16349939.0,1.12,0.28,0.02,0.8
2018-01-08,002137,7.16,7.05,7.16,7.02,29142,20604478.0,1.96,-1.4,-0.1,1.01
2018-01-09,002137,7.05,7.01,7.07,7.0,18329,12881951.0,0.99,-0.57,-0.04,0.64
2018-01-10,002137,7.03,7.25,7.25,6.95,79930,57131960.0,4.28,3.42,0.24,2.77
2018-01-11,002137,7.17,7.39,7.43,7.15,93047,68063836.0,3.86,1.93,0.14,3.22
2018-01-12,002137,7.35,7.19,7.39,7.18,44056,31959486.0,2.84,-2.71,-0.2,1.53
2018-01-15,002137,7.19,6.91,7.24,6.87,40317,28262907.0,5.15,-3.89,-0.28,1.4
2018-01-16,002137,6.85,6.87,6.95,6.8,25135,17277006.0,2.17,-0.58,-0.04,0.87
2018-01-17,002137,6.83,6.89,6.91,6.74,23694,16158797.0,2.47,0.29,0.02,0.82
2018-01-18,002137,6.89,6.95,6.98,6.84,19218,13256312.0,2.03,0.87,0.06,0.67
2018-01-19,002137,6.93,6.94,7.01,6.89,17788,12366726.0,1.73,-0.14,-0.01,0.62
2018-01-22,002137,6.91,6.97,6.99,6.83,16827,11670441.0,2.31,0.43,0.03,0.58
2018-01-23,002137,6.97,7.02,7.03,6.95,18900,13218200.0,1.15,0.72,0.05,0.65
2018-01-24,002137,7.0,7.01,7.01,6.87,24826,17292251.0,1.99,-0.14,-0.01,0.86
2018-01-25,002137,7.0,7.04,7.09,7.0,28327,19951985.0,1.28,0.43,0.03,0.98
2018-01-26,002137,7.01,6.99,7.09,6.96,22171,15572419.0,1.85,-0.71,-0.05,0.77
2018-01-29,002137,6.94,6.82,6.98,6.81,22606,15590268.0,2.43,-2.43,-0.17,0.78
2018-01-30,002137,6.83,6.82,6.89,6.79,15117,10318190.0,1.47,0.0,0.0,0.52
2018-01-31,002137,6.8,6.38,6.8,6.3,45958,29704534.0,7.33,-6.45,-0.44,1.59
2018-02-01,002137,6.37,6.06,6.43,5.98,44296,27137984.0,7.05,-5.02,-0.32,1.53
2018-02-02,002137,6.05,6.02,6.06,5.8,19184,11470365.0,4.29,-0.66,-0.04,0.66
2018-02-05,002137,5.87,5.99,6.02,5.86,10989,6559380.0,2.66,-0.5,-0.03,0.38
2018-02-06,002137,5.88,5.39,5.96,5.39,27308,15516291.0,9.52,-10.02,-0.6,0.95
2018-02-07,002137,5.45,5.47,5.58,5.21,23583,12865450.0,6.86,1.48,0.08,0.82
2018-02-08,002137,5.46,5.61,5.63,5.45,20484,11422562.0,3.29,2.56,0.14,0.71
2018-02-09,002137,5.55,5.45,5.58,5.36,23031,12603582.0,3.92,-2.85,-0.16,0.8
2018-02-12,002137,5.54,6.0,6.0,5.5,36098,21418289.0,9.17,10.09,0.55,1.25
2018-02-13,002137,6.15,6.12,6.6,6.1,115678,73182594.0,8.33,2.0,0.12,4.01
2018-02-14,002137,5.98,5.92,5.99,5.85,53182,31511540.0,2.29,-3.27,-0.2,1.84
2018-02-22,002137,5.94,5.91,5.98,5.8,37363,22038850.0,3.04,-0.17,-0.01,1.29
2018-02-23,002137,5.9,5.88,5.96,5.81,20740,12218038.0,2.54,-0.51,-0.03,0.72
2018-02-26,002137,5.9,6.06,6.06,5.87,35053,20935210.0,3.23,3.06,0.18,1.21
2018-02-27,002137,6.01,6.06,6.17,6.0,35433,21547260.0,2.81,0.0,0.0,1.23
2018-02-28,002137,6.06,5.98,6.07,5.93,40041,24022603.0,2.31,-1.32,-0.08,1.39
2018-03-01,002137,5.96,6.21,6.45,5.95,98381,60790080.0,8.36,3.85,0.23,3.41
2018-03-02,002137,6.15,6.22,6.29,6.09,56690,35128113.0,3.22,0.16,0.01,1.96
2018-03-05,002137,6.22,6.25,6.26,6.16,31139,19330547.0,1.61,0.48,0.03,1.08
2018-03-06,002137,6.88,6.88,6.88,6.88,31312,21542312.0,0.0,10.08,0.63,1.08
2018-03-07,002137,7.57,7.57,7.57,7.57,35585,26937905.0,0.0,10.03,0.69,1.23
2018-03-08,002137,8.33,8.33,8.33,8.33,43643,36354352.0,0.0,10.04,0.76,1.51
2018-03-09,002137,9.16,9.16,9.16,9.16,142663,130678987.0,0.0,9.96,0.83,4.94
2018-03-12,002137,10.08,10.08,10.08,10.0,311107,313540240.0,0.87,10.04,0.92,10.78
2018-03-15,002137,10.34,10.8,10.99,10.21,967121,1022140256.0,7.74,7.14,0.72,33.51
2018-03-16,002137,10.42,11.88,11.88,10.42,762079,868875696.0,13.52,10.0,1.08,26.41
2018-03-19,002137,12.0,11.44,12.0,10.69,822283,924144256.0,11.03,-3.7,-0.44,28.49
2018-03-20,002137,11.11,11.33,11.63,10.77,620892,694266240.0,7.52,-0.96,-0.11,21.51
2018-03-21,002137,11.28,12.15,12.46,11.26,993925,1185272080.0,10.59,7.24,0.82,34.44
2018-03-22,002137,11.82,11.28,12.35,11.11,755542,886524704.0,10.21,-7.16,-0.87,26.18
2018-03-23,002137,10.6,10.15,10.96,10.15,612121,632948352.0,7.18,-10.02,-1.13,21.21
2018-03-26,002137,9.9,10.45,10.5,9.61,487700,493705744.0,8.77,2.96,0.3,16.9
2018-03-27,002137,10.49,11.05,11.45,10.27,636786,692824768.0,11.29,5.74,0.6,22.07
2018-03-28,002137,10.47,10.09,10.91,10.03,486113,507525152.0,7.96,-8.69,-0.96,16.84
2018-03-29,002137,10.38,11.1,11.1,10.18,422554,458640992.0,9.12,10.01,1.01,14.64
2018-03-30,002137,11.66,12.21,12.21,11.56,921037,1104931488.0,5.86,10.0,1.11,31.91
2018-04-02,002137,13.03,13.43,13.43,12.94,554242,737128768.0,4.01,9.99,1.22,19.21
2018-04-03,002137,13.9,13.45,14.6,13.11,1127560,1552951584.0,11.09,0.15,0.02,39.07
2018-04-04,002137,13.54,12.63,13.84,12.54,671780,876888768.0,9.67,-6.1,-0.82,23.28
2018-04-09,002137,12.35,12.28,12.48,11.96,495124,603994784.0,4.12,-2.77,-0.35,17.16
2018-04-10,002137,12.2,12.99,13.4,11.98,700494,879414448.0,11.56,5.78,0.71,24.27
2018-04-11,002137,12.43,12.42,12.7,12.2,445711,553556784.0,3.85,-4.39,-0.57,15.44
2018-04-12,002137,12.2,11.85,12.58,11.68,383350,463308384.0,7.25,-4.59,-0.57,13.28
2018-04-13,002137,12.17,11.82,12.17,11.74,265088,317058096.0,3.63,-0.25,-0.03,9.19
2018-04-16,002137,11.48,11.44,11.78,11.1,283729,323041792.0,5.75,-3.21,-0.38,9.83
2018-04-17,002137,11.61,11.2,11.7,10.9,284485,320679952.0,6.99,-2.1,-0.24,9.86
2018-04-18,002137,11.32,11.37,11.48,10.8,290352,324102224.0,6.07,1.52,0.17,10.06
2018-04-19,002137,11.25,11.26,11.57,11.1,313043,356673728.0,4.13,-0.97,-0.11,10.85
2018-04-20,002137,11.27,10.24,11.3,10.23,355668,379055504.0,9.5,-9.06,-1.02,12.32
2018-04-23,002137,10.22,10.36,10.43,10.12,195712,201392837.0,3.03,1.17,0.12,6.78
2018-04-24,002137,10.42,10.68,10.75,10.21,235515,248780090.0,5.21,3.09,0.32,8.57
2018-04-25,002137,10.53,11.28,11.65,10.48,483832,544078640.0,10.96,5.62,0.6,17.61
2018-04-26,002137,11.0,10.37,11.0,10.26,331201,352709584.0,6.56,-8.07,-0.91,12.06
2018-04-27,002137,10.52,10.26,10.62,10.26,163610,170176288.0,3.47,-1.06,-0.11,5.96
2018-05-02,002137,10.33,10.24,10.55,9.98,171029,174980888.0,5.56,-0.19,-0.02,6.23
2018-05-03,002137,10.3,10.76,10.97,10.25,308644,329507856.0,7.03,5.08,0.52,11.24
2018-05-04,002137,10.61,10.36,10.7,10.3,223799,234568325.0,3.72,-3.72,-0.4,8.15
2018-05-07,002137,10.63,10.86,11.16,10.63,328215,358331696.0,5.12,4.83,0.5,11.95
2018-05-08,002137,11.14,11.95,11.95,10.95,406990,467378848.0,9.21,10.04,1.09,14.82
2018-05-09,002137,12.4,11.7,12.99,11.62,712203,870592624.0,11.46,-2.09,-0.25,25.93
2018-05-10,002137,11.49,12.09,12.36,11.4,477992,571442096.0,8.21,3.33,0.39,17.4
2018-05-11,002137,11.8,11.4,11.95,11.3,325144,378077344.0,5.38,-5.71,-0.69,11.84
2018-05-14,002137,11.33,11.54,11.77,11.33,217049,251792495.0,3.86,1.23,0.14,7.9
2018-05-15,002137,11.4,11.43,11.48,11.11,222882,250741987.0,3.21,-0.95,-0.11,8.11
2018-05-16,002137,11.3,11.13,11.38,11.06,169575,189817025.0,2.8,-2.62,-0.3,6.17
2018-05-17,002137,11.21,11.04,11.29,10.86,194160,214970873.0,3.86,-0.81,-0.09,7.07
2018-05-18,002137,10.8,10.63,10.95,10.47,230498,245710188.0,4.35,-3.71,-0.41,8.39
2018-05-21,002137,10.88,10.78,10.98,10.72,172672,187082042.0,2.45,1.41,0.15,6.1
2018-05-22,002137,10.73,10.9,10.95,10.6,165885,179447299.0,3.25,1.11,0.12,5.86
2018-05-23,002137,10.77,11.71,11.98,10.77,497801,568323440.0,11.1,7.43,0.81,17.58
2018-05-24,002137,11.51,11.3,11.6,11.25,262350,298083968.0,2.99,-3.5,-0.41,9.27
2018-05-25,002137,11.21,11.26,11.54,11.2,184849,209668958.0,3.01,-0.35,-0.04,6.53
2018-05-28,002137,11.15,10.36,11.24,10.13,238399,249975329.0,9.86,-7.99,-0.9,8.42
2018-05-29,002137,10.3,10.35,10.55,10.16,126627,131074226.0,3.76,-0.1,-0.01,4.47
2018-05-30,002137,10.01,9.46,10.05,9.41,208424,201988661.0,6.18,-8.6,-0.89,7.36
2018-05-31,002137,9.87,9.77,10.06,9.7,157840,155791427.0,3.81,3.28,0.31,5.58
2018-06-01,002137,9.53,9.67,9.74,9.4,120211,114990032.0,3.48,-1.02,-0.1,4.25
2018-06-04,002137,9.79,9.52,9.79,9.46,80077,76793812.0,3.41,-1.55,-0.15,2.83
2018-06-05,002137,9.47,9.88,10.0,9.47,129386,127177375.0,5.57,3.78,0.36,4.57
2018-06-06,002137,9.91,10.19,10.5,9.91,204667,209289429.0,5.97,3.14,0.31,7.23
2018-06-07,002137,10.41,10.38,10.99,10.35,250876,266177832.0,6.28,1.86,0.19,8.86
2018-06-08,002137,10.15,10.49,10.65,9.83,239483,244577905.0,7.9,1.06,0.11,8.46
2018-06-11,002137,10.34,10.69,10.79,10.2,257086,272833824.0,5.62,1.91,0.2,9.08
2018-06-12,002137,10.7,10.51,10.7,10.15,174543,182112024.0,5.14,-1.68,-0.18,6.17
2018-06-13,002137,10.4,9.89,10.4,9.88,172895,175195718.0,4.95,-5.9,-0.62,6.11
2018-06-14,002137,9.77,9.8,10.06,9.58,110147,108449794.0,4.85,-0.91,-0.09,3.89
2018-06-15,002137,9.79,9.59,9.94,9.42,104956,101187681.0,5.31,-2.14,-0.21,3.71
2018-06-19,002137,9.4,8.63,9.4,8.63,148637,132070912.0,8.03,-10.01,-0.96,5.25
2018-06-20,002137,8.5,8.63,8.74,8.23,122580,104816662.0,5.91,0.0,0.0,4.33
2018-06-21,002137,8.56,8.17,8.63,8.11,130787,109110393.0,6.03,-5.33,-0.46,4.62
2018-06-22,002137,7.99,8.24,8.32,7.89,96862,79286003.0,5.26,0.86,0.07,3.42
2018-06-25,002137,8.39,8.11,8.48,8.04,97009,80353272.0,5.34,-1.58,-0.13,3.43
2018-06-26,002137,7.92,8.48,8.48,7.91,141249,117275683.0,7.03,4.56,0.37,4.99
2018-06-27,002137,8.55,8.32,8.55,8.25,103777,86994349.0,3.54,-1.89,-0.16,3.67
2018-06-28,002137,8.41,8.13,8.52,8.1,82240,68420520.0,5.05,-2.28,-0.19,2.9
2018-06-29,002137,8.13,8.63,8.77,8.13,166474,141584021.0,7.87,6.15,0.5,5.88
2018-07-02,002137,8.64,8.51,8.85,8.39,140710,121538555.0,5.33,-1.39,-0.12,4.97
2018-07-03,002137,8.5,8.67,8.75,8.34,126116,108037615.0,4.82,1.88,0.16,4.45
2018-07-04,002137,8.6,8.28,8.65,8.17,108735,91314704.0,5.54,-4.5,-0.39,3.84
2018-07-05,002137,8.27,8.2,8.65,8.2,97769,82020475.0,5.43,-0.97,-0.08,3.45
2018-07-06,002137,8.07,8.22,8.5,8.03,106390,87844246.0,5.73,0.24,0.02,3.76
2018-07-09,002137,8.25,8.39,8.44,8.24,86602,72361744.0,2.43,2.07,0.17,3.06
2018-07-10,002137,8.44,8.8,9.08,8.4,203201,177399344.0,8.1,4.89,0.41,7.18
2018-07-11,002137,8.35,8.4,8.48,8.19,152589,127501901.0,3.3,-4.55,-0.4,5.39
2018-07-12,002137,8.31,8.9,9.22,8.27,258090,227205912.0,11.31,5.95,0.5,9.12
2018-07-13,002137,9.0,9.57,9.79,8.91,489403,469526896.0,9.89,7.53,0.67,17.29
2018-07-16,002137,9.3,9.38,9.53,9.12,314511,292528192.0,4.28,-1.99,-0.19,11.11
2018-07-17,002137,9.29,9.16,9.29,8.99,179988,164638562.0,3.2,-2.35,-0.22,6.36
2018-07-18,002137,9.16,9.35,9.66,9.11,270380,255157514.0,6.0,2.07,0.19,9.55
2018-07-19,002137,9.11,8.94,9.19,8.89,183808,165644850.0,3.21,-4.39,-0.41,6.49
2018-07-20,002137,8.9,9.07,9.16,8.8,129157,116879361.0,4.03,1.45,0.13,4.53
2018-07-23,002137,9.19,9.25,9.49,9.17,172010,159854954.0,3.53,1.98,0.18,6.04
2018-07-24,002137,9.17,9.31,9.33,9.11,149055,137598117.0,2.38,0.65,0.06,5.23
2018-07-25,002137,9.26,9.2,9.45,9.17,116830,108405131.0,3.01,-1.18,-0.11,4.1
2018-07-26,002137,9.16,9.07,9.19,8.95,111993,101140909.0,2.61,-1.41,-0.13,3.93
2018-07-27,002137,8.95,8.91,9.09,8.91,64234,57650672.0,1.98,-1.76,-0.16,2.26
2018-07-30,002137,8.94,8.8,9.07,8.72,82197,72894287.0,3.93,-1.23,-0.11,2.89
2018-07-31,002137,8.8,8.72,8.86,8.65,55167,48193359.0,2.39,-0.91,-0.08,1.94
2018-08-01,002137,8.79,8.4,8.83,8.36,76133,65674282.0,5.39,-3.67,-0.32,2.67
2018-08-02,002137,8.38,8.0,8.39,7.6,122131,97271321.0,9.4,-4.76,-0.4,4.29
2018-08-03,002137,7.93,7.82,8.07,7.8,62895,49672898.0,3.38,-2.25,-0.18,2.21
2018-08-06,002137,7.85,7.53,7.89,7.4,70748,54023054.0,6.27,-3.71,-0.29,2.48
2018-08-07,002137,7.55,7.82,7.83,7.46,71683,55137982.0,4.91,3.85,0.29,2.52
2018-08-08,002137,7.82,7.67,7.95,7.64,67229,52322695.0,3.96,-1.92,-0.15,2.36
2018-08-09,002137,7.58,7.86,7.94,7.51,93220,72979940.0,5.61,2.48,0.19,3.27
2018-08-10,002137,7.83,7.89,7.94,7.78,75090,59068049.0,2.04,0.38,0.03,2.64
2018-08-13,002137,7.76,8.1,8.14,7.62,94944,74809486.0,6.59,2.66,0.21,3.33
2018-08-14,002137,8.04,8.11,8.2,7.98,77920,63007258.0,2.72,0.12,0.01,2.74
2018-08-15,002137,8.08,7.81,8.17,7.8,64854,51427231.0,4.56,-3.7,-0.3,2.28
2018-08-16,002137,7.62,7.7,7.83,7.57,49623,38320386.0,3.33,-1.41,-0.11,1.74
2018-08-17,002137,7.79,7.53,7.84,7.51,44926,34336026.0,4.29,-2.21,-0.17,1.58
2018-08-20,002137,7.57,7.63,7.63,7.31,50015,37547516.0,4.25,1.33,0.1,1.76
2018-08-21,002137,7.63,7.74,7.85,7.59,69512,53787933.0,3.41,1.44,0.11,2.44
2018-08-22,002137,7.77,7.6,7.85,7.57,49376,37979182.0,3.62,-1.81,-0.14,1.73
2018-08-23,002137,7.54,7.73,7.8,7.54,51021,39340260.0,3.42,1.71,0.13,1.79
2018-08-24,002137,7.67,7.65,7.74,7.59,39787,30495511.0,1.94,-1.03,-0.08,1.4
2018-08-27,002137,7.71,7.87,7.87,7.65,70914,55272960.0,2.88,2.88,0.22,2.49
2018-08-28,002137,7.85,7.77,7.85,7.69,70615,54841367.0,2.03,-1.27,-0.1,2.48
2018-08-29,002137,7.8,7.68,7.8,7.65,41481,31952874.0,1.93,-1.16,-0.09,1.46
2018-08-30,002137,7.63,7.37,7.69,7.33,61488,46301440.0,4.69,-4.04,-0.31,2.16
2018-08-31,002137,7.35,7.4,7.59,7.3,51824,38715826.0,3.93,0.41,0.03,1.82
2018-09-03,002137,7.56,7.29,7.56,7.15,56617,41266880.0,5.54,-1.49,-0.11,1.99
2018-09-04,002137,7.14,7.35,7.38,7.14,48482,35436518.0,3.29,0.82,0.06,1.7
2018-09-05,002137,7.34,7.1,7.35,7.09,55054,39756590.0,3.54,-3.4,-0.25,1.93
2018-09-06,002137,7.09,7.1,7.23,6.98,47822,34063145.0,3.52,0.0,0.0,1.68
2018-09-07,002137,7.2,7.09,7.24,6.99,50143,35724335.0,3.52,-0.14,-0.01,1.76
2018-09-10,002137,7.12,6.95,7.12,6.87,57383,39888913.0,3.53,-1.97,-0.14,2.01
2018-09-11,002137,6.92,6.89,7.01,6.85,46163,31895195.0,2.3,-0.86,-0.06,1.62
2018-09-12,002137,6.93,7.06,7.08,6.87,74494,52091214.0,3.05,2.47,0.17,2.62
2018-09-13,002137,7.12,7.06,7.2,6.96,54879,38789272.0,3.4,0.0,0.0,1.93
2018-09-14,002137,7.07,7.14,7.49,6.95,114872,83025355.0,7.65,1.13,0.08,4.03
2018-09-17,002137,7.08,6.86,7.13,6.86,67210,46700234.0,3.78,-3.92,-0.28,2.36
2018-09-18,002137,6.85,6.97,6.98,6.8,45009,31120336.0,2.62,1.6,0.11,1.58
2018-09-19,002137,6.92,7.08,7.25,6.91,85410,60665610.0,4.88,1.58,0.11,3.0
2018-09-20,002137,7.02,7.12,7.17,7.02,58010,41171804.0,2.12,0.56,0.04,2.04
2018-09-21,002137,7.11,7.17,7.2,7.05,72464,51681251.0,2.11,0.7,0.05,2.54
2018-09-25,002137,7.1,7.05,7.14,7.03,45791,32401446.0,1.53,-1.67,-0.12,1.61
2018-09-26,002137,7.08,7.05,7.11,6.99,46925,33124255.0,1.7,0.0,0.0,1.65
2018-09-27,002137,7.07,6.87,7.09,6.85,65071,45208927.0,3.4,-2.55,-0.18,2.28
2018-09-28,002137,6.92,7.03,7.03,6.85,58248,40431506.0,2.62,2.33,0.16,2.05
2018-10-08,002137,6.94,6.63,6.94,6.62,55934,37917001.0,4.55,-5.69,-0.4,1.96
2018-10-09,002137,6.69,6.68,6.73,6.64,26345,17591461.0,1.36,0.75,0.05,0.93
2018-10-10,002137,6.71,6.74,6.76,6.66,25554,17159343.0,1.5,0.9,0.06,0.9
2018-10-11,002137,6.58,6.07,6.58,6.07,76545,47283803.0,7.57,-9.94,-0.67,2.69
2018-10-12,002137,5.96,5.82,5.97,5.52,71662,41376934.0,7.41,-4.12,-0.25,2.52
2018-10-15,002137,5.85,5.78,6.02,5.78,44290,26106101.0,4.12,-0.69,-0.04,1.56
2018-10-16,002137,5.86,5.71,5.94,5.64,43831,25358286.0,5.19,-1.21,-0.07,1.54
2018-10-17,002137,5.73,5.83,5.86,5.65,53972,31272383.0,3.68,2.1,0.12,1.9
2018-10-18,002137,5.83,5.58,5.83,5.53,52630,29650918.0,5.15,-4.29,-0.25,1.85
2018-10-19,002137,5.42,5.72,5.73,5.31,56781,31744384.0,7.53,2.51,0.14,1.99
2018-10-22,002137,5.78,5.98,6.1,5.78,76951,45760770.0,5.59,4.55,0.26,2.7
2018-10-23,002137,6.02,5.91,6.02,5.85,55964,33225063.0,2.84,-1.17,-0.07,1.97
2018-10-24,002137,5.87,6.04,6.38,5.85,110246,67429083.0,8.97,2.2,0.13,3.87
2018-10-25,002137,5.73,5.9,5.94,5.65,67006,38808757.0,4.8,-2.32,-0.14,2.35
2018-10-26,002137,5.95,5.94,6.06,5.88,55188,32867555.0,3.05,0.68,0.04,1.94
2018-10-29,002137,5.9,5.84,6.01,5.77,34686,20370818.0,4.04,-1.68,-0.1,1.22
2018-10-30,002137,5.84,5.87,5.91,5.72,35872,20941997.0,3.25,0.51,0.03,1.26
2018-10-31,002137,5.87,6.0,6.09,5.87,59870,35870052.0,3.75,2.21,0.13,2.1
2018-11-01,002137,6.1,6.11,6.23,6.05,87395,53719362.0,3.0,1.83,0.11,3.07
2018-11-02,002137,6.16,6.56,6.72,6.12,243107,160238143.0,9.82,7.36,0.45,8.54
2018-11-05,002137,6.42,7.22,7.22,6.33,360232,245851776.0,13.57,10.06,0.66,12.65
2018-11-06,002137,7.22,7.94,7.94,7.08,374710,280090784.0,11.91,9.97,0.72,13.16
2018-11-07,002137,8.65,7.66,8.73,7.55,562240,468358048.0,14.86,-3.53,-0.28,19.74
2018-11-08,002137,7.6,7.71,8.03,7.45,371717,287944368.0,7.57,0.65,0.05,13.05
2018-11-09,002137,7.41,7.26,7.53,7.22,286354,210818799.0,4.02,-5.84,-0.45,10.05
2018-11-12,002137,7.38,7.36,7.4,7.16,193550,141414939.0,3.31,1.38,0.1,6.8
2018-11-13,002137,7.19,7.48,7.68,7.19,264431,196733315.0,6.66,1.63,0.12,9.28
2018-11-14,002137,7.43,7.81,8.14,7.38,371374,290665504.0,10.16,4.41,0.33,13.04
2018-11-15,002137,8.02,8.59,8.59,8.02,538998,454047888.0,7.3,9.99,0.78,18.93
2018-11-16,002137,8.33,8.52,9.18,8.31,571644,495149616.0,10.13,-0.81,-0.07,20.07
2018-11-19,002137,8.57,8.43,8.78,8.27,333281,283600768.0,5.99,-1.06,-0.09,11.7
2018-11-20,002137,8.16,7.84,8.21,7.83,255708,205052328.0,4.51,-7.0,-0.59,8.98
2018-11-21,002137,7.88,7.98,8.18,7.86,189681,151962213.0,4.08,1.79,0.14,6.66
2018-11-22,002137,8.06,8.45,8.63,7.94,329320,274171232.0,8.65,5.89,0.47,11.56
2018-11-23,002137,8.28,7.79,8.3,7.61,247858,195108203.0,8.17,-7.81,-0.66,8.7
2018-11-26,002137,7.67,7.83,7.99,7.67,125555,98473294.0,4.11,0.51,0.04,4.41
2018-11-27,002137,8.04,8.19,8.2,7.7,203926,162510137.0,6.39,4.6,0.36,7.16
2018-11-28,002137,8.08,7.95,8.09,7.82,159295,126856206.0,3.3,-2.93,-0.24,5.59
2018-11-29,002137,7.96,7.87,8.29,7.85,199190,161191420.0,5.53,-1.01,-0.08,6.99
2018-11-30,002137,7.72,7.56,7.72,7.23,172872,129822182.0,6.23,-3.94,-0.31,6.07
2018-12-03,002137,7.78,7.8,7.89,7.66,158786,123527793.0,3.04,3.17,0.24,5.58
2018-12-04,002137,7.84,8.05,8.12,7.77,181905,145259671.0,4.49,3.21,0.25,6.39
2018-12-05,002137,7.9,7.81,7.96,7.75,128529,100667713.0,2.61,-2.98,-0.24,4.51
2018-12-06,002137,7.84,7.98,8.59,7.76,249536,203241934.0,10.63,2.18,0.17,8.76
2018-12-07,002137,7.9,8.46,8.67,7.9,373560,312867920.0,9.65,6.02,0.48,13.12
2018-12-10,002137,8.25,8.1,8.29,7.88,256859,207807880.0,4.85,-4.26,-0.36,9.02
2018-12-11,002137,8.0,8.0,8.11,7.86,135842,108274207.0,3.09,-1.23,-0.1,4.77
2018-12-12,002137,8.05,7.89,8.05,7.76,142554,112244223.0,3.63,-1.38,-0.11,5.01
2018-12-13,002137,7.91,7.8,7.92,7.7,139581,108950797.0,2.79,-1.14,-0.09,4.9
2018-12-14,002137,7.79,7.42,7.85,7.38,135813,103183327.0,6.03,-4.87,-0.38,4.77
2018-12-17,002137,7.38,7.53,7.64,7.3,77059,57814957.0,4.58,1.48,0.11,2.71
2018-12-18,002137,7.45,7.53,7.6,7.26,83881,62504586.0,4.52,0.0,0.0,2.95
2018-12-19,002137,7.53,7.41,7.56,7.36,48793,36374930.0,2.66,-1.59,-0.12,1.71
2018-12-20,002137,7.41,7.59,7.6,7.3,91350,68586663.0,4.05,2.43,0.18,3.21
2018-12-21,002137,7.41,7.35,7.49,7.27,81134,59891819.0,2.9,-3.16,-0.24,2.85
2018-12-24,002137,7.37,7.36,7.4,7.26,45738,33607044.0,1.9,0.14,0.01,1.61
2018-12-25,002137,7.26,7.03,7.28,6.7,119779,83250557.0,7.88,-4.48,-0.33,4.21
2018-12-26,002137,7.01,7.06,7.15,6.92,78023,54790899.0,3.27,0.43,0.03,2.74
2018-12-27,002137,7.19,6.67,7.19,6.61,100482,69512680.0,8.22,-5.52,-0.39,3.53
2018-12-28,002137,6.69,6.78,6.88,6.69,74204,50406950.0,2.85,1.65,0.11,2.61
2019-01-02,002137,6.8,6.9,7.1,6.79,80400,55848671.0,4.57,1.77,0.12,2.72
2019-01-03,002137,6.97,6.7,7.05,6.68,67011,46048845.0,5.36,-2.9,-0.2,2.26
2019-01-04,002137,6.7,7.09,7.17,6.6,133032,93456994.0,8.51,5.82,0.39,4.49
2019-01-07,002137,7.15,7.18,7.28,7.03,104937,75251688.0,3.53,1.27,0.09,3.54
2019-01-08,002137,7.2,7.11,7.25,7.04,91675,65359217.0,2.92,-0.97,-0.07,3.1
2019-01-09,002137,7.13,7.18,7.37,7.07,126327,91536975.0,4.22,0.98,0.07,4.27
2019-01-10,002137,7.2,7.29,7.68,7.1,160340,117505113.0,8.08,1.53,0.11,5.41
2019-01-11,002137,7.3,7.18,7.3,7.08,108408,77510122.0,3.02,-1.51,-0.11,3.66
2019-01-14,002137,7.2,7.15,7.26,7.08,77814,55612639.0,2.51,-0.42,-0.03,2.63
2019-01-15,002137,7.12,7.17,7.18,7.03,71923,51212545.0,2.1,0.28,0.02,2.43
2019-01-16,002137,7.19,7.16,7.28,7.14,85729,61838276.0,1.95,-0.14,-0.01,2.7
2019-01-17,002137,7.12,6.99,7.19,6.95,104882,73956729.0,3.35,-2.37,-0.17,3.3
2019-01-18,002137,6.91,6.87,6.98,6.82,75572,51978873.0,2.29,-1.72,-0.12,2.38
2019-01-21,002137,6.9,6.95,6.98,6.85,40973,28410780.0,1.89,1.16,0.08,1.12
2019-01-22,002137,7.0,6.89,7.0,6.8,44219,30441009.0,2.88,-0.86,-0.06,1.21
2019-01-23,002137,6.86,6.9,6.92,6.78,48417,33239167.0,2.03,0.15,0.01,1.33
2019-01-24,002137,6.97,7.15,7.25,6.94,144571,103455400.0,4.49,3.62,0.25,3.96
2019-01-25,002137,7.11,6.97,7.16,6.95,95608,67345965.0,2.94,-2.52,-0.18,2.62
2019-01-28,002137,7.0,6.98,7.15,6.93,61875,43444330.0,3.16,0.14,0.01,1.7
2019-01-29,002137,6.86,6.51,6.87,6.36,112915,74079224.0,7.31,-6.73,-0.47,3.09
2019-01-30,002137,5.86,5.86,5.86,5.86,25638,15023868.0,0.0,-9.98,-0.65,0.7
2019-01-31,002137,5.27,5.39,5.75,5.27,198888,107921864.0,8.19,-8.02,-0.47,5.45
2019-02-01,002137,5.43,5.47,5.55,5.37,88549,48464031.0,3.34,1.48,0.08,2.43
2019-02-11,002137,5.58,5.71,5.73,5.51,88519,49980527.0,4.02,4.39,0.24,2.43
2019-02-12,002137,5.71,5.98,6.17,5.71,131652,78988660.0,8.06,4.73,0.27,3.61
2019-02-13,002137,5.98,6.13,6.15,5.97,108520,66142939.0,3.01,2.51,0.15,2.97
2019-02-14,002137,6.12,6.17,6.33,6.03,114505,71019311.0,4.89,0.65,0.04,3.14
2019-02-15,002137,6.19,6.22,6.55,6.18,115293,72709346.0,6.0,0.81,0.05,3.16
2019-02-18,002137,6.25,6.44,6.48,6.23,119298,75854992.0,4.02,3.54,0.22,3.27
2019-02-19,002137,6.49,6.57,6.64,6.39,128318,83587911.0,3.88,2.02,0.13,3.52
2019-02-20,002137,6.59,6.5,6.65,6.42,91281,59328692.0,3.5,-1.07,-0.07,2.5
2019-02-21,002137,6.5,6.57,6.78,6.5,154090,102336276.0,4.31,1.08,0.07,4.22
2019-02-22,002137,6.57,6.69,6.76,6.55,132935,88481566.0,3.2,1.83,0.12,3.64
2019-02-25,002137,6.86,7.15,7.18,6.83,231225,162254065.0,5.23,6.88,0.46,6.34
2019-02-26,002137,7.15,7.01,7.25,6.88,229656,162151624.0,5.17,-1.96,-0.14,6.29
2019-02-27,002137,6.79,6.84,7.06,6.79,177320,122473092.0,3.85,-2.43,-0.17,4.86
2019-02-28,002137,6.91,6.91,6.98,6.81,128992,88982455.0,2.49,1.02,0.07,3.54
2019-03-01,002137,6.93,6.93,7.1,6.8,109227,75857073.0,4.34,0.29,0.02,2.99
2019-03-04,002137,7.31,7.05,7.42,7.03,217971,156010593.0,5.63,1.73,0.12,5.97
2019-03-05,002137,7.13,7.76,7.76,7.11,357051,269238544.0,9.22,10.07,0.71,9.79
2019-03-06,002137,7.93,8.1,8.3,7.77,474959,381354048.0,6.83,4.38,0.34,13.02
2019-03-07,002137,7.9,8.16,8.6,7.85,384381,314359936.0,9.26,0.74,0.06,10.54
2019-03-08,002137,7.96,7.94,8.54,7.72,363060,295712112.0,10.05,-2.7,-0.22,9.95
2019-03-11,002137,8.15,8.3,8.47,8.02,257350,212233334.0,5.67,4.53,0.36,7.05
2019-03-12,002137,8.26,8.55,8.8,8.26,360189,305621312.0,6.51,3.01,0.25,9.87
2019-03-13,002137,8.82,8.22,8.95,8.16,362725,314068336.0,9.24,-3.86,-0.33,9.94
2019-03-14,002137,8.1,7.9,8.43,7.7,237686,189990382.0,8.88,-3.89,-0.32,6.51
2019-03-15,002137,8.07,7.95,8.24,7.8,169543,136066399.0,5.57,0.63,0.05,4.65
2019-03-18,002137,7.8,8.0,8.04,7.6,183283,144045718.0,5.53,0.63,0.05,5.02
2019-03-19,002137,8.08,8.17,8.43,7.93,231486,188826661.0,6.25,2.13,0.17,6.34
2019-03-20,002137,8.17,8.08,8.23,7.85,174056,140236528.0,4.65,-1.1,-0.09,4.77
2019-03-21,002137,8.02,8.89,8.89,8.02,518154,451912528.0,10.77,10.02,0.81,14.2
2019-03-22,002137,8.88,8.66,8.97,8.4,412032,357496928.0,6.41,-2.59,-0.23,11.29
2019-03-25,002137,8.44,8.19,8.52,8.1,293297,244409013.0,4.85,-5.43,-0.47,8.04
2019-03-26,002137,8.21,7.62,8.3,7.52,245388,192839884.0,9.52,-6.96,-0.57,6.73
2019-03-27,002137,7.73,7.54,7.78,7.34,150739,113913909.0,5.77,-1.05,-0.08,4.13
2019-03-28,002137,7.56,7.41,7.66,7.35,132781,99864876.0,4.11,-1.72,-0.13,3.64
2019-03-29,002137,7.56,7.85,7.93,7.48,213451,165602497.0,6.07,5.94,0.44,5.85
2019-04-01,002137,7.93,8.1,8.21,7.84,181798,146339587.0,4.71,3.18,0.25,4.98
2019-04-02,002137,8.1,8.18,8.44,8.08,248587,204356783.0,4.44,0.99,0.08,6.81
2019-04-03,002137,8.18,8.35,8.49,8.13,226566,189095462.0,4.4,2.08,0.17,6.21
2019-04-04,002137,8.36,8.41,8.5,8.12,241740,201109775.0,4.55,0.72,0.06,6.63
2019-04-08,002137,8.41,8.16,8.52,8.12,180944,149945457.0,4.76,-2.97,-0.25,4.96
2019-04-09,002137,8.17,8.23,8.45,8.15,148662,123154046.0,3.68,0.86,0.07,4.07
2019-04-10,002137,8.22,8.43,8.65,8.14,289473,244584468.0,6.2,2.43,0.2,7.93
2019-04-11,002137,8.37,7.97,8.41,7.96,229568,186581534.0,5.34,-5.46,-0.46,6.29
2019-04-12,002137,7.7,7.92,8.07,7.7,114427,90768075.0,4.64,-0.63,-0.05,3.14
2019-04-15,002137,7.99,8.2,8.45,7.99,258911,214288782.0,5.81,3.54,0.28,7.1
2019-04-16,002137,8.16,8.52,8.6,8.11,328292,275484240.0,5.98,3.9,0.32,9.0
2019-04-17,002137,8.47,8.46,8.51,8.32,217498,182784513.0,2.23,-0.7,-0.06,5.96
2019-04-18,002137,8.5,8.56,8.87,8.37,342142,294369456.0,5.91,1.18,0.1,9.38
2019-04-19,002137,8.63,8.66,8.76,8.33,216807,184589693.0,5.02,1.17,0.1,5.94
2019-04-22,002137,8.69,8.35,8.69,8.31,170806,144547683.0,4.39,-3.58,-0.31,4.68
2019-04-23,002137,8.44,9.19,9.19,8.36,612688,556031520.0,9.94,10.06,0.84,16.79
2019-04-24,002137,9.0,8.8,9.08,8.49,598827,524709952.0,6.42,-4.24,-0.39,16.41
2019-04-25,002137,8.69,7.96,8.73,7.92,389207,325429280.0,9.2,-9.55,-0.84,10.67
2019-04-26,002137,7.8,8.0,8.18,7.68,210821,167792889.0,6.28,0.5,0.04,5.78
2019-04-29,002137,7.95,8.15,8.5,7.81,312266,255365684.0,8.63,1.88,0.15,8.56
2019-04-30,002137,7.9,8.42,8.53,7.89,264635,220446096.0,7.85,3.31,0.27,7.25
2019-05-06,002137,7.77,7.58,7.77,7.58,173838,132483919.0,2.26,-9.98,-0.84,4.76
2019-05-07,002137,7.49,7.13,7.55,6.83,224560,159685479.0,9.5,-5.94,-0.45,6.15
2019-05-08,002137,6.8,6.93,7.15,6.7,123680,86257842.0,6.31,-2.81,-0.2,3.39
2019-05-09,002137,6.83,6.88,7.04,6.83,75488,52415216.0,3.03,-0.72,-0.05,2.07
2019-05-10,002137,6.99,7.09,7.12,6.7,140402,98452134.0,6.1,3.05,0.21,3.85
2019-05-13,002137,7.01,7.13,7.14,6.91,99687,70615012.0,3.24,0.56,0.04,2.73
2019-05-14,002137,7.0,7.16,7.27,6.95,121931,87287510.0,4.49,0.42,0.03,3.34
2019-05-15,002137,7.17,7.26,7.27,7.12,134997,97093361.0,2.09,1.4,0.1,3.7
2019-05-16,002137,7.25,7.17,7.25,7.11,94885,68079726.0,1.93,-1.24,-0.09,2.6
2019-05-17,002137,7.23,6.88,7.35,6.83,137848,97866604.0,7.25,-4.04,-0.29,3.78
2019-05-20,002137,6.91,6.93,6.95,6.65,90259,61691600.0,4.36,0.73,0.05,2.47
2019-05-21,002137,6.89,7.03,7.07,6.86,79243,55368397.0,3.03,1.44,0.1,2.17
2019-05-22,002137,7.02,7.0,7.16,6.93,80492,56740516.0,3.27,-0.43,-0.03,2.21
2019-05-23,002137,7.0,6.83,7.08,6.8,81044,56169204.0,4.0,-2.43,-0.17,2.22
2019-05-24,002137,6.84,6.83,6.97,6.8,50497,34683800.0,2.49,0.0,0.0,1.38
2019-05-27,002137,6.83,7.05,7.11,6.83,102840,71727976.0,4.1,3.22,0.22,2.82
2019-05-28,002137,7.05,7.13,7.23,7.03,121455,86742551.0,2.84,1.13,0.08,3.33
2019-05-29,002137,7.09,7.1,7.18,7.0,80668,57398220.0,2.52,-0.42,-0.03,2.21
2019-05-30,002137,7.11,6.99,7.13,6.88,67919,47392975.0,3.52,-1.55,-0.11,1.86
2019-05-31,002137,6.98,6.99,7.1,6.97,61266,43130027.0,1.86,0.0,0.0,1.68
2019-06-03,002137,6.99,6.89,7.05,6.85,57942,40192175.0,2.86,-1.43,-0.1,1.59
2019-06-04,002137,6.94,7.04,7.23,6.87,125683,88758775.0,5.22,2.18,0.15,3.44
2019-06-05,002137,7.08,7.08,7.18,6.98,90590,64122941.0,2.84,0.57,0.04,2.48
2019-06-06,002137,7.08,6.7,7.08,6.69,95949,65686546.0,5.51,-5.37,-0.38,2.63
2019-06-10,002137,6.72,6.75,6.82,6.61,68071,45755855.0,3.13,0.75,0.05,1.87
2019-06-11,002137,6.76,7.05,7.08,6.71,102392,70891284.0,5.48,4.44,0.3,2.81
2019-06-12,002137,7.01,7.04,7.1,7.0,77119,54388158.0,1.42,-0.14,-0.01,2.11
2019-06-13,002137,7.04,7.15,7.25,7.01,98054,70171390.0,3.41,1.56,0.11,2.69
2019-06-14,002137,7.14,7.01,7.28,6.97,78497,55763048.0,4.34,-1.96,-0.14,2.15
2019-06-17,002137,6.91,6.91,7.0,6.8,63423,43736556.0,2.85,-1.43,-0.1,1.74
2019-06-18,002137,6.9,6.86,6.94,6.81,43012,29531508.0,1.88,-0.72,-0.05,1.18
2019-06-19,002137,7.01,6.98,7.06,6.95,75594,53014779.0,1.6,1.75,0.12,2.07
2019-06-20,002137,6.97,7.05,7.05,6.77,121279,83744396.0,4.01,1.0,0.07,3.32
2019-06-21,002137,7.09,7.19,7.23,7.06,133610,95332478.0,2.41,1.99,0.14,3.66
2019-06-24,002137,7.13,7.04,7.13,6.98,105617,74452074.0,2.09,-2.09,-0.15,2.89
2019-06-25,002137,7.0,6.87,7.04,6.76,108057,74133988.0,3.98,-2.41,-0.17,2.96
2019-06-26,002137,6.82,6.85,6.89,6.78,44556,30529716.0,1.6,-0.29,-0.02,1.22
2019-06-27,002137,6.88,6.87,6.92,6.83,54889,37704476.0,1.31,0.29,0.02,1.5
2019-06-28,002137,6.87,6.71,6.87,6.64,72214,48511778.0,3.35,-2.33,-0.16,1.98
2019-07-01,002137,6.86,6.91,6.93,6.78,107278,73749660.0,2.24,2.98,0.2,2.94
2019-07-02,002137,6.92,6.92,6.98,6.85,77582,53748660.0,1.88,0.14,0.01,2.13
2019-07-03,002137,6.93,6.87,7.05,6.83,88091,60993414.0,3.18,-0.72,-0.05,2.41
2019-07-04,002137,6.89,6.83,6.91,6.78,57028,38908861.0,1.89,-0.58,-0.04,1.56
2019-07-05,002137,6.84,6.84,6.89,6.76,47703,32556877.0,1.9,0.15,0.01,1.31
2019-07-08,002137,6.84,6.49,6.84,6.46,79489,52381034.0,5.56,-5.12,-0.35,2.18
2019-07-09,002137,6.47,6.54,6.56,6.43,38171,24804982.0,2.0,0.77,0.05,1.05
2019-07-10,002137,6.52,6.42,6.58,6.31,38566,24926936.0,4.13,-1.83,-0.12,1.06
2019-07-11,002137,6.48,6.38,6.5,6.35,37704,24223995.0,2.34,-0.62,-0.04,1.03
2019-07-12,002137,6.42,6.39,6.43,6.33,38636,24650175.0,1.57,0.16,0.01,1.06
2019-07-15,002137,6.4,6.48,6.52,6.3,63917,41179239.0,3.44,1.41,0.09,1.75
2019-07-16,002137,6.5,6.51,6.53,6.46,59057,38324166.0,1.08,0.46,0.03,1.62
2019-07-17,002137,6.54,6.59,6.64,6.49,67717,44552673.0,2.3,1.23,0.08,1.86
2019-07-18,002137,6.55,6.46,6.6,6.46,44730,29072441.0,2.12,-1.97,-0.13,1.23
2019-07-19,002137,6.46,6.5,6.56,6.45,36534,23766014.0,1.7,0.62,0.04,1.0
2019-07-22,002137,6.5,6.25,6.55,6.23,51604,32547653.0,4.92,-3.85,-0.25,1.41
2019-07-23,002137,6.24,6.36,6.37,6.15,37999,23908754.0,3.52,1.76,0.11,1.04
2019-07-24,002137,6.36,6.38,6.47,6.34,57848,37027167.0,2.04,0.31,0.02,1.59
2019-07-25,002137,6.39,6.4,6.46,6.34,46440,29725911.0,1.88,0.31,0.02,1.27
2019-07-26,002137,6.38,6.41,6.43,6.34,37805,24159831.0,1.41,0.16,0.01,1.04
2019-07-29,002137,6.43,6.37,6.43,6.35,30994,19777005.0,1.25,-0.62,-0.04,0.85
2019-07-30,002137,6.37,6.44,6.52,6.35,56858,36706867.0,2.67,1.1,0.07,1.56
2019-07-31,002137,6.44,6.41,6.46,6.38,32996,21189120.0,1.24,-0.47,-0.03,0.9
2019-08-01,002137,6.38,6.35,6.42,6.26,43307,27452544.0,2.5,-0.94,-0.06,1.19
2019-08-02,002137,6.21,6.23,6.33,6.16,48088,29928800.0,2.68,-1.89,-0.12,1.32
2019-08-05,002137,6.29,6.13,6.29,6.12,35263,21870235.0,2.73,-1.61,-0.1,0.97
2019-08-06,002137,6.0,5.82,6.0,5.66,66151,38497760.0,5.55,-5.06,-0.31,1.81
2019-08-07,002137,5.84,5.83,5.92,5.8,40428,23660258.0,2.06,0.17,0.01,1.11
2019-08-08,002137,5.85,5.86,5.91,5.82,31517,18485100.0,1.54,0.51,0.03,0.86
2019-08-09,002137,5.89,5.79,5.97,5.76,42274,24861472.0,3.58,-1.19,-0.07,1.16
2019-08-12,002137,5.8,5.97,5.97,5.8,40593,23989801.0,2.94,3.11,0.18,1.11
2019-08-13,002137,5.92,5.92,5.99,5.86,37572,22249435.0,2.18,-0.84,-0.05,1.03
2019-08-14,002137,5.99,5.91,6.05,5.91,42567,25440431.0,2.36,-0.17,-0.01,1.17
2019-08-15,002137,5.69,6.11,6.49,5.69,110481,67007438.0,13.54,3.38,0.2,3.03
2019-08-16,002137,6.14,6.08,6.15,6.04,65737,39966679.0,1.8,-0.49,-0.03,1.8
2019-08-19,002137,6.35,6.49,6.59,6.2,170438,109474104.0,6.41,6.74,0.41,4.67
2019-08-20,002137,6.48,6.84,7.14,6.44,353923,243439178.0,10.79,5.39,0.35,9.7
2019-08-21,002137,6.68,6.68,6.8,6.58,196536,131347301.0,3.22,-2.34,-0.16,5.39
2019-08-22,002137,6.7,6.77,6.87,6.64,162408,109625095.0,3.44,1.35,0.09,4.45
2019-08-23,002137,6.77,6.64,6.86,6.61,120848,80995030.0,3.69,-1.92,-0.13,3.31
2019-08-26,002137,6.5,6.66,6.69,6.4,106038,69812634.0,4.37,0.3,0.02,2.91
2019-08-27,002137,6.72,6.77,6.84,6.58,176971,118786105.0,3.9,1.65,0.11,4.85
2019-08-28,002137,6.71,6.6,6.77,6.58,124464,82499942.0,2.81,-2.51,-0.17,3.41
2019-08-29,002137,6.65,6.57,6.65,6.5,93853,61774399.0,2.27,-0.45,-0.03,2.57
2019-08-30,002137,6.59,6.41,6.68,6.39,97910,64077295.0,4.41,-2.44,-0.16,2.68
2019-09-02,002137,6.44,6.7,6.72,6.41,109044,72134136.0,4.84,4.52,0.29,2.99
2019-09-03,002137,6.68,6.78,6.86,6.67,119403,80574015.0,2.84,1.19,0.08,3.27
2019-09-04,002137,6.78,6.83,6.94,6.68,159571,108616164.0,3.83,0.74,0.05,4.37
2019-09-05,002137,6.94,6.84,6.98,6.82,156159,107614276.0,2.34,0.15,0.01,4.28
2019-09-06,002137,6.86,6.93,7.05,6.84,120879,83769283.0,3.07,1.32,0.09,3.31
2019-09-09,002137,6.99,7.07,7.08,6.89,177946,124207942.0,2.74,2.02,0.14,4.88
2019-09-10,002137,7.05,6.99,7.06,6.93,132942,92928852.0,1.84,-1.13,-0.08,3.64
2019-09-11,002137,7.06,6.95,7.08,6.95,100163,70151257.0,1.86,-0.57,-0.04,2.75
2019-09-12,002137,6.98,6.98,7.02,6.85,95273,66119398.0,2.45,0.43,0.03,2.61
2019-09-16,002137,6.99,7.15,7.25,6.97,175923,125395594.0,4.01,2.44,0.17,4.82
2019-09-17,002137,7.17,6.97,7.23,6.89,128258,90204904.0,4.76,-2.52,-0.18,3.52
2019-09-18,002137,6.89,6.96,7.03,6.89,68986,48096975.0,2.01,-0.14,-0.01,1.89
2019-09-19,002137,7.0,7.04,7.05,6.86,78878,54901033.0,2.73,1.15,0.08,2.16
2019-09-20,002137,7.04,7.28,7.36,7.0,197979,141513599.0,5.11,3.41,0.24,5.43
2019-09-23,002137,7.21,7.19,7.25,7.08,137966,98781884.0,2.34,-1.24,-0.09,3.78
2019-09-24,002137,7.22,7.27,7.35,7.13,144992,104890276.0,3.06,1.11,0.08,3.97
2019-09-25,002137,7.21,6.99,7.22,6.97,138515,98103861.0,3.44,-3.85,-0.28,3.8
2019-09-26,002137,7.01,6.72,7.12,6.64,109778,75416580.0,6.87,-3.86,-0.27,3.01
2019-09-27,002137,6.72,6.83,6.87,6.66,65876,44704233.0,3.13,1.64,0.11,1.81
2019-09-30,002137,6.87,6.81,6.91,6.75,49775,34132421.0,2.34,-0.29,-0.02,1.36
2019-10-08,002137,6.79,7.21,7.27,6.79,144746,102797586.0,7.05,5.87,0.4,3.97
2019-10-09,002137,7.16,7.54,7.7,7.15,280250,208390500.0,7.63,4.58,0.33,7.68
2019-10-10,002137,7.57,7.53,7.66,7.4,206095,154959819.0,3.45,-0.13,-0.01,5.65
2019-10-11,002137,7.61,7.53,7.67,7.43,179578,135542028.0,3.19,0.0,0.0,4.92
2019-10-14,002137,7.63,7.62,7.8,7.53,212968,162790282.0,3.59,1.2,0.09,5.84
2019-10-15,002137,7.63,7.69,7.89,7.4,203691,156391332.0,6.43,0.92,0.07,5.58
2019-10-16,002137,7.72,7.71,7.85,7.62,133962,103415872.0,2.99,0.26,0.02,3.67
2019-10-17,002137,7.64,7.66,7.91,7.64,166273,129527125.0,3.5,-0.65,-0.05,4.56
2019-10-18,002137,7.7,7.65,7.85,7.53,150263,115287155.0,4.18,-0.13,-0.01,4.12
2019-10-21,002137,7.49,7.3,7.53,7.2,140445,102951802.0,4.31,-4.58,-0.35,3.85
2019-10-22,002137,7.33,7.7,7.71,7.33,144419,108574856.0,5.21,5.48,0.4,3.96
2019-10-23,002137,7.74,7.42,7.76,7.41,128010,96635236.0,4.55,-3.64,-0.28,3.51
2019-10-24,002137,7.42,7.46,7.62,7.42,97183,72911858.0,2.7,0.54,0.04,2.66
2019-10-25,002137,7.56,7.6,7.69,7.41,120344,91171310.0,3.75,1.88,0.14,3.3
2019-10-28,002137,8.36,8.36,8.36,8.25,208824,174521479.0,1.45,10.0,0.76,5.72
2019-10-29,002137,8.5,8.1,8.98,7.95,785382,669943568.0,12.32,-3.11,-0.26,21.53
2019-10-30,002137,7.82,7.84,8.06,7.64,393186,307622608.0,5.19,-3.21,-0.26,10.78
2019-10-31,002137,7.79,7.33,7.84,7.26,291067,219095250.0,7.4,-6.51,-0.51,7.98
2019-11-01,002137,7.3,7.42,7.52,7.29,164614,122344950.0,3.14,1.23,0.09,4.51
2019-11-04,002137,7.49,7.48,7.69,7.39,165102,124537634.0,4.04,0.81,0.06,4.53
2019-11-05,002137,7.51,7.48,7.59,7.41,120087,89873585.0,2.41,0.0,0.0,3.29
2019-11-06,002137,7.46,7.18,7.48,7.1,197804,142561561.0,5.08,-4.01,-0.3,5.42
2019-11-07,002137,7.18,7.24,7.29,7.12,115503,83518149.0,2.37,0.84,0.06,3.17
2019-11-08,002137,7.26,7.13,7.28,7.13,108392,77947022.0,2.07,-1.52,-0.11,2.97
2019-11-11,002137,6.97,6.9,6.97,6.82,107463,74131119.0,2.1,-3.23,-0.23,2.95
2019-11-12,002137,6.85,6.94,6.95,6.81,73435,50625739.0,2.03,0.58,0.04,2.01
2019-11-13,002137,6.92,6.82,6.92,6.74,69888,47643099.0,2.59,-1.73,-0.12,1.92
2019-11-14,002137,6.82,6.79,6.87,6.77,77189,52631682.0,1.47,-0.44,-0.03,2.12
2019-11-15,002137,6.8,6.55,6.8,6.53,115036,76368413.0,3.98,-3.53,-0.24,3.15
2019-11-18,002137,6.59,6.63,6.68,6.56,71130,47109513.0,1.83,1.22,0.08,1.95
2019-11-19,002137,6.66,6.85,6.88,6.61,118815,80797011.0,4.07,3.32,0.22,3.26
2019-11-20,002137,6.82,6.82,6.97,6.78,92901,64016568.0,2.77,-0.44,-0.03,2.55
2019-11-21,002137,6.83,6.83,6.88,6.74,66193,45116499.0,2.05,0.15,0.01,1.81
2019-11-22,002137,6.83,6.64,6.89,6.53,123387,82646627.0,5.27,-2.78,-0.19,3.38
2019-11-25,002137,6.67,6.45,6.67,6.41,95460,61977639.0,3.92,-2.86,-0.19,2.62
2019-11-26,002137,6.49,6.47,6.55,6.41,50703,32804159.0,2.17,0.31,0.02,1.39
2019-11-27,002137,6.45,6.47,6.51,6.36,53370,34518089.0,2.32,0.0,0.0,1.46
2019-11-28,002137,6.48,6.42,6.52,6.4,51288,33090713.0,1.85,-0.77,-0.05,1.41
2019-11-29,002137,6.44,6.38,6.46,6.31,63032,40168843.0,2.34,-0.62,-0.04,1.73
2019-12-02,002137,6.4,6.6,6.68,6.36,153281,100140965.0,5.02,3.45,0.22,4.2
2019-12-03,002137,6.59,6.9,6.92,6.52,239617,162426531.0,6.06,4.55,0.3,6.57
2019-12-04,002137,6.78,6.78,6.82,6.71,131072,88577826.0,1.59,-1.74,-0.12,3.59
2019-12-05,002137,6.75,6.85,6.89,6.73,121903,83060456.0,2.36,1.03,0.07,3.34
2019-12-06,002137,6.83,6.84,6.86,6.74,91273,62078375.0,1.75,-0.15,-0.01,2.5
2019-12-09,002137,6.85,6.89,6.92,6.76,113469,77773726.0,2.34,0.73,0.05,3.11
2019-12-10,002137,6.9,6.87,6.91,6.76,115151,78680755.0,2.18,-0.29,-0.02,3.16
2019-12-11,002137,6.85,6.93,7.11,6.82,177825,124510008.0,4.22,0.87,0.06,4.87
2019-12-12,002137,6.95,7.17,7.18,6.83,203064,142927925.0,5.05,3.46,0.24,5.57
2019-12-13,002137,7.26,7.17,7.32,7.11,190282,136823326.0,2.93,0.0,0.0,5.22
2019-12-16,002137,7.18,7.34,7.37,7.16,168718,122769558.0,2.93,2.37,0.17,4.62
2019-12-17,002137,7.33,7.34,7.38,7.26,184071,134801159.0,1.63,0.0,0.0,5.05
2019-12-18,002137,7.3,7.45,7.57,7.27,219080,162646192.0,4.09,1.5,0.11,6.0
2019-12-19,002137,7.47,7.45,7.51,7.36,153119,113847158.0,2.01,0.0,0.0,4.2
2019-12-20,002137,7.49,7.28,7.49,7.26,166903,122533053.0,3.09,-2.28,-0.17,4.57
2019-12-23,002137,7.26,7.01,7.26,7.01,132885,94722194.0,3.43,-3.71,-0.27,3.64
2019-12-24,002137,7.06,7.14,7.16,7.02,70789,50246779.0,2.0,1.85,0.13,1.94
2019-12-25,002137,7.1,7.25,7.34,7.1,125874,91287647.0,3.36,1.54,0.11,3.45
2019-12-26,002137,7.25,7.33,7.39,7.22,96331,70260967.0,2.34,1.1,0.08,2.64
2019-12-27,002137,7.4,7.24,7.54,7.22,161612,119590822.0,4.37,-1.23,-0.09,4.43
2019-12-30,002137,7.21,7.42,7.44,7.01,169331,123450693.0,5.94,2.49,0.18,4.64
2019-12-31,002137,7.33,7.28,7.46,7.2,146849,107340295.0,3.5,-1.89,-0.14,4.02
2020-01-02,002137,7.31,7.6,7.66,7.27,253687,190959365.0,5.36,4.4,0.32,6.95
2020-01-03,002137,7.6,7.72,7.72,7.53,240457,183703239.0,2.5,1.58,0.12,6.59
2020-01-06,002137,7.8,7.65,7.8,7.55,259106,198515991.0,3.24,-0.91,-0.07,7.1
2020-01-07,002137,7.63,7.93,7.98,7.59,297914,233256966.0,5.1,3.66,0.28,8.17
2020-01-08,002137,7.84,7.58,7.9,7.56,245093,189524466.0,4.29,-4.41,-0.35,6.72
2020-01-09,002137,7.72,8.0,8.0,7.69,309697,242712854.0,4.09,5.54,0.42,8.49
2020-01-10,002137,8.8,8.8,8.8,8.68,532519,468471440.0,1.5,10.0,0.8,14.6
2020-01-13,002137,8.69,9.05,9.42,8.33,913942,794997872.0,12.39,2.84,0.25,25.05
2020-01-14,002137,8.89,8.68,9.18,8.6,681527,608275776.0,6.41,-4.09,-0.37,18.68
2020-01-15,002137,8.6,8.8,8.89,8.47,496045,432786400.0,4.84,1.38,0.12,13.6
2020-01-16,002137,8.72,8.8,9.14,8.65,436118,386641376.0,5.57,0.0,0.0,11.95
2020-01-17,002137,8.8,9.09,9.58,8.8,643422,590444608.0,8.86,3.3,0.29,17.64
2020-01-20,002137,9.14,10.0,10.0,9.14,469249,456706656.0,9.46,10.01,0.91,12.86
2020-01-21,002137,10.3,9.63,10.48,9.47,703997,691180960.0,10.1,-3.7,-0.37,19.3
2020-01-22,002137,9.13,9.01,9.25,8.67,612567,549856832.0,6.02,-6.44,-0.62,16.79
2020-01-23,002137,8.96,8.35,8.98,8.12,458451,393210080.0,9.54,-7.33,-0.66,12.57
2020-02-03,002137,7.52,7.52,7.52,7.52,42300,31809600.0,0.0,-9.94,-0.83,1.16
2020-02-04,002137,6.82,7.29,7.43,6.82,374957,270776032.0,8.11,-3.06,-0.23,10.28
2020-02-05,002137,7.35,7.59,7.81,7.3,339609,257900384.0,7.0,4.12,0.3,9.31
2020-02-06,002137,7.6,8.06,8.26,7.5,388333,307616256.0,10.01,6.19,0.47,10.64
2020-02-07,002137,7.99,8.36,8.47,7.9,348706,286009712.0,7.07,3.72,0.3,9.56
2020-02-10,002137,8.27,8.46,8.62,8.21,282919,238118534.0,4.9,1.2,0.1,7.75
2020-02-11,002137,8.43,8.14,8.54,8.07,267776,220815109.0,5.56,-3.78,-0.32,7.34
2020-02-12,002137,8.18,8.43,8.45,8.15,245086,203903512.0,3.69,3.56,0.29,6.72
2020-02-13,002137,8.39,8.22,8.48,8.21,253186,210653115.0,3.2,-2.49,-0.21,6.94
2020-02-14,002137,8.28,8.19,8.39,8.05,234353,192718679.0,4.14,-0.36,-0.03,6.42
2020-02-17,002137,8.21,8.65,8.65,8.15,357306,300260560.0,6.11,5.62,0.46,9.79
2020-02-18,002137,8.66,8.97,9.13,8.55,466891,411563104.0,6.71,3.7,0.32,12.8
2020-02-19,002137,8.82,8.74,8.95,8.66,352967,310493232.0,3.23,-2.56,-0.23,9.67
2020-02-20,002137,8.78,8.9,8.9,8.47,366243,319787280.0,4.92,1.83,0.16,10.04
2020-02-21,002137,8.94,9.01,9.24,8.85,462858,419618016.0,4.38,1.24,0.11,12.69
2020-02-24,002137,8.92,9.33,9.44,8.75,480866,438746432.0,7.66,3.55,0.32,13.18
2020-02-25,002137,8.91,9.15,9.22,8.55,452662,406619872.0,7.18,-1.93,-0.18,12.41
2020-02-26,002137,8.92,8.6,9.03,8.53,313332,276669952.0,5.46,-6.01,-0.55,8.59
2020-02-27,002137,8.66,8.53,8.73,8.36,247587,212456995.0,4.3,-0.81,-0.07,6.79
2020-02-28,002137,8.02,7.68,8.24,7.68,295926,235373001.0,6.57,-9.96,-0.85,8.11
2020-03-02,002137,7.75,8.12,8.14,7.75,196348,156677894.0,5.08,5.73,0.44,5.38
2020-03-03,002137,8.31,8.24,8.47,8.12,234334,194877650.0,4.31,1.48,0.12,6.42
2020-03-04,002137,8.15,8.76,8.93,8.15,441556,380980352.0,9.47,6.31,0.52,12.1
2020-03-05,002137,8.87,9.01,9.15,8.66,478866,429267152.0,5.59,2.85,0.25,13.13
2020-03-06,002137,8.82,8.82,8.95,8.7,328374,289780880.0,2.77,-2.11,-0.19,9.0
2020-03-09,002137,8.87,8.32,8.93,8.28,309901,265268789.0,7.37,-5.67,-0.5,8.49
2020-03-10,002137,8.33,9.03,9.04,8.3,420532,366553360.0,8.89,8.53,0.71,11.53
2020-03-11,002137,9.04,8.65,9.1,8.62,352436,313102400.0,5.32,-4.21,-0.38,9.66
2020-03-12,002137,8.58,8.5,8.85,8.41,258028,221921234.0,5.09,-1.73,-0.15,7.07
2020-03-13,002137,7.9,8.22,8.38,7.81,290283,234824923.0,6.71,-3.29,-0.28,7.96
2020-03-16,002137,8.22,7.54,8.38,7.54,252355,201597045.0,10.22,-8.27,-0.68,6.92
2020-03-17,002137,7.61,7.55,7.74,7.18,164463,123258690.0,7.43,0.13,0.01,4.51
2020-03-18,002137,7.65,7.39,7.83,7.34,165482,125949323.0,6.49,-2.12,-0.16,4.54
2020-03-19,002137,7.36,7.59,7.65,7.27,153625,114759318.0,5.14,2.71,0.2,4.21
2020-03-20,002137,7.63,7.64,7.72,7.42,114607,86918013.0,3.95,0.66,0.05,3.14
2020-03-23,002137,7.42,7.32,7.53,7.28,103445,76567896.0,3.27,-4.19,-0.32,2.84
2020-03-24,002137,7.49,7.5,7.55,7.29,111190,82909497.0,3.55,2.46,0.18,3.05
2020-03-25,002137,7.68,7.64,7.72,7.53,120263,91617674.0,2.53,1.87,0.14,3.3
2020-03-26,002137,7.55,7.42,7.61,7.4,111433,83534404.0,2.75,-2.88,-0.22,3.05
2020-03-27,002137,7.51,7.39,7.63,7.38,105631,79353642.0,3.37,-0.4,-0.03,2.9
2020-03-30,002137,7.3,7.07,7.31,7.0,114975,81405401.0,4.19,-4.33,-0.32,3.15
2020-03-31,002137,7.29,7.06,7.35,7.05,87673,62960514.0,4.24,-0.14,-0.01,2.4
2020-04-01,002137,6.98,7.08,7.23,6.95,89974,63984822.0,3.97,0.28,0.02,2.47
2020-04-02,002137,7.04,7.28,7.29,7.03,105574,75503745.0,3.67,2.82,0.2,2.89
2020-04-03,002137,7.21,7.09,7.23,7.04,121161,86225383.0,2.61,-2.61,-0.19,3.32
2020-04-07,002137,7.22,7.42,7.43,7.18,157127,114969553.0,3.53,4.65,0.33,4.31
2020-04-08,002137,7.34,7.47,7.53,7.29,136550,101432242.0,3.23,0.67,0.05,3.74
2020-04-09,002137,7.51,7.72,7.79,7.49,197323,150820591.0,4.02,3.35,0.25,5.41
2020-04-10,002137,7.83,7.36,7.87,7.33,157906,118679815.0,6.99,-4.66,-0.36,4.33
2020-04-13,002137,7.25,7.16,7.26,7.13,81594,58670237.0,1.77,-2.72,-0.2,2.24
2020-04-14,002137,7.21,7.32,7.32,7.18,78943,57088442.0,1.96,2.23,0.16,2.16
2020-04-15,002137,7.34,7.18,7.34,7.16,82796,59918867.0,2.46,-1.91,-0.14,2.27
2020-04-16,002137,7.13,7.37,7.44,7.08,113336,82170571.0,5.01,2.65,0.19,3.11
2020-04-17,002137,7.45,7.26,7.49,7.24,103882,76358467.0,3.39,-1.49,-0.11,2.85
2020-04-20,002137,7.27,7.36,7.38,7.22,75628,55397197.0,2.2,1.38,0.1,2.07
2020-04-21,002137,7.36,7.65,7.67,7.25,199089,148946255.0,5.71,3.94,0.29,5.46
2020-04-22,002137,7.54,7.59,7.62,7.48,141561,106935860.0,1.83,-0.78,-0.06,3.88
2020-04-23,002137,7.43,7.03,7.47,6.91,306591,217378306.0,7.38,-7.38,-0.56,8.4
2020-04-24,002137,6.97,6.77,7.01,6.71,156383,107185300.0,4.27,-3.7,-0.26,4.29
2020-04-27,002137,6.77,6.56,6.77,6.54,103883,68708292.0,3.4,-3.1,-0.21,2.85
2020-04-28,002137,6.59,6.64,6.68,6.34,117746,77457323.0,5.18,1.22,0.08,3.23
2020-04-29,002137,6.55,6.72,6.8,6.52,82282,55220258.0,4.22,1.2,0.08,2.26
2020-04-30,002137,6.76,6.88,6.94,6.73,93181,63940112.0,3.13,2.38,0.16,2.55
2020-05-06,002137,6.79,7.02,7.03,6.76,96257,66711996.0,3.92,2.03,0.14,2.64
2020-05-07,002137,7.03,6.96,7.11,6.93,106997,74993157.0,2.56,-0.85,-0.06,2.93
2020-05-08,002137,7.02,7.04,7.11,7.0,95480,67353806.0,1.58,1.15,0.08,2.62
2020-05-11,002137,7.09,7.04,7.15,6.99,72748,51430314.0,2.27,0.0,0.0,1.99
2020-05-12,002137,7.0,6.99,7.03,6.86,62321,43315354.0,2.41,-0.71,-0.05,1.71
2020-05-13,002137,6.95,7.05,7.07,6.92,62601,43911176.0,2.15,0.86,0.06,1.72
2020-05-14,002137,7.02,7.12,7.21,6.98,113229,80625108.0,3.26,0.99,0.07,3.1
2020-05-15,002137,7.14,7.08,7.22,7.07,86447,61788461.0,2.11,-0.56,-0.04,2.37
2020-05-18,002137,7.11,6.89,7.11,6.86,87501,60842413.0,3.53,-2.68,-0.19,2.4
2020-05-19,002137,6.97,6.93,7.02,6.86,72798,50375451.0,2.32,0.58,0.04,2.0
2020-05-20,002137,6.93,6.78,6.93,6.73,79402,53966058.0,2.89,-2.16,-0.15,2.18
2020-05-21,002137,6.78,6.67,6.82,6.62,60534,40584066.0,2.95,-1.62,-0.11,1.66
2020-05-22,002137,6.67,6.59,6.73,6.53,61748,40917150.0,3.0,-1.2,-0.08,1.69
2020-05-25,002137,6.56,6.57,6.64,6.49,51222,33566588.0,2.28,-0.3,-0.02,1.4
2020-05-26,002137,6.6,6.78,6.8,6.58,73516,49414842.0,3.35,3.2,0.21,2.01
2020-05-27,002137,6.78,6.7,6.8,6.68,55607,37409474.0,1.77,-1.18,-0.08,1.52
2020-05-28,002137,6.71,6.8,6.87,6.61,85442,57704999.0,3.88,1.49,0.1,2.34
2020-05-29,002137,7.0,7.48,7.48,6.85,417406,307962032.0,9.26,10.0,0.68,11.44
2020-06-01,002137,8.03,8.23,8.23,7.91,316827,258412639.0,4.28,10.03,0.75,8.68
2020-06-02,002137,9.05,8.75,9.05,8.7,1376777,1235635280.0,4.25,6.32,0.52,37.74
2020-06-03,002137,8.36,8.13,8.69,8.04,987936,819138320.0,7.43,-7.09,-0.62,27.08
2020-06-04,002137,8.11,7.87,8.3,7.82,621166,496730624.0,5.9,-3.2,-0.26,17.03
2020-06-05,002137,7.82,7.73,7.98,7.71,406477,317551456.0,3.43,-1.78,-0.14,11.14
2020-06-08,002137,7.69,7.81,7.85,7.65,335899,259893513.0,2.59,1.03,0.08,9.21
2020-06-09,002137,7.76,7.89,7.96,7.65,384647,301611120.0,3.97,1.02,0.08,10.54
2020-06-10,002137,7.76,7.53,7.8,7.49,341133,258581133.0,3.93,-4.56,-0.36,9.35
2020-06-11,002137,7.48,7.38,7.57,7.37,233950,174746793.0,2.66,-1.99,-0.15,6.41
2020-06-12,002137,7.2,7.3,7.39,7.12,189790,137812806.0,3.66,-1.08,-0.08,5.2
2020-06-15,002137,7.24,7.32,7.48,7.24,179539,132708399.0,3.29,0.27,0.02,4.92
2020-06-16,002137,7.8,7.61,8.05,7.56,376208,291646256.0,6.69,3.96,0.29,10.31
2020-06-17,002137,7.61,8.04,8.16,7.6,571711,453432976.0,7.36,5.65,0.43,15.67
2020-06-18,002137,7.91,7.79,8.14,7.76,387627,305840448.0,4.73,-3.11,-0.25,10.62
2020-06-19,002137,7.76,7.77,7.85,7.66,222595,172673421.0,2.44,-0.26,-0.02,6.1
2020-06-22,002137,7.81,7.72,7.99,7.7,254445,198825162.0,3.73,-0.64,-0.05,6.97
2020-06-23,002137,7.71,7.77,7.84,7.64,191544,148711181.0,2.59,0.65,0.05,5.25
2020-06-24,002137,7.71,7.45,7.75,7.42,268301,201632594.0,4.25,-4.12,-0.32,7.35
2020-06-29,002137,7.42,7.41,7.48,7.33,122784,90998839.0,2.01,-0.54,-0.04,3.37
2020-06-30,002137,7.42,7.56,7.61,7.42,148325,111731986.0,2.56,2.02,0.15,3.91
2020-07-01,002137,7.6,7.6,7.65,7.47,171522,129746794.0,2.38,0.53,0.04,4.52
2020-07-02,002137,7.59,7.68,7.7,7.51,239380,182104965.0,2.5,1.05,0.08,6.31
2020-07-03,002137,7.68,7.8,7.87,7.59,263637,203413784.0,3.65,1.56,0.12,6.95
2020-07-06,002137,7.86,8.05,8.05,7.78,355609,283094672.0,3.46,3.21,0.25,9.37
2020-07-07,002137,8.1,8.16,8.53,7.95,488903,402570128.0,7.2,1.37,0.11,12.88
2020-07-08,002137,8.1,8.3,8.35,8.08,328313,270380880.0,3.31,1.72,0.14,8.65
2020-07-09,002137,8.29,8.5,8.5,8.23,420379,351746096.0,3.25,2.41,0.2,11.08
2020-07-10,002137,8.5,8.26,8.5,8.2,256680,214078958.0,3.53,-2.82,-0.24,6.76
2020-07-13,002137,8.26,8.56,8.61,8.21,307177,260087120.0,4.84,3.63,0.3,8.1
2020-07-14,002137,8.44,8.78,8.88,8.3,492377,422337072.0,6.78,2.57,0.22,12.98
2020-07-15,002137,8.99,8.15,8.99,8.12,483839,411106128.0,9.91,-7.18,-0.63,12.75
2020-07-16,002137,8.06,8.41,8.95,8.01,695590,601166048.0,11.53,3.19,0.26,18.33
2020-07-17,002137,8.13,7.78,8.3,7.7,453025,358034576.0,7.13,-7.49,-0.63,11.94
2020-07-20,002137,7.8,8.56,8.56,7.8,519326,432654320.0,9.77,10.03,0.78,13.69
2020-07-21,002137,8.56,8.82,9.07,8.45,657876,580137472.0,7.24,3.04,0.26,17.34
2020-07-22,002137,8.98,8.77,9.05,8.55,524184,462168752.0,5.67,-0.57,-0.05,13.81
2020-07-23,002137,8.77,8.73,8.94,8.5,376053,327280560.0,5.02,-0.46,-0.04,9.91
2020-07-24,002137,8.73,8.06,8.96,8.0,413658,345268112.0,11.0,-7.67,-0.67,10.9
2020-07-27,002137,8.1,7.92,8.16,7.81,222004,176240739.0,4.34,-1.74,-0.14,5.85
2020-07-28,002137,7.93,8.01,8.1,7.92,166117,132738976.0,2.27,1.14,0.09,4.38
2020-07-29,002137,7.98,8.29,8.29,7.84,212198,172091928.0,5.62,3.5,0.28,5.59
2020-07-30,002137,8.31,8.09,8.35,8.08,183859,150138624.0,3.26,-2.41,-0.2,4.85
2020-07-31,002137,8.08,8.4,8.46,8.02,257150,210956733.0,5.44,3.83,0.31,6.78
2020-08-03,002137,8.44,8.61,8.65,8.3,318934,270584016.0,4.17,2.5,0.21,8.41
2020-08-04,002137,8.67,9.47,9.47,8.45,641481,576393392.0,11.85,9.99,0.86,16.91
2020-08-05,002137,9.5,9.18,9.5,8.84,695994,636343920.0,6.97,-3.06,-0.29,18.34
2020-08-06,002137,9.08,9.11,9.3,8.95,427854,388268960.0,3.81,-0.76,-0.07,11.28
2020-08-07,002137,8.97,8.85,8.98,8.57,409361,358460544.0,4.5,-2.85,-0.26,10.79
2020-08-10,002137,8.75,8.98,9.07,8.66,280922,250116357.0,4.63,1.47,0.13,7.4
2020-08-11,002137,8.86,8.49,8.94,8.44,290065,251809048.0,5.57,-5.46,-0.49,7.64
2020-08-12,002137,8.42,8.64,8.66,8.27,218021,184722542.0,4.59,1.77,0.15,5.75
2020-08-13,002137,8.71,8.72,8.87,8.58,217974,190174400.0,3.36,0.93,0.08,5.74
2020-08-14,002137,8.65,8.83,8.85,8.57,194521,169777126.0,3.21,1.26,0.11,5.13
2020-08-17,002137,8.85,9.03,9.18,8.75,341970,307248096.0,4.87,2.27,0.2,9.01
2020-08-18,002137,8.97,8.97,9.03,8.87,219926,196377423.0,1.77,-0.66,-0.06,5.8
2020-08-19,002137,8.96,8.63,8.96,8.6,206583,180270904.0,4.01,-3.79,-0.34,5.44
2020-08-20,002137,8.52,8.55,8.72,8.47,123159,105964646.0,2.9,-0.93,-0.08,3.25
2020-08-21,002137,8.6,8.44,8.69,8.36,138175,117748995.0,3.86,-1.29,-0.11,3.64
2020-08-24,002137,8.45,8.54,8.56,8.28,128498,108487690.0,3.32,1.18,0.1,3.39
2020-08-25,002137,8.49,8.68,8.69,8.43,153034,131282459.0,3.04,1.64,0.14,4.03
2020-08-26,002137,8.68,8.3,8.68,8.3,148279,125266604.0,4.38,-4.38,-0.38,3.91
2020-08-27,002137,8.3,8.32,8.41,8.25,103241,86118851.0,1.93,0.24,0.02,2.72
2020-08-28,002137,8.35,8.35,8.38,8.19,120437,99673783.0,2.28,0.36,0.03,3.17
2020-08-31,002137,8.34,8.33,8.46,8.33,106877,89716285.0,1.56,-0.24,-0.02,2.82
2020-09-01,002137,8.31,8.4,8.41,8.28,82766,69085208.0,1.56,0.84,0.07,2.18
2020-09-02,002137,8.41,8.51,8.54,8.35,138086,116992114.0,2.26,1.31,0.11,3.64
2020-09-03,002137,8.46,8.26,8.48,8.26,128094,106831255.0,2.59,-2.94,-0.25,3.38
2020-09-04,002137,8.14,8.27,8.31,8.08,90758,74335008.0,2.78,0.12,0.01,2.39
2020-09-07,002137,8.25,8.18,8.4,8.13,116755,96882152.0,3.26,-1.09,-0.09,3.08
2020-09-08,002137,8.16,8.27,8.33,8.13,93289,76631505.0,2.44,1.1,0.09,2.46
2020-09-09,002137,8.19,8.09,8.36,8.09,116748,95882614.0,3.26,-2.18,-0.18,3.08
2020-09-10,002137,8.16,7.6,8.22,7.6,163368,127849904.0,7.66,-6.06,-0.49,4.31
2020-09-11,002137,7.56,7.68,7.72,7.54,69087,52799028.0,2.37,1.05,0.08,1.82
2020-09-14,002137,7.71,7.87,7.91,7.68,95032,74357018.0,2.99,2.47,0.19,2.5
2020-09-15,002137,7.87,7.85,8.02,7.77,72874,57457191.0,3.18,-0.25,-0.02,1.92
2020-09-16,002137,7.79,7.75,7.88,7.66,58427,45421760.0,2.8,-1.27,-0.1,1.54
2020-09-17,002137,7.7,7.76,7.82,7.63,56644,43715501.0,2.45,0.13,0.01,1.49
2020-09-18,002137,7.76,7.87,7.9,7.69,56890,44445903.0,2.71,1.42,0.11,1.5
2020-09-21,002137,7.92,7.92,8.02,7.88,68416,54366171.0,1.78,0.64,0.05,1.8
2020-09-22,002137,7.83,7.77,7.91,7.76,51209,40055435.0,1.89,-1.89,-0.15,1.35
2020-09-23,002137,7.78,7.81,7.83,7.71,38159,29684618.0,1.54,0.51,0.04,1.01
2020-09-24,002137,7.78,7.57,7.78,7.52,69651,52943394.0,3.33,-3.07,-0.24,1.84
2020-09-25,002137,7.56,7.38,7.59,7.35,59583,44326614.0,3.17,-2.51,-0.19,1.57
2020-09-28,002137,7.38,7.16,7.4,7.13,49615,35904012.0,3.66,-2.98,-0.22,1.31
2020-09-29,002137,7.2,7.21,7.3,7.18,45248,32781884.0,1.68,0.7,0.05,1.19
2020-09-30,002137,7.22,7.12,7.26,7.04,45047,32186104.0,3.05,-1.25,-0.09,1.19
2020-10-09,002137,7.22,7.4,7.43,7.22,55980,41248480.0,2.95,3.93,0.28,1.48
2020-10-12,002137,7.61,7.73,7.75,7.54,122374,93921160.0,2.84,4.46,0.33,3.23
2020-10-13,002137,7.73,7.71,7.75,7.59,75326,57759382.0,2.07,-0.26,-0.02,1.99
2020-10-14,002137,7.66,7.6,7.77,7.57,58896,44957155.0,2.59,-1.43,-0.11,1.55
2020-10-15,002137,7.57,7.39,7.61,7.38,68621,51135512.0,3.03,-2.76,-0.21,1.81
2020-10-16,002137,7.36,7.35,7.39,7.27,51701,37814872.0,1.62,-0.54,-0.04,1.36
2020-10-19,002137,7.4,7.32,7.48,7.31,43469,32146524.0,2.31,-0.41,-0.03,1.15
2020-10-20,002137,7.3,7.49,7.5,7.25,47796,35286981.0,3.42,2.32,0.17,1.26
2020-10-21,002137,7.45,7.34,7.51,7.3,44755,32974045.0,2.8,-2.0,-0.15,1.18
2020-10-22,002137,7.31,7.43,7.45,7.23,51833,38266655.0,3.0,1.23,0.09,1.37
2020-10-23,002137,7.51,7.31,7.51,7.27,40244,29622115.0,3.23,-1.62,-0.12,1.06
2020-10-26,002137,7.29,7.32,7.41,7.22,41072,30054781.0,2.6,0.14,0.01,1.08
2020-10-27,002137,7.25,7.18,7.31,7.12,47806,34472194.0,2.6,-1.91,-0.14,1.26
2020-10-28,002137,7.2,7.27,7.31,7.12,57701,41669437.0,2.65,1.25,0.09,1.52
2020-10-29,002137,7.13,7.16,7.23,7.11,35530,25513910.0,1.65,-1.51,-0.11,0.94
2020-10-30,002137,7.17,7.02,7.21,7.0,57271,40665987.0,2.93,-1.96,-0.14,1.51
2020-11-02,002137,7.0,6.77,7.03,6.7,73786,50237673.0,4.7,-3.56,-0.25,1.94
2020-11-03,002137,6.81,7.03,7.04,6.78,58678,40710114.0,3.84,3.84,0.26,1.55
2020-11-04,002137,7.05,6.96,7.07,6.9,38482,26862090.0,2.42,-1.0,-0.07,1.01
2020-11-05,002137,7.02,7.09,7.09,6.96,48936,34452637.0,1.87,1.87,0.13,1.29
2020-11-06,002137,7.1,7.05,7.15,6.99,49409,34895333.0,2.26,-0.56,-0.04,1.3
2020-11-09,002137,7.12,7.33,7.4,7.08,115516,84116615.0,4.54,3.97,0.28,3.04
2020-11-10,002137,7.37,7.22,7.37,7.16,74518,54058306.0,2.86,-1.5,-0.11,1.96
2020-11-11,002137,7.25,7.07,7.25,7.06,43771,31162629.0,2.63,-2.08,-0.15,1.15
2020-11-12,002137,7.07,7.1,7.18,7.06,33418,23771204.0,1.7,0.42,0.03,0.88
2020-11-13,002137,7.1,7.11,7.15,7.01,31595,22389569.0,1.97,0.14,0.01,0.83
2020-11-16,002137,7.13,7.11,7.15,7.07,35096,24939652.0,1.13,0.0,0.0,0.92
2020-11-17,002137,7.1,7.03,7.1,6.96,45355,31795243.0,1.97,-1.13,-0.08,1.2
2020-11-18,002137,7.06,7.05,7.1,7.0,30544,21570050.0,1.42,0.28,0.02,0.8
2020-11-19,002137,7.05,7.1,7.12,7.0,37992,26875081.0,1.7,0.71,0.05,1.0
2020-11-20,002137,7.12,7.18,7.19,7.07,37597,26796592.0,1.69,1.13,0.08,0.99
2020-11-23,002137,7.16,7.16,7.2,7.09,44029,31448742.0,1.53,-0.28,-0.02,1.16
2020-11-24,002137,7.19,7.14,7.19,7.12,37105,26550359.0,0.98,-0.28,-0.02,0.98
2020-11-25,002137,7.17,7.19,7.25,7.14,58170,41860232.0,1.54,0.7,0.05,1.53
2020-11-26,002137,7.2,7.06,7.2,7.02,50748,35890251.0,2.5,-1.81,-0.13,1.34
2020-11-27,002137,7.05,7.02,7.07,6.93,33744,23614851.0,1.98,-0.57,-0.04,0.89
2020-11-30,002137,7.02,7.09,7.16,6.94,48774,34534572.0,3.13,1.0,0.07,1.29
2020-12-01,002137,7.12,7.15,7.19,7.08,54264,38817271.0,1.55,0.85,0.06,1.43
2020-12-02,002137,7.17,7.22,7.26,7.14,54871,39548418.0,1.68,0.98,0.07,1.45
2020-12-03,002137,7.23,7.16,7.24,7.14,41766,29967230.0,1.39,-0.83,-0.06,1.1
2020-12-04,002137,7.15,7.22,7.24,7.14,46413,33390563.0,1.4,0.84,0.06,1.22
2020-12-07,002137,7.21,7.09,7.23,7.08,40717,29148889.0,2.08,-1.8,-0.13,1.07
2020-12-08,002137,7.13,7.1,7.17,7.07,29914,21308845.0,1.41,0.14,0.01,0.79
2020-12-09,002137,7.1,6.94,7.1,6.9,49847,34925579.0,2.82,-2.25,-0.16,1.31
2020-12-10,002137,6.9,6.88,6.96,6.82,35710,24620106.0,2.02,-0.86,-0.06,0.94
2020-12-11,002137,6.87,6.74,6.88,6.65,57631,38754516.0,3.34,-2.03,-0.14,1.52
2020-12-14,002137,6.75,6.75,6.77,6.62,26549,17803826.0,2.23,0.15,0.01,0.7
2020-12-15,002137,6.71,6.77,6.81,6.7,21243,14369900.0,1.63,0.3,0.02,0.56
2020-12-16,002137,6.8,6.59,6.81,6.56,41177,27385359.0,3.69,-2.66,-0.18,1.09
2020-12-17,002137,6.58,6.69,6.7,6.35,51069,33238356.0,5.31,1.52,0.1,1.35
2020-12-18,002137,6.69,6.6,6.69,6.57,30525,20218632.0,1.79,-1.35,-0.09,0.8
2020-12-21,002137,6.57,6.64,6.66,6.53,27727,18352454.0,1.97,0.61,0.04,0.73
2020-12-22,002137,6.59,6.39,6.61,6.37,59481,38523461.0,3.61,-3.77,-0.25,1.57
2020-12-23,002137,6.36,6.28,6.44,6.23,58271,36795875.0,3.29,-1.72,-0.11,1.54
2020-12-24,002137,6.28,6.02,6.28,5.99,69949,42540557.0,4.62,-4.14,-0.26,1.84
2020-12-25,002137,6.02,6.06,6.14,5.95,42177,25637492.0,3.16,0.66,0.04,1.11
2020-12-28,002137,6.06,5.99,6.09,5.9,39421,23623325.0,3.14,-1.16,-0.07,1.04
2020-12-29,002137,6.0,6.18,6.22,5.99,50489,31069295.0,3.84,3.17,0.19,1.33
2020-12-30,002137,6.13,6.16,6.21,6.11,31031,19108699.0,1.62,-0.32,-0.02,0.82
2020-12-31,002137,6.15,6.22,6.26,6.14,35652,22164770.0,1.95,0.97,0.06,0.94
2021-01-04,002137,6.25,6.26,6.27,6.15,46729,29055474.0,1.93,0.64,0.04,1.23
2021-01-05,002137,6.23,6.19,6.26,6.15,38183,23658816.0,1.76,-1.12,-0.07,1.01
2021-01-06,002137,6.17,6.05,6.19,6.02,51277,31177896.0,2.75,-2.26,-0.14,1.35
2021-01-07,002137,6.05,5.75,6.05,5.67,85602,50152098.0,6.28,-4.96,-0.3,2.26
2021-01-08,002137,5.76,5.89,5.94,5.6,58208,33964323.0,5.91,2.43,0.14,1.53
2021-01-11,002137,5.87,5.72,6.02,5.67,62360,36206654.0,5.94,-2.89,-0.17,1.64
2021-01-12,002137,5.7,5.73,5.85,5.66,42804,24643812.0,3.32,0.17,0.01,1.13
2021-01-13,002137,5.73,5.55,5.74,5.51,65148,36306216.0,4.01,-3.14,-0.18,1.72
2021-01-14,002137,5.55,5.66,5.69,5.51,45330,25480021.0,3.24,1.98,0.11,1.19
2021-01-15,002137,5.6,5.78,5.86,5.6,50424,29059450.0,4.59,2.12,0.12,1.33
2021-01-18,002137,5.78,5.88,5.95,5.7,59581,35040832.0,4.33,1.73,0.1,1.57
2021-01-19,002137,5.85,6.04,6.16,5.85,77850,47151595.0,5.27,2.72,0.16,2.05
2021-01-20,002137,6.03,6.0,6.12,5.98,37724,22735306.0,2.32,-0.66,-0.04,0.99
2021-01-21,002137,6.01,6.06,6.09,5.96,35425,21399436.0,2.17,1.0,0.06,0.93
2021-01-22,002137,6.07,6.01,6.07,5.92,40614,24319607.0,2.48,-0.83,-0.05,1.07
2021-01-25,002137,6.03,5.8,6.03,5.77,48051,28176471.0,4.33,-3.49,-0.21,1.27
2021-01-26,002137,5.78,5.73,5.88,5.66,49480,28512584.0,3.79,-1.21,-0.07,1.3
2021-01-27,002137,5.78,5.9,5.97,5.7,66411,38842440.0,4.71,2.97,0.17,1.75
2021-01-28,002137,5.86,6.07,6.24,5.85,116861,71379212.0,6.61,2.88,0.17,3.08
2021-01-29,002137,6.02,5.91,6.11,5.82,70518,41945260.0,4.78,-2.64,-0.16,1.86
2021-02-01,002137,5.8,5.71,5.91,5.6,63995,36719011.0,5.25,-3.38,-0.2,1.69
2021-02-02,002137,5.67,5.63,5.78,5.59,47901,27091969.0,3.33,-1.4,-0.08,1.26
2021-02-03,002137,5.59,5.36,5.64,5.32,70835,38864430.0,5.68,-4.8,-0.27,1.87
2021-02-04,002137,5.34,5.24,5.45,5.06,72098,37492528.0,7.28,-2.24,-0.12,1.9
2021-02-05,002137,5.3,5.31,5.46,5.2,61406,32940573.0,4.96,1.34,0.07,1.62
2021-02-08,002137,5.25,5.6,5.84,5.25,114500,64558119.0,11.11,5.46,0.29,3.02
2021-02-09,002137,5.58,5.58,5.66,5.47,56582,31383083.0,3.39,-0.36,-0.02,1.49
2021-02-10,002137,5.58,5.52,5.63,5.49,46057,25492176.0,2.51,-1.08,-0.06,1.21
2021-02-18,002137,5.63,5.68,5.76,5.55,56140,31879163.0,3.8,2.9,0.16,1.48
2021-02-19,002137,5.78,5.92,5.93,5.75,77879,45648866.0,3.17,4.23,0.24,2.05
2021-02-22,002137,5.88,5.9,6.06,5.85,78567,46959384.0,3.55,-0.34,-0.02,2.07
2021-02-23,002137,5.88,5.78,5.92,5.77,52489,30647930.0,2.54,-2.03,-0.12,1.38
2021-02-24,002137,5.78,5.84,5.97,5.78,56650,33297904.0,3.29,1.04,0.06,1.49
2021-02-25,002137,5.85,5.74,5.96,5.72,45572,26324148.0,4.11,-1.71,-0.1,1.2
2021-02-26,002137,5.73,5.73,5.82,5.66,56217,32210072.0,2.79,-0.17,-0.01,1.48
2021-03-01,002137,5.72,5.92,5.92,5.72,50613,29664203.0,3.49,3.32,0.19,1.33
2021-03-02,002137,5.96,5.93,6.0,5.86,59083,35036764.0,2.36,0.17,0.01,1.56
2021-03-03,002137,5.91,5.95,6.03,5.9,53741,31987293.0,2.19,0.34,0.02,1.42
2021-03-04,002137,5.93,5.87,5.97,5.84,44555,26287723.0,2.18,-1.34,-0.08,1.17
2021-03-05,002137,5.83,5.95,5.98,5.83,44480,26318889.0,2.56,1.36,0.08,1.17
2021-03-08,002137,5.98,5.94,6.02,5.91,54349,32446030.0,1.85,-0.17,-0.01,1.43
2021-03-09,002137,5.91,5.7,5.93,5.61,64707,37355848.0,5.39,-4.04,-0.24,1.71
2021-03-10,002137,5.81,5.49,5.9,5.47,76064,43138599.0,7.54,-3.68,-0.21,2.0
2021-03-11,002137,5.52,5.62,5.64,5.4,48579,26849841.0,4.37,2.37,0.13,1.28
2021-03-12,002137,5.6,5.55,5.64,5.51,37092,20586646.0,2.31,-1.25,-0.07,0.98
2021-03-15,002137,5.57,5.45,5.57,5.43,35356,19382855.0,2.52,-1.8,-0.1,0.93
2021-03-16,002137,5.47,5.54,5.58,5.47,33311,18394753.0,2.02,1.65,0.09,0.88
2021-03-17,002137,5.55,5.56,5.59,5.52,30195,16759221.0,1.26,0.36,0.02,0.8
2021-03-18,002137,5.58,5.49,5.59,5.49,39054,21602763.0,1.8,-1.26,-0.07,1.03
2021-03-19,002137,5.49,5.42,5.54,5.41,40813,22346638.0,2.37,-1.28,-0.07,1.08
2021-03-22,002137,5.41,5.45,5.46,5.4,35278,19190641.0,1.11,0.55,0.03,0.93
2021-03-23,002137,5.45,5.48,5.51,5.41,43799,23920812.0,1.83,0.55,0.03,1.15
2021-03-24,002137,5.42,5.43,5.51,5.4,38777,21135656.0,2.01,-0.91,-0.05,1.02
2021-03-25,002137,5.43,5.5,5.54,5.43,41788,22943506.0,2.03,1.29,0.07,1.1
2021-03-26,002137,5.5,5.54,5.55,5.45,38378,21134305.0,1.82,0.73,0.04,1.01
2021-03-29,002137,5.54,5.39,5.56,5.34,59024,32217942.0,3.97,-2.71,-0.15,1.56
2021-03-30,002137,5.39,5.17,5.39,5.16,70313,36974549.0,4.27,-4.08,-0.22,1.85
2021-03-31,002137,5.17,5.22,5.26,5.17,30702,15979496.0,1.74,0.97,0.05,0.81
2021-04-01,002137,5.24,5.22,5.27,5.18,34924,18268560.0,1.72,0.0,0.0,0.92
2021-04-02,002137,5.24,5.34,5.35,5.2,46422,24580749.0,2.87,2.3,0.12,1.22
2021-04-06,002137,5.49,5.43,5.6,5.4,61086,33400065.0,3.75,1.69,0.09,1.61
2021-04-07,002137,5.37,5.44,5.48,5.37,42941,23317989.0,2.03,0.18,0.01,1.13
2021-04-08,002137,5.41,5.36,5.46,5.33,37645,20334885.0,2.39,-1.47,-0.08,0.99
2021-04-09,002137,5.36,5.48,5.52,5.3,51750,28062456.0,4.1,2.24,0.12,1.36
2021-04-12,002137,5.46,5.35,5.49,5.32,37251,20097163.0,3.1,-2.37,-0.13,0.98
2021-04-13,002137,5.36,5.29,5.38,5.27,25830,13729217.0,2.06,-1.12,-0.06,0.68
2021-04-14,002137,5.31,5.41,5.42,5.26,39148,20950328.0,3.02,2.27,0.12,1.03
2021-04-15,002137,5.38,5.43,5.47,5.33,43829,23757237.0,2.59,0.37,0.02,1.16
2021-04-16,002137,5.43,5.53,5.62,5.41,67055,37041464.0,3.87,1.84,0.1,1.77
2021-04-19,002137,5.53,5.55,5.59,5.5,57624,31953767.0,1.63,0.36,0.02,1.52
2021-04-20,002137,5.56,5.52,5.61,5.51,45599,25349013.0,1.8,-0.54,-0.03,1.2
2021-04-21,002137,5.49,5.46,5.53,5.45,31091,17063228.0,1.45,-1.09,-0.06,0.82
2021-04-22,002137,5.51,6.01,6.01,5.46,252388,148578663.0,10.07,10.07,0.55,6.65
2021-04-23,002137,6.19,6.05,6.35,5.76,505321,308147056.0,9.82,0.67,0.04,13.32
2021-04-26,002137,5.84,5.82,6.08,5.81,226974,132969449.0,4.46,-3.8,-0.23,5.98
2021-04-27,002137,5.72,5.57,5.72,5.48,205897,114602157.0,4.12,-4.3,-0.25,5.43
2021-04-28,002137,5.57,5.4,5.59,5.38,131599,71702530.0,3.77,-3.05,-0.17,3.47
2021-04-29,002137,5.37,5.41,5.46,5.3,73458,39748546.0,2.96,0.19,0.01,1.94
2021-04-30,002137,5.41,5.34,5.41,5.3,69335,37009136.0,2.03,-1.29,-0.07,1.83
2021-05-06,002137,5.29,5.34,5.43,5.29,50342,27004844.0,2.62,0.0,0.0,1.33
2021-05-07,002137,5.36,5.44,5.49,5.3,64290,34778585.0,3.56,1.87,0.1,1.69
2021-05-10,002137,5.44,5.58,5.76,5.44,110124,61656292.0,5.88,2.57,0.14,2.9
2021-05-11,002137,5.51,5.55,5.62,5.46,79331,43897780.0,2.87,-0.54,-0.03,2.09
2021-05-12,002137,5.5,5.61,5.65,5.46,66303,36931711.0,3.42,1.08,0.06,1.75
2021-05-13,002137,5.57,5.57,5.67,5.55,59444,33372243.0,2.14,-0.71,-0.04,1.57
2021-05-14,002137,5.57,5.6,5.63,5.55,69538,38887992.0,1.44,0.54,0.03,1.83
2021-05-17,002137,5.59,5.39,5.59,5.37,81474,44313313.0,3.93,-3.75,-0.21,2.15
2021-05-18,002137,5.38,5.43,5.45,5.33,33216,17971640.0,2.23,0.74,0.04,0.88
2021-05-19,002137,5.43,5.39,5.43,5.36,31229,16834607.0,1.29,-0.74,-0.04,0.82
2021-05-20,002137,5.39,5.38,5.43,5.34,35388,19047841.0,1.67,-0.19,-0.01,0.93
2021-05-21,002137,5.38,5.4,5.42,5.34,43265,23287492.0,1.49,0.37,0.02,1.14
2021-05-24,002137,5.38,5.44,5.49,5.38,36455,19837777.0,2.04,0.74,0.04,0.96
2021-05-25,002137,5.44,5.45,5.46,5.39,36645,19892468.0,1.29,0.18,0.01,0.97
2021-05-26,002137,5.42,5.53,5.54,5.42,58658,32200161.0,2.2,1.47,0.08,1.55
2021-05-27,002137,5.56,5.57,5.62,5.53,70338,39203415.0,1.63,0.72,0.04,1.85
2021-05-28,002137,5.56,5.51,5.59,5.47,44715,24704849.0,2.15,-1.08,-0.06,1.18
2021-05-31,002137,5.52,5.57,5.62,5.48,49172,27319930.0,2.54,1.09,0.06,1.3
2021-06-01,002137,5.57,5.65,5.72,5.54,82382,46457921.0,3.23,1.44,0.08,2.17
2021-06-02,002137,5.65,5.62,5.73,5.55,81997,46230198.0,3.19,-0.53,-0.03,2.16
2021-06-03,002137,5.68,5.57,5.7,5.57,67830,38241321.0,2.31,-0.89,-0.05,1.79
2021-06-04,002137,5.58,5.59,5.64,5.55,41857,23408288.0,1.62,0.36,0.02,1.1
2021-06-07,002137,5.65,5.75,5.77,5.6,114369,65383097.0,3.04,2.86,0.16,3.01
2021-06-08,002137,5.81,5.82,5.9,5.73,127463,74030404.0,2.96,1.22,0.07,3.36
2021-06-09,002137,5.82,5.95,5.95,5.74,128436,74911202.0,3.61,2.23,0.13,3.38
2021-06-10,002137,6.06,6.55,6.55,6.05,164836,105646723.0,8.4,10.08,0.6,4.34
2021-06-11,002137,7.21,7.21,7.21,7.21,107784,77712559.0,0.0,10.08,0.66,2.84
2021-06-15,002137,7.23,6.65,7.23,6.49,534151,360852848.0,10.26,-7.77,-0.56,14.08
2021-06-16,002137,6.65,6.92,6.92,6.61,336237,225475539.0,4.66,4.06,0.27,8.86
2021-06-17,002137,6.81,6.33,6.9,6.29,396776,255672683.0,8.82,-8.53,-0.59,10.46
2021-06-18,002137,6.22,6.15,6.26,6.05,299046,183501567.0,3.32,-2.84,-0.18,7.88
2021-06-21,002137,6.11,6.2,6.24,6.1,191210,117955012.0,2.28,0.81,0.05,5.04
2021-06-22,002137,6.21,6.33,6.36,6.13,193510,120848310.0,3.71,2.1,0.13,5.1
2021-06-23,002137,6.24,6.26,6.32,6.13,136897,85318138.0,3.0,-1.11,-0.07,3.61
2021-06-24,002137,6.28,6.16,6.36,6.13,149293,93157280.0,3.67,-1.6,-0.1,3.93
2021-06-25,002137,6.11,6.1,6.25,6.06,107678,65945536.0,3.08,-0.97,-0.06,2.84
2021-06-28,002137,6.13,6.12,6.16,6.07,70365,43009121.0,1.48,0.33,0.02,1.85
2021-06-29,002137,6.12,5.96,6.14,5.95,104537,63041041.0,3.1,-2.61,-0.16,2.76
2021-06-30,002137,5.96,6.05,6.07,5.94,67401,40567810.0,2.18,1.51,0.09,1.73
2021-07-01,002137,6.03,5.9,6.08,5.9,71204,42679642.0,2.98,-2.48,-0.15,1.82
2021-07-02,002137,5.94,5.85,5.94,5.78,81785,47695898.0,2.71,-0.85,-0.05,2.09
2021-07-05,002137,5.86,5.93,5.94,5.85,53707,31681766.0,1.54,1.37,0.08,1.38
2021-07-06,002137,5.95,5.89,5.96,5.84,51368,30292268.0,2.02,-0.67,-0.04,1.32
2021-07-07,002137,5.88,5.92,5.97,5.86,53635,31745556.0,1.87,0.51,0.03,1.37
2021-07-08,002137,5.93,5.87,5.93,5.83,46804,27475668.0,1.69,-0.84,-0.05,1.2
2021-07-09,002137,5.85,5.87,5.88,5.76,54230,31556111.0,2.04,0.0,0.0,1.39
2021-07-12,002137,5.9,6.02,6.05,5.87,81318,48620472.0,3.07,2.56,0.15,2.08
2021-07-13,002137,6.01,5.99,6.08,5.98,66157,39802448.0,1.66,-0.5,-0.03,1.69
2021-07-14,002137,6.0,5.92,6.03,5.89,49179,29199737.0,2.34,-1.17,-0.07,1.26
2021-07-15,002137,5.92,5.78,5.95,5.72,60952,35370426.0,3.89,-2.36,-0.14,1.56
2021-07-16,002137,5.77,5.56,5.85,5.55,134542,76250514.0,5.19,-3.81,-0.22,3.44
2021-07-19,002137,5.55,5.63,5.68,5.49,65966,36893046.0,3.42,1.26,0.07,1.69
2021-07-20,002137,5.59,5.67,5.68,5.56,40157,22613128.0,2.13,0.71,0.04,1.03
2021-07-21,002137,5.68,5.68,5.74,5.66,44150,25130986.0,1.41,0.18,0.01,1.13
2021-07-22,002137,5.69,5.71,5.75,5.66,52255,29838768.0,1.58,0.53,0.03,1.34
2021-07-23,002137,5.71,5.6,5.72,5.55,59609,33404446.0,2.98,-1.93,-0.11,1.53
2021-07-26,002137,5.6,5.48,5.6,5.42,50222,27636437.0,3.21,-2.14,-0.12,1.29
2021-07-27,002137,5.49,5.5,5.65,5.43,60358,33391642.0,4.01,0.36,0.02,1.55
2021-07-28,002137,5.49,5.63,5.7,5.23,98478,54005731.0,8.55,2.36,0.13,2.52
2021-07-29,002137,5.63,5.65,5.67,5.54,87260,48986652.0,2.31,0.36,0.02,2.23
2021-07-30,002137,5.74,5.72,5.86,5.68,103696,59867245.0,3.19,1.24,0.07,2.66
2021-08-02,002137,5.71,5.79,5.81,5.61,65360,37430174.0,3.5,1.22,0.07,1.67
2021-08-03,002137,5.75,5.75,5.85,5.73,53059,30731615.0,2.07,-0.69,-0.04,1.36
2021-08-04,002137,5.76,5.8,5.84,5.75,41799,24196226.0,1.57,0.87,0.05,1.07
2021-08-05,002137,5.79,5.68,5.82,5.68,55026,31478523.0,2.41,-2.07,-0.12,1.41
2021-08-06,002137,5.71,5.61,5.71,5.55,46632,26186851.0,2.82,-1.23,-0.07,1.19
2021-08-09,002137,5.59,5.67,5.68,5.58,31430,17728605.0,1.78,1.07,0.06,0.8
2021-08-10,002137,5.67,5.74,5.77,5.66,43807,25091833.0,1.94,1.23,0.07,1.12
2021-08-11,002137,5.72,5.79,5.8,5.69,61558,35384168.0,1.92,0.87,0.05,1.58
2021-08-12,002137,5.8,5.79,5.86,5.78,55672,32355574.0,1.38,0.0,0.0,1.43
2021-08-13,002137,5.77,6.17,6.37,5.72,281324,172254438.0,11.23,6.56,0.38,7.2
2021-08-16,002137,6.07,5.96,6.09,5.94,143847,86268678.0,2.43,-3.4,-0.21,3.68
2021-08-17,002137,5.94,5.98,6.21,5.92,138463,83964838.0,4.87,0.34,0.02,3.55
2021-08-18,002137,5.95,6.04,6.09,5.93,76118,45802902.0,2.68,1.0,0.06,1.95
2021-08-19,002137,6.04,6.07,6.16,5.91,97144,58785139.0,4.14,0.5,0.03,2.49
2021-08-20,002137,6.0,5.87,6.0,5.81,90468,53207530.0,3.13,-3.29,-0.2,2.32
2021-08-23,002137,5.87,5.93,5.95,5.86,64881,38326331.0,1.53,1.02,0.06,1.66
2021-08-24,002137,5.9,5.86,5.96,5.84,69724,40932952.0,2.02,-1.18,-0.07,1.79
2021-08-25,002137,5.87,5.82,5.87,5.77,59099,34324378.0,1.71,-0.68,-0.04,1.51
2021-08-26,002137,5.81,5.77,5.85,5.76,47181,27372104.0,1.55,-0.86,-0.05,1.21
2021-08-27,002137,5.79,5.63,5.79,5.59,68411,38747979.0,3.47,-2.43,-0.14,1.75
2021-08-30,002137,5.63,5.91,5.98,5.6,84825,48974889.0,6.75,4.97,0.28,2.17
2021-08-31,002137,5.9,5.86,5.94,5.82,47418,27833288.0,2.03,-0.85,-0.05,1.21
2021-09-01,002137,5.83,5.99,6.0,5.82,85364,50783726.0,3.07,2.22,0.13,2.19
2021-09-02,002137,5.96,5.97,6.03,5.89,62330,37148507.0,2.34,-0.33,-0.02,1.6
2021-09-03,002137,5.93,6.08,6.17,5.92,110859,67367895.0,4.19,1.84,0.11,2.84
2021-09-06,002137,6.11,6.0,6.13,5.95,116538,70297343.0,2.96,-1.32,-0.08,2.98
2021-09-07,002137,5.98,6.07,6.08,5.96,103897,62752567.0,2.0,1.17,0.07,2.66
2021-09-08,002137,6.08,6.17,6.18,6.06,102217,62629404.0,1.98,1.65,0.1,2.62
2021-09-09,002137,6.15,6.07,6.18,6.05,64951,39593709.0,2.11,-1.62,-0.1,1.66
2021-09-10,002137,6.06,6.02,6.1,5.97,62468,37595865.0,2.14,-0.82,-0.05,1.6
2021-09-13,002137,6.0,6.04,6.05,5.93,48488,29050805.0,1.99,0.33,0.02,1.24
2021-09-14,002137,6.08,5.91,6.09,5.87,72797,43548765.0,3.64,-2.15,-0.13,1.86
2021-09-15,002137,5.87,5.92,5.97,5.82,44191,26124319.0,2.54,0.17,0.01,1.13
2021-09-16,002137,5.98,5.97,6.09,5.9,73855,44306921.0,3.21,0.84,0.05,1.89
2021-09-17,002137,5.99,5.82,5.99,5.77,60553,35440510.0,3.69,-2.51,-0.15,1.55
2021-09-22,002137,5.75,5.8,5.85,5.73,29412,17047118.0,2.06,-0.34,-0.02,0.75
2021-09-23,002137,5.83,5.85,5.9,5.82,32776,19164304.0,1.38,0.86,0.05,0.84
2021-09-24,002137,5.85,5.66,5.88,5.66,42879,24591499.0,3.76,-3.25,-0.19,1.1
2021-09-27,002137,5.7,5.5,5.75,5.44,51065,28316708.0,5.48,-2.83,-0.16,1.31
2021-09-28,002137,5.5,5.54,5.58,5.47,24109,13328742.0,2.0,0.73,0.04,0.62
2021-09-29,002137,5.52,5.38,5.52,5.37,34781,18862830.0,2.71,-2.89,-0.16,0.89
2021-09-30,002137,5.39,5.45,5.47,5.39,15591,8474940.0,1.49,1.3,0.07,0.4
2021-10-08,002137,5.49,5.6,5.66,5.49,31625,17656660.0,3.12,2.75,0.15,0.81
2021-10-11,002137,5.64,5.56,5.64,5.5,30217,16790404.0,2.5,-0.71,-0.04,0.77
2021-10-12,002137,5.54,5.5,5.59,5.45,28660,15798533.0,2.52,-1.08,-0.06,0.73
2021-10-13,002137,5.5,5.53,5.54,5.46,16921,9316191.0,1.45,0.55,0.03,0.43
2021-10-14,002137,5.54,5.55,5.59,5.49,20543,11379685.0,1.81,0.36,0.02,0.53
2021-10-15,002137,5.53,5.54,5.59,5.52,17512,9723611.0,1.26,-0.18,-0.01,0.45
2021-10-18,002137,5.54,5.57,5.58,5.51,15022,8338549.0,1.26,0.54,0.03,0.38
2021-10-19,002137,5.57,5.82,5.82,5.55,70226,40075699.0,4.85,4.49,0.25,1.8
2021-10-20,002137,5.8,5.75,5.91,5.72,55579,32096462.0,3.26,-1.2,-0.07,1.42
2021-10-21,002137,5.76,5.66,5.76,5.66,23480,13364865.0,1.74,-1.57,-0.09,0.6
2021-10-22,002137,5.66,5.61,5.7,5.61,17815,10040069.0,1.59,-0.88,-0.05,0.46
2021-10-25,002137,5.6,5.53,5.65,5.51,21624,11977208.0,2.5,-1.43,-0.08,0.55
2021-10-26,002137,5.53,5.55,5.6,5.53,17676,9826100.0,1.27,0.36,0.02,0.45
2021-10-27,002137,5.56,5.45,5.56,5.43,30422,16618918.0,2.34,-1.8,-0.1,0.78
2021-10-28,002137,5.45,5.22,5.48,5.22,52001,27560093.0,4.77,-4.22,-0.23,1.33
2021-10-29,002137,5.22,5.3,5.32,5.22,46701,24619272.0,1.92,1.53,0.08,1.2
2021-11-01,002137,5.29,5.37,5.38,5.25,24132,12873851.0,2.45,1.32,0.07,0.62
2021-11-02,002137,5.37,5.27,5.4,5.21,30444,16112385.0,3.54,-1.86,-0.1,0.78
2021-11-03,002137,5.25,5.3,5.33,5.25,20946,11090148.0,1.52,0.57,0.03,0.54
2021-11-04,002137,5.32,5.37,5.37,5.29,25113,13361217.0,1.51,1.32,0.07,0.64
2021-11-05,002137,5.36,5.44,5.59,5.34,89909,49238797.0,4.66,1.3,0.07,2.3
2021-11-08,002137,5.44,5.5,5.5,5.34,49491,26864316.0,2.94,1.1,0.06,1.27
2021-11-09,002137,5.48,5.52,5.59,5.44,33892,18665769.0,2.73,0.36,0.02,0.87
2021-11-10,002137,5.58,5.55,5.58,5.49,35690,19730459.0,1.63,0.54,0.03,0.91
2021-11-11,002137,5.54,5.65,5.67,5.52,47065,26462795.0,2.7,1.8,0.1,1.21
2021-11-12,002137,5.64,5.67,5.73,5.6,49001,27834608.0,2.3,0.35,0.02,1.25
2021-11-15,002137,5.69,5.75,5.89,5.65,58138,33617154.0,4.23,1.41,0.08,1.49
2021-11-16,002137,5.77,5.73,5.82,5.71,47425,27300987.0,1.91,-0.35,-0.02,1.21
2021-11-17,002137,5.81,5.81,5.82,5.73,40209,23267551.0,1.57,1.4,0.08,1.03
2021-11-18,002137,5.78,5.67,5.84,5.65,49320,28230537.0,3.27,-2.41,-0.14,1.26
2021-11-19,002137,5.67,5.7,5.76,5.64,48045,27375287.0,2.12,0.53,0.03,1.23
2021-11-22,002137,5.7,5.6,5.7,5.58,49601,27897920.0,2.11,-1.75,-0.1,1.27
2021-11-23,002137,5.61,5.58,5.66,5.56,47064,26331978.0,1.79,-0.36,-0.02,1.21
2021-11-24,002137,5.64,5.6,5.65,5.54,40969,22897938.0,1.97,0.36,0.02,1.05
2021-11-25,002137,5.65,5.69,5.71,5.59,55153,31181455.0,2.14,1.61,0.09,1.41
2021-11-26,002137,5.64,5.56,5.7,5.52,68227,37925187.0,3.16,-2.28,-0.13,1.75
2021-11-29,002137,5.47,5.46,5.52,5.44,40923,22409081.0,1.44,-1.8,-0.1,1.05
2021-11-30,002137,5.48,5.56,5.66,5.46,53035,29512872.0,3.66,1.83,0.1,1.36
2021-12-01,002137,5.58,5.71,5.71,5.55,58499,33098172.0,2.88,2.7,0.15,1.5
2021-12-02,002137,5.7,5.66,5.73,5.61,46192,26134519.0,2.1,-0.88,-0.05,1.18
2021-12-03,002137,5.62,5.67,5.7,5.61,35701,20205639.0,1.59,0.18,0.01,0.91
2021-12-06,002137,5.77,5.51,5.77,5.5,79446,44236447.0,4.76,-2.82,-0.16,2.03
2021-12-07,002137,5.51,5.52,5.6,5.47,45041,24887767.0,2.36,0.18,0.01,1.15
2021-12-08,002137,5.55,5.51,5.55,5.48,37215,20514108.0,1.27,-0.18,-0.01,0.95
2021-12-09,002137,5.5,5.63,5.66,5.48,64914,36330242.0,3.27,2.18,0.12,1.66
2021-12-10,002137,5.63,5.64,5.67,5.58,40698,22901112.0,1.6,0.18,0.01,1.04
2021-12-13,002137,5.65,5.71,5.77,5.63,62547,35705905.0,2.48,1.24,0.07,1.6
2021-12-14,002137,5.71,5.85,5.87,5.67,102681,59800107.0,3.5,2.45,0.14,2.63
2021-12-15,002137,5.89,5.85,5.97,5.81,83917,49212704.0,2.74,0.0,0.0,2.15
2021-12-16,002137,5.87,5.89,5.96,5.79,83083,48879875.0,2.91,0.68,0.04,2.13
2021-12-17,002137,5.95,5.88,5.95,5.76,92912,54404110.0,3.23,-0.17,-0.01,2.38
2021-12-20,002137,5.82,5.83,5.92,5.8,67295,39428448.0,2.04,-0.85,-0.05,1.72
2021-12-21,002137,5.8,5.98,6.0,5.8,99846,59198023.0,3.43,2.57,0.15,2.56
2021-12-22,002137,5.98,6.01,6.05,5.93,91860,55066834.0,2.01,0.5,0.03,2.35
2021-12-23,002137,6.01,5.91,6.01,5.84,91300,54094982.0,2.83,-1.66,-0.1,2.34
2021-12-24,002137,5.92,5.76,5.97,5.75,78761,45922110.0,3.72,-2.54,-0.15,2.02
2021-12-27,002137,5.79,5.78,5.93,5.73,79966,46428684.0,3.47,0.35,0.02,2.05
2021-12-28,002137,5.81,5.92,6.03,5.76,125987,74473867.0,4.67,2.42,0.14,3.23
2021-12-29,002137,5.9,5.97,6.0,5.78,107376,63427041.0,3.72,0.84,0.05,2.75
2021-12-30,002137,5.95,6.04,6.09,5.95,85243,51326816.0,2.35,1.17,0.07,2.18
2021-12-31,002137,6.05,6.05,6.13,6.0,90219,54696370.0,2.15,0.17,0.01,2.31
2022-01-04,002137,6.03,6.18,6.22,6.03,114610,70657491.0,3.14,2.15,0.13,2.93
2022-01-05,002137,6.18,6.15,6.23,6.04,95631,58503361.0,3.07,-0.49,-0.03,2.45
2022-01-06,002137,6.1,6.09,6.2,6.07,72858,44638887.0,2.11,-0.98,-0.06,1.87
2022-01-07,002137,6.11,6.04,6.21,5.91,98809,59757148.0,4.93,-0.82,-0.05,2.53
2022-01-10,002137,5.98,5.94,6.02,5.83,95575,56786603.0,3.15,-1.66,-0.1,2.45
2022-01-11,002137,5.98,6.0,6.06,5.91,84120,50377161.0,2.53,1.01,0.06,2.15
2022-01-12,002137,5.96,6.04,6.09,5.95,79354,47950821.0,2.33,0.67,0.04,2.03
2022-01-13,002137,6.1,6.05,6.19,6.04,97074,59315629.0,2.48,0.17,0.01,2.49
2022-01-14,002137,6.1,6.07,6.2,6.0,81441,49574985.0,3.31,0.33,0.02,2.09
2022-01-17,002137,6.15,6.37,6.4,6.03,206355,129441419.0,6.1,4.94,0.3,5.28
2022-01-18,002137,6.34,6.25,6.41,6.1,131250,81719549.0,4.87,-1.88,-0.12,3.36
2022-01-19,002137,6.15,6.28,6.36,6.13,87312,54441130.0,3.68,0.48,0.03,2.24
2022-01-20,002137,6.28,6.04,6.28,6.0,85453,52085672.0,4.46,-3.82,-0.24,2.19
2022-01-21,002137,6.04,6.06,6.16,6.0,69361,42081163.0,2.65,0.33,0.02,1.78
2022-01-24,002137,6.04,6.08,6.2,5.96,93384,56891705.0,3.96,0.33,0.02,2.39
2022-01-25,002137,6.07,5.75,6.09,5.67,105289,61272808.0,6.91,-5.43,-0.33,2.7
2022-01-26,002137,5.73,5.75,5.79,5.63,58824,33689955.0,2.78,0.0,0.0,1.51
2022-01-27,002137,5.75,5.47,5.75,5.44,72567,40266046.0,5.39,-4.87,-0.28,1.86
2022-01-28,002137,5.48,5.62,5.69,5.48,59057,33055653.0,3.84,2.74,0.15,1.51
2022-02-07,002137,5.22,5.08,5.38,5.06,193702,99608144.0,5.69,-9.61,-0.54,4.96
2022-02-08,002137,5.08,5.3,5.34,5.03,151809,79651748.0,6.1,4.33,0.22,3.89
2022-02-09,002137,5.41,5.55,5.56,5.27,89848,49092292.0,5.47,4.72,0.25,2.3
2022-02-10,002137,5.55,5.42,5.58,5.38,67817,36895024.0,3.6,-2.34,-0.13,1.74
2022-02-11,002137,5.42,5.25,5.46,5.24,72649,38621630.0,4.06,-3.14,-0.17,1.86
2022-02-14,002137,5.25,5.33,5.41,5.2,49359,26334772.0,4.0,1.52,0.08,1.26
2022-02-15,002137,5.4,5.35,5.45,5.27,59707,32004516.0,3.38,0.38,0.02,1.53
2022-02-16,002137,5.35,5.42,5.55,5.32,73866,39890054.0,4.3,1.31,0.07,1.89
2022-02-17,002137,5.41,5.43,5.49,5.35,60357,32782571.0,2.58,0.18,0.01,1.55
2022-02-18,002137,5.4,5.51,5.53,5.37,55087,30074524.0,2.95,1.47,0.08,1.41
2022-02-21,002137,5.76,5.82,5.9,5.6,178299,102447228.0,5.44,5.63,0.31,4.57
2022-02-22,002137,5.82,5.75,5.88,5.69,93845,54288604.0,3.26,-1.2,-0.07,2.4
2022-02-23,002137,5.87,5.93,6.05,5.76,119222,70550979.0,5.04,3.13,0.18,3.05
2022-02-24,002137,5.97,5.63,5.98,5.52,116393,66537242.0,7.76,-5.06,-0.3,2.98
2022-02-25,002137,5.71,5.61,5.8,5.57,81735,46245559.0,4.09,-0.36,-0.02,2.09
2022-02-28,002137,5.61,5.52,5.66,5.43,62417,34386778.0,4.1,-1.6,-0.09,1.6
2022-03-01,002137,5.57,5.62,5.64,5.52,40218,22466027.0,2.17,1.81,0.1,1.03
2022-03-02,002137,5.61,5.65,5.68,5.51,42669,24023284.0,3.02,0.53,0.03,1.09
2022-03-03,002137,5.65,5.73,5.87,5.61,86279,49449425.0,4.6,1.42,0.08,2.21
2022-03-04,002137,5.7,5.6,5.72,5.54,57746,32434812.0,3.14,-2.27,-0.13,1.48
2022-03-07,002137,5.6,5.58,5.66,5.53,46037,25726665.0,2.32,-0.36,-0.02,1.18
2022-03-08,002137,5.57,5.38,5.58,5.34,61821,33621031.0,4.3,-3.58,-0.2,1.58
2022-03-09,002137,5.45,5.36,5.47,5.08,60237,32044043.0,7.25,-0.37,-0.02,1.54
2022-03-10,002137,5.5,5.34,5.53,5.33,48944,26419200.0,3.73,-0.37,-0.02,1.25
2022-03-11,002137,5.5,5.47,5.51,5.23,72216,38654887.0,5.24,2.43,0.13,1.85
2022-03-14,002137,5.5,5.37,5.53,5.37,47900,26126813.0,2.93,-1.83,-0.1,1.23
2022-03-15,002137,5.49,5.21,5.49,5.16,59728,31660708.0,6.15,-2.98,-0.16,1.53
2022-03-16,002137,5.38,5.33,5.38,5.1,72702,37991756.0,5.37,2.3,0.12,1.86
2022-03-17,002137,5.36,5.44,5.55,5.34,92518,50633310.0,3.94,2.06,0.11,2.37
2022-03-18,002137,5.37,5.44,5.5,5.3,59430,32409887.0,3.68,0.0,0.0,1.52
2022-03-21,002137,5.49,5.51,5.53,5.44,45953,25242628.0,1.65,1.29,0.07,1.18
2022-03-22,002137,5.45,5.52,5.55,5.43,39248,21500858.0,2.18,0.18,0.01,1.0
2022-03-23,002137,5.51,5.48,5.52,5.45,28654,15695184.0,1.27,-0.72,-0.04,0.73
2022-03-24,002137,5.48,5.42,5.58,5.39,46590,25412150.0,3.47,-1.09,-0.06,1.19
2022-03-25,002137,5.39,5.49,5.61,5.39,97081,53662141.0,4.06,1.29,0.07,2.49
2022-03-28,002137,5.51,5.47,5.53,5.34,50616,27699148.0,3.46,-0.36,-0.02,1.3
2022-03-29,002137,5.48,5.32,5.49,5.3,51766,27808686.0,3.47,-2.74,-0.15,1.33
2022-03-30,002137,5.31,5.35,5.38,5.27,41651,22165013.0,2.07,0.56,0.03,1.07
2022-03-31,002137,5.35,5.35,5.41,5.27,47467,25379899.0,2.62,0.0,0.0,1.22
2022-04-01,002137,5.35,5.29,5.36,5.27,46231,24517640.0,1.68,-1.12,-0.06,1.18
2022-04-06,002137,5.3,5.42,5.45,5.23,63070,34071065.0,4.16,2.46,0.13,1.61
2022-04-07,002137,5.36,5.21,5.43,5.21,56393,29874301.0,4.06,-3.87,-0.21,1.44
2022-04-08,002137,5.21,5.16,5.24,5.11,51198,26393200.0,2.5,-0.96,-0.05,1.31
2022-04-11,002137,5.16,4.91,5.17,4.85,70225,35053451.0,6.2,-4.84,-0.25,1.8
2022-04-12,002137,4.92,5.03,5.06,4.85,45223,22336526.0,4.28,2.44,0.12,1.16
2022-04-13,002137,5.0,4.9,5.01,4.88,29049,14300255.0,2.58,-2.58,-0.13,0.74
2022-04-14,002137,4.92,4.91,4.95,4.88,39094,19192072.0,1.43,0.2,0.01,1.0
2022-04-15,002137,4.88,4.78,4.89,4.77,43205,20810753.0,2.44,-2.65,-0.13,1.11
2022-04-18,002137,4.8,4.86,4.86,4.66,26271,12588953.0,4.18,1.67,0.08,0.67
2022-04-19,002137,4.84,4.85,4.92,4.8,23786,11532693.0,2.47,-0.21,-0.01,0.61
2022-04-20,002137,4.89,4.85,4.94,4.8,27961,13605460.0,2.89,0.0,0.0,0.72
2022-04-21,002137,4.82,4.66,4.85,4.64,36838,17444189.0,4.33,-3.92,-0.19,0.94
2022-04-22,002137,4.65,4.54,4.65,4.52,35431,16208819.0,2.79,-2.58,-0.12,0.91
2022-04-25,002137,4.54,4.13,4.54,4.11,53300,22832412.0,9.47,-9.03,-0.41,1.36
2022-04-26,002137,4.14,4.13,4.28,4.1,45125,18905745.0,4.36,0.0,0.0,1.16
2022-04-27,002137,4.11,4.25,4.26,4.02,41404,17283101.0,5.81,2.91,0.12,1.06
2022-04-28,002137,4.22,4.26,4.28,4.15,35943,15170489.0,3.06,0.24,0.01,0.92
2022-04-29,002137,4.25,4.44,4.47,4.25,40074,17536023.0,5.16,4.23,0.18,1.03
2022-05-05,002137,4.44,4.45,4.51,4.35,34189,15202081.0,3.6,0.23,0.01,0.88
2022-05-06,002137,4.35,4.42,4.47,4.31,27761,12199888.0,3.6,-0.67,-0.03,0.71
2022-05-09,002137,4.51,4.51,4.69,4.5,51720,23488119.0,4.3,2.04,0.09,1.32
2022-05-10,002137,4.44,4.55,4.58,4.42,39038,17632687.0,3.55,0.89,0.04,1.0
2022-05-11,002137,4.47,4.5,4.64,4.47,47930,21919085.0,3.74,-1.1,-0.05,1.23
2022-05-12,002137,4.54,4.57,4.59,4.48,31026,14095789.0,2.44,1.56,0.07,0.79
2022-05-13,002137,4.53,4.64,4.68,4.53,39444,18186028.0,3.28,1.53,0.07,1.01
2022-05-16,002137,4.64,4.64,4.69,4.6,26837,12443796.0,1.94,0.0,0.0,0.69
2022-05-17,002137,4.63,4.59,4.63,4.54,22973,10513703.0,1.94,-1.08,-0.05,0.59
2022-05-18,002137,4.61,4.65,4.75,4.58,42269,19760096.0,3.7,1.31,0.06,1.08
2022-05-19,002137,4.58,4.67,4.7,4.56,27969,13024271.0,3.01,0.43,0.02,0.72
2022-05-20,002137,4.68,4.73,4.74,4.65,33146,15564199.0,1.93,1.28,0.06,0.85
2022-05-23,002137,4.74,5.2,5.2,4.72,262089,134082072.0,10.15,9.94,0.47,6.71
2022-05-24,002137,5.39,5.72,5.72,5.28,266711,148722717.0,8.46,10.0,0.52,6.83
2022-05-25,002137,6.27,6.29,6.29,6.18,300563,188858353.0,1.92,9.97,0.57,7.7
2022-05-26,002137,6.92,6.92,6.92,6.8,590774,408751616.0,1.91,10.02,0.63,15.13
2022-05-27,002137,7.3,6.23,7.61,6.23,1183148,792951904.0,19.94,-9.97,-0.69,30.29
2022-05-30,002137,5.61,5.61,5.61,5.61,66457,37282377.0,0.0,-9.95,-0.62,1.7
2022-05-31,002137,5.11,5.56,5.84,5.11,1039756,549988512.0,13.01,-0.89,-0.05,26.62
2022-06-01,002137,5.3,5.18,5.35,5.16,677904,355892176.0,3.42,-6.83,-0.38,17.36
2022-06-02,002137,5.19,5.02,5.19,4.98,450962,227527247.0,4.05,-3.09,-0.16,11.55
2022-06-06,002137,4.98,5.06,5.08,4.96,308116,155025301.0,2.39,0.8,0.04,7.89
2022-06-07,002137,5.05,4.96,5.05,4.91,264046,130954325.0,2.77,-1.98,-0.1,6.76
2022-06-08,002137,4.94,4.98,5.05,4.9,224702,111700554.0,3.02,0.4,0.02,5.75
2022-06-09,002137,4.95,4.83,4.95,4.79,207322,100898451.0,3.21,-3.01,-0.15,5.31
2022-06-10,002137,4.82,4.9,4.93,4.8,126269,61747804.0,2.69,1.45,0.07,3.23
2022-06-13,002137,4.9,4.94,4.97,4.86,132166,65073793.0,2.24,0.82,0.04,3.38
2022-06-14,002137,4.93,4.93,4.94,4.81,123706,60333102.0,2.63,-0.2,-0.01,3.17
2022-06-15,002137,4.94,4.89,4.96,4.89,155011,76318523.0,1.42,-0.81,-0.04,3.97
2022-06-16,002137,4.87,4.93,4.97,4.87,127303,62776460.0,2.04,0.82,0.04,3.26
2022-06-17,002137,4.91,4.89,4.92,4.83,118321,57690708.0,1.83,-0.81,-0.04,3.03
2022-06-20,002137,4.9,4.93,4.94,4.87,95229,46827970.0,1.43,0.82,0.04,2.44
2022-06-21,002137,4.95,4.97,4.98,4.91,129194,63936629.0,1.42,0.81,0.04,3.31
2022-06-22,002137,4.98,4.88,4.98,4.87,83927,41275898.0,2.21,-1.81,-0.09,2.15
2022-06-23,002137,4.88,4.97,4.97,4.86,98995,48750942.0,2.25,1.84,0.09,2.53
2022-06-24,002137,4.97,4.99,5.01,4.94,120527,60021128.0,1.41,0.4,0.02,3.09
2022-06-27,002137,5.02,4.97,5.03,4.95,106795,53247324.0,1.6,-0.4,-0.02,2.73
2022-06-28,002137,4.97,5.12,5.15,4.94,201179,102423961.0,4.23,3.02,0.15,5.15
2022-06-29,002137,5.1,5.02,5.13,5.02,128005,64918138.0,2.15,-1.95,-0.1,3.28
2022-06-30,002137,5.06,5.04,5.12,5.02,103445,52326497.0,1.99,0.4,0.02,2.65
2022-07-01,002137,5.02,5.04,5.1,5.01,90932,45908027.0,1.79,0.0,0.0,2.33
2022-07-04,002137,5.05,5.04,5.07,4.98,74477,37407674.0,1.79,0.0,0.0,1.91
2022-07-05,002137,5.03,4.95,5.04,4.89,105224,52139357.0,2.98,-1.79,-0.09,2.69
2022-07-06,002137,4.95,4.95,4.96,4.88,77888,38419245.0,1.62,0.0,0.0,1.99
2022-07-07,002137,4.96,4.97,4.99,4.94,52019,25826941.0,1.01,0.4,0.02,1.33
2022-07-08,002137,4.97,5.1,5.14,4.96,148262,75270484.0,3.62,2.62,0.13,3.8
2022-07-11,002137,5.1,5.14,5.16,5.05,147396,75519042.0,2.16,0.78,0.04,3.77
2022-07-12,002137,5.15,5.08,5.16,5.05,89303,45425113.0,2.14,-1.17,-0.06,2.29
2022-07-13,002137,5.07,5.23,5.24,5.07,154312,79958316.8,3.35,2.95,0.15,3.95
2022-07-14,002137,5.4,5.29,5.45,5.24,331073,176064159.7,4.02,1.15,0.06,8.48
2022-07-15,002137,5.28,5.48,5.63,5.2,412781,225657525.6,8.13,3.59,0.19,10.57
2022-07-18,002137,5.44,5.63,5.69,5.44,324834,181279680.8,4.56,2.74,0.15,8.32
2022-07-19,002137,5.63,5.68,5.75,5.55,264871,150030549.6,3.55,0.89,0.05,6.78
2022-07-20,002137,5.65,5.89,5.96,5.6,321725,186347074.1,6.34,3.7,0.21,8.24
2022-07-21,002137,5.88,5.87,5.95,5.78,223510,131406151.8,2.89,-0.34,-0.02,5.72
2022-07-22,002137,5.88,5.81,6.01,5.75,222497,130323176.1,4.43,-1.02,-0.06,5.7
2022-07-25,002137,5.84,5.7,5.91,5.62,183701,105114040.0,4.99,-1.89,-0.11,4.7
2022-07-26,002137,5.72,5.71,5.73,5.6,114786,65054354.0,2.28,0.18,0.01,2.94
2022-07-27,002137,5.73,5.8,5.84,5.66,120440,69290714.9,3.15,1.58,0.09,3.08
2022-07-28,002137,5.78,5.78,5.84,5.75,104952,60739935.0,1.55,-0.34,-0.02,2.69
2022-07-29,002137,5.79,5.75,5.8,5.73,114460,65942877.5,1.21,-0.52,-0.03,2.93
2022-08-01,002137,5.73,5.66,5.76,5.61,124366,70613662.4,2.61,-1.57,-0.09,3.18
2022-08-02,002137,5.61,5.38,5.65,5.3,160602,86992109.2,6.18,-4.95,-0.28,4.11
2022-08-03,002137,5.42,5.49,5.66,5.42,133776,74013601.0,4.46,2.04,0.11,3.43
2022-08-04,002137,5.58,5.79,5.79,5.47,170933,97065728.4,5.83,5.46,0.3,4.38
2022-08-05,002137,5.82,5.98,6.05,5.74,242631,143323983.1,5.35,3.28,0.19,6.21
2022-08-08,002137,5.96,6.04,6.09,5.89,189579,113915676.1,3.34,1.0,0.06,4.85
2022-08-09,002137,6.04,6.0,6.04,5.87,137394,81628470.0,2.81,-0.66,-0.04,3.52
2022-08-10,002137,5.98,5.94,5.99,5.9,89336,53081324.0,1.5,-1.0,-0.06,2.29
2022-08-11,002137,5.91,6.05,6.12,5.9,141900,85652528.0,3.7,1.85,0.11,3.63
2022-08-12,002137,6.07,6.14,6.32,6.02,178162,110471964.0,4.96,1.49,0.09,4.56
2022-08-15,002137,6.07,6.15,6.19,6.06,121078,74067632.0,2.12,0.16,0.01,3.1
2022-08-16,002137,6.11,6.12,6.18,6.04,94257,57487034.0,2.28,-0.49,-0.03,2.41
2022-08-17,002137,6.11,6.12,6.17,6.06,70123,42846506.0,1.8,0.0,0.0,1.8
2022-08-18,002137,6.13,6.36,6.48,6.08,220569,139175237.2,6.54,3.92,0.24,5.65
2022-08-19,002137,6.34,6.16,6.52,6.14,169186,106473207.0,5.97,-3.14,-0.2,4.33
2022-08-22,002137,6.12,6.1,6.25,6.05,129270,79479966.1,3.25,-0.97,-0.06,3.31
2022-08-23,002137,6.08,6.07,6.25,6.04,166734,102193354.0,3.44,-0.49,-0.03,4.27
2022-08-24,002137,6.06,5.92,6.1,5.87,151025,89911744.1,3.79,-2.47,-0.15,3.87
2022-08-25,002137,5.94,5.81,5.95,5.66,126343,73032333.4,4.9,-1.86,-0.11,3.23
2022-08-26,002137,5.87,5.77,5.93,5.68,87473,50575596.8,4.3,-0.69,-0.04,2.24
2022-08-29,002137,5.7,5.82,5.85,5.58,89320,51439171.2,4.68,0.87,0.05,2.29
2022-08-30,002137,5.84,5.93,6.15,5.79,165544,98653974.6,6.19,1.89,0.11,4.24
2022-08-31,002137,5.93,5.71,5.98,5.69,121073,70093945.0,4.89,-3.71,-0.22,3.1
2022-09-01,002137,5.72,6.28,6.28,5.7,156972,96218957.6,10.16,9.98,0.57,4.02
2022-09-02,002137,6.5,6.91,6.91,6.19,728079,472947605.6,11.46,10.03,0.63,18.64
2022-09-05,002137,6.77,6.68,7.16,6.45,1069578,715346897.4,10.27,-3.33,-0.23,27.39
2022-09-06,002137,6.48,6.5,6.57,6.32,685465,441000140.5,3.74,-2.69,-0.18,17.55
2022-09-07,002137,6.34,6.22,6.45,6.17,549061,344733373.4,4.31,-4.31,-0.28,14.06
2022-09-08,002137,6.12,5.81,6.18,5.78,494454,292439175.0,6.43,-6.59,-0.41,12.66
2022-09-09,002137,5.79,5.53,5.83,5.52,384982,216049771.4,5.34,-4.82,-0.28,9.86
2022-09-13,002137,5.54,5.58,5.6,5.49,264117,146515751.0,1.99,0.9,0.05,6.76
2022-09-14,002137,5.52,5.68,5.74,5.47,318762,179560432.0,4.84,1.79,0.1,8.16
2022-09-15,002137,5.62,5.35,5.65,5.26,321951,174986890.1,6.87,-5.81,-0.33,8.24
2022-09-16,002137,5.56,5.89,5.89,5.42,796473,462308249.4,8.79,10.09,0.54,20.39
2022-09-19,002137,5.8,5.75,5.84,5.52,654941,372390806.2,5.43,-2.38,-0.14,16.77
2022-09-20,002137,5.7,5.79,5.92,5.64,526712,305651358.8,4.87,0.7,0.04,13.49
2022-09-21,002137,5.71,5.88,5.99,5.62,414872,242149514.6,6.39,1.55,0.09,10.62
2022-09-22,002137,5.9,6.01,6.3,5.89,572035,346758273.0,6.97,2.21,0.13,14.65
2022-09-23,002137,5.91,5.81,6.12,5.71,413177,243508696.5,6.82,-3.33,-0.2,10.58
2022-09-26,002137,5.56,5.34,5.63,5.32,346223,189072203.3,5.34,-8.09,-0.47,8.86
2022-09-27,002137,5.41,5.61,5.61,5.32,282145,154147120.7,5.43,5.06,0.27,7.22
2022-09-28,002137,5.54,5.32,5.6,5.3,215415,117576781.0,5.35,-5.17,-0.29,5.52
2022-09-29,002137,5.45,5.06,5.48,5.01,251749,130684508.1,8.83,-4.89,-0.26,6.45
2022-09-30,002137,5.0,4.88,5.06,4.87,184244,90917393.0,3.75,-3.56,-0.18,4.72
2022-10-10,002137,4.89,4.75,4.93,4.72,159091,76860793.0,4.3,-2.66,-0.13,4.07
2022-10-11,002137,4.77,4.9,4.91,4.71,138188,66683887.5,4.21,3.16,0.15,3.54
2022-10-12,002137,4.9,5.11,5.11,4.85,168856,84341818.8,5.31,4.29,0.21,4.32
2022-10-13,002137,5.09,5.43,5.56,5.02,272678,145656215.1,10.57,6.26,0.32,6.98
2022-10-14,002137,5.41,5.45,5.48,5.35,191044,103645198.9,2.39,0.37,0.02,4.89
2022-10-17,002137,5.44,5.61,5.64,5.43,158415,88287529.6,3.85,2.94,0.16,4.06
2022-10-18,002137,5.64,5.66,5.69,5.56,158510,89321710.8,2.32,0.89,0.05,4.06
2022-10-19,002137,5.7,6.23,6.23,5.54,277107,163169388.8,12.19,10.07,0.57,7.09
2022-10-20,002137,6.26,6.85,6.85,5.79,638895,401153215.5,17.01,9.95,0.62,16.36
2022-10-21,002137,7.54,7.54,7.54,7.54,274105,206675026.7,0.0,10.07,0.69,7.02
2022-10-24,002137,7.6,7.76,8.29,7.54,1960997,1585616085.0,9.95,2.92,0.22,50.21
2022-10-25,002137,6.98,8.54,8.54,6.98,2003654,1552804970.0,20.1,10.05,0.78,51.3
2022-10-26,002137,7.7,7.69,8.15,7.69,1749242,1359846687.2,5.39,-9.95,-0.85,44.79
2022-10-27,002137,7.1,6.92,7.71,6.92,1291891,932158490.1,10.27,-10.01,-0.77,33.08
2022-10-28,002137,6.61,6.23,6.71,6.23,894612,572559011.0,6.94,-9.97,-0.69,22.91
2022-10-31,002137,6.09,6.19,6.31,6.03,650558,402756449.8,4.49,-0.64,-0.04,16.66
2022-11-01,002137,6.17,6.35,6.48,6.12,751365,473010223.6,5.82,2.58,0.16,19.24
2022-11-02,002137,6.28,6.41,6.61,6.21,911466,580686570.7,6.3,0.94,0.06,23.34
2022-11-03,002137,6.28,6.2,6.36,6.14,592279,369364395.8,3.43,-3.28,-0.21,15.16
2022-11-04,002137,6.22,6.26,6.33,6.14,510814,318394097.9,3.06,0.97,0.06,13.08
2022-11-07,002137,6.28,6.39,6.44,6.25,565805,358754878.3,3.04,2.08,0.13,14.49
2022-11-08,002137,6.35,6.37,6.39,6.21,422799,266323077.8,2.82,-0.31,-0.02,10.83
2022-11-09,002137,6.35,6.64,6.75,6.28,863516,566732435.2,7.38,4.24,0.27,22.11
2022-11-10,002137,6.53,6.53,6.63,6.47,527291,344935285.6,2.41,-1.66,-0.11,13.5
2022-11-11,002137,6.63,6.26,6.66,6.24,605298,391753532.7,6.43,-4.13,-0.27,15.5
2022-11-14,002137,6.18,6.22,6.3,6.14,332359,206180299.3,2.56,-0.64,-0.04,8.51
2022-11-15,002137,6.24,6.84,6.84,6.22,672852,447527710.8,9.97,9.97,0.62,17.23
2022-11-16,002137,7.01,6.9,7.35,6.86,1429583,1015094424.4,7.16,0.88,0.06,36.6
2022-11-17,002137,6.86,7.07,7.1,6.77,759208,529422443.2,4.78,2.46,0.17,19.44
2022-11-18,002137,6.96,6.69,7.02,6.67,618789,421809365.3,4.95,-5.37,-0.38,15.84
2022-11-21,002137,6.69,6.84,6.84,6.52,457547,305609581.0,4.78,2.24,0.15,11.71
2022-11-22,002137,6.76,6.63,6.82,6.58,328554,219901678.0,3.51,-3.07,-0.21,8.41
2022-11-23,002137,6.61,6.43,6.61,6.31,327962,210409467.3,4.52,-3.02,-0.2,8.4
2022-11-24,002137,6.49,6.45,6.56,6.41,231246,149484913.5,2.33,0.31,0.02,5.92
2022-11-25,002137,6.45,6.3,6.47,6.29,214790,136469522.7,2.79,-2.33,-0.15,5.5
2022-11-28,002137,6.21,6.38,6.4,6.2,182816,115877118.0,3.17,1.27,0.08,4.68
2022-11-29,002137,6.32,6.48,6.57,6.32,235826,152990650.2,3.92,1.57,0.1,6.04
2022-11-30,002137,6.48,6.43,6.55,6.37,231894,149563313.0,2.78,-0.77,-0.05,5.94
2022-12-01,002137,6.44,6.56,6.62,6.42,315768,206290746.4,3.11,2.02,0.13,8.08
2022-12-02,002137,6.54,6.57,6.65,6.53,258059,169741167.9,1.83,0.15,0.01,6.61
2022-12-05,002137,6.57,6.6,6.64,6.54,221207,145582362.6,1.52,0.46,0.03,5.66
2022-12-06,002137,6.59,6.43,6.6,6.41,238639,154819892.0,2.88,-2.58,-0.17,6.11
2022-12-07,002137,6.4,6.68,6.74,6.39,459732,304263129.7,5.44,3.89,0.25,11.77
2022-12-08,002137,6.66,6.51,6.68,6.48,261302,170944930.6,2.99,-2.54,-0.17,6.69
2022-12-09,002137,6.52,6.33,6.54,6.3,221669,141612516.0,3.69,-2.76,-0.18,5.68
2022-12-12,002137,6.34,6.39,6.39,6.25,172524,109384279.6,2.21,0.95,0.06,4.42
2022-12-13,002137,6.38,6.16,6.38,6.15,258994,161478373.3,3.6,-3.6,-0.23,6.63
2022-12-14,002137,6.25,6.64,6.78,6.25,771111,511409018.6,8.6,7.79,0.48,19.74
2022-12-15,002137,6.41,6.83,7.08,6.39,886336,596820793.4,10.39,2.86,0.19,22.69
2022-12-16,002137,6.72,6.78,6.94,6.64,573473,389134280.2,4.39,-0.73,-0.05,14.68
2022-12-19,002137,6.83,6.74,6.91,6.62,396643,268829586.1,4.28,-0.59,-0.04,10.16
2022-12-20,002137,6.71,7.11,7.18,6.63,769086,536825110.3,8.16,5.49,0.37,19.69
2022-12-21,002137,6.97,6.89,7.02,6.76,480406,330496082.8,3.66,-3.09,-0.22,12.3
2022-12-22,002137,6.9,6.52,6.91,6.31,442682,290328487.6,8.71,-5.37,-0.37,11.33
2022-12-23,002137,6.4,6.6,6.61,6.25,314599,202965629.0,5.52,1.23,0.08,8.05
2022-12-26,002137,6.49,6.92,7.13,6.46,531315,368403439.7,10.15,4.85,0.32,13.6
2022-12-27,002137,6.99,6.84,7.08,6.75,336046,229667982.0,4.77,-1.16,-0.08,8.6
2022-12-28,002137,6.86,6.55,6.9,6.55,314081,209558953.1,5.12,-4.24,-0.29,8.04
2022-12-29,002137,6.52,7.21,7.21,6.51,368095,262215051.0,10.69,10.08,0.66,9.42
2022-12-30,002137,7.5,7.35,7.93,7.25,1473002,1115965953.0,9.43,1.94,0.14,37.71
2023-01-03,002137,7.46,7.63,7.73,7.37,1029539,778567051.0,4.9,3.81,0.28,26.36
2023-01-04,002137,7.44,7.42,7.6,7.29,790542,587906249.1,4.06,-2.75,-0.21,20.24
2023-01-05,002137,7.45,8.16,8.16,7.29,1401539,1107228600.0,11.73,9.97,0.74,35.88
2023-01-06,002137,7.8,7.51,7.9,7.38,993500,758990159.4,6.37,-7.97,-0.65,25.44
2023-01-09,002137,7.59,7.59,7.72,7.41,542384,410674655.1,4.13,1.07,0.08,13.89
2023-01-10,002137,7.61,7.85,8.22,7.46,728180,571194655.4,10.01,3.43,0.26,18.64
2023-01-11,002137,7.87,8.64,8.64,7.87,786380,660769387.4,9.81,10.06,0.79,20.13
2023-01-12,002137,9.03,8.83,9.5,8.71,1756308,1609980597.5,9.14,2.2,0.19,44.97
2023-01-13,002137,9.12,9.18,9.71,8.9,1600720,1478965892.5,9.17,3.96,0.35,40.98
2023-01-16,002137,8.79,8.26,9.05,8.26,1291988,1102155392.4,8.61,-10.02,-0.92,33.08
2023-01-17,002137,8.23,8.29,8.64,8.18,883825,741308642.6,5.57,0.36,0.03,22.63
2023-01-18,002137,8.12,7.68,8.18,7.65,825345,643360215.5,6.39,-7.36,-0.61,21.13
2023-01-19,002137,7.63,7.37,7.68,7.36,516046,384912539.6,4.17,-4.04,-0.31,13.21
2023-01-20,002137,7.41,7.52,7.6,7.4,408169,306453238.8,2.71,2.04,0.15,10.45
2023-01-30,002137,7.75,7.85,7.94,7.64,643434,503578265.4,3.99,4.39,0.33,16.47
2023-01-31,002137,7.88,8.27,8.48,7.76,813595,661139489.5,9.17,5.35,0.42,20.83
2023-02-01,002137,8.19,8.33,8.36,8.06,641219,525587599.2,3.63,0.73,0.06,16.42
2023-02-02,002137,8.25,8.39,8.59,8.2,631834,531873483.0,4.68,0.72,0.06,16.18
2023-02-03,002137,8.35,8.27,8.38,8.11,459982,378341217.8,3.22,-1.43,-0.12,11.78
2023-02-06,002137,8.15,8.12,8.26,8.09,305337,248689950.3,2.06,-1.81,-0.15,7.82
2023-02-07,002137,8.25,8.17,8.29,8.07,356994,292022366.6,2.71,0.62,0.05,9.14
2023-02-08,002137,8.18,8.01,8.2,7.9,365106,292952969.3,3.67,-1.96,-0.16,9.35
2023-02-09,002137,7.96,8.18,8.18,7.96,318849,258651113.4,2.75,2.12,0.17,8.16
2023-02-10,002137,8.2,8.05,8.27,8.05,314349,256132827.4,2.69,-1.59,-0.13,8.05
2023-02-13,002137,8.0,8.06,8.08,7.95,192982,155112757.1,1.61,0.12,0.01,4.94
2023-02-14,002137,8.06,7.9,8.08,7.82,330251,261730205.8,3.23,-1.99,-0.16,8.46
2023-02-15,002137,7.85,7.93,7.99,7.82,185490,146800491.0,2.15,0.38,0.03,4.75
2023-02-16,002137,7.93,7.75,8.19,7.69,463029,368841241.1,6.31,-2.27,-0.18,11.86
2023-02-17,002137,7.7,7.69,7.9,7.61,239807,185320793.2,3.74,-0.77,-0.06,6.14
2023-02-20,002137,7.69,7.76,7.78,7.58,177382,136480740.0,2.6,0.91,0.07,4.54
2023-02-21,002137,7.75,7.79,7.88,7.69,158296,123197579.8,2.45,0.39,0.03,4.05
2023-02-22,002137,7.7,7.79,7.84,7.65,121243,93819776.7,2.44,0.0,0.0,3.1
2023-02-23,002137,7.78,7.66,7.79,7.62,159549,122765099.0,2.18,-1.67,-0.13,4.09
2023-02-24,002137,7.65,7.68,7.78,7.6,128280,98575846.0,2.35,0.26,0.02,3.28
2023-02-27,002137,7.68,7.55,7.68,7.55,128161,97316831.0,1.69,-1.69,-0.13,3.28
2023-02-28,002137,7.6,7.69,7.75,7.56,180062,137981659.4,2.52,1.85,0.14,4.61
2023-03-01,002137,7.65,7.86,7.86,7.65,273230,213037284.3,2.73,2.21,0.17,7.0
2023-03-02,002137,7.86,7.84,7.91,7.78,189825,148829204.9,1.65,-0.25,-0.02,4.86
2023-03-03,002137,7.88,7.91,8.05,7.84,312225,247472053.0,2.68,0.89,0.07,7.99
2023-03-06,002137,7.89,7.73,7.9,7.71,184901,143842777.0,2.4,-2.28,-0.18,4.73
2023-03-07,002137,7.71,7.46,7.73,7.46,206860,156771594.0,3.49,-3.49,-0.27,5.3
2023-03-08,002137,7.44,7.8,7.9,7.42,358072,278587525.6,6.43,4.56,0.34,9.17
2023-03-09,002137,7.78,7.69,7.78,7.63,186691,143577581.7,1.92,-1.41,-0.11,4.78
2023-03-10,002137,7.65,7.48,7.65,7.48,157816,118794071.0,2.21,-2.73,-0.21,4.04
2023-03-13,002137,7.45,7.49,7.52,7.31,138393,102523374.0,2.81,0.13,0.01,3.54
2023-03-14,002137,7.46,7.25,7.46,7.16,199125,144761556.3,4.01,-3.2,-0.24,5.1
2023-03-15,002137,7.3,7.29,7.43,7.28,130318,95717198.4,2.07,0.55,0.04,3.34
2023-03-16,002137,7.25,7.13,7.28,7.12,118644,85280203.5,2.19,-2.19,-0.16,3.04
2023-03-17,002137,7.19,7.32,7.35,7.18,158547,115623263.0,2.38,2.66,0.19,4.06
2023-03-20,002137,7.34,7.24,7.35,7.2,103422,75136939.7,2.05,-1.09,-0.08,2.65
2023-03-21,002137,7.27,7.46,7.46,7.16,149197,109758630.4,4.14,3.04,0.22,3.82
2023-03-22,002137,7.47,7.69,7.7,7.43,212209,161035048.0,3.62,3.08,0.23,5.43
2023-03-23,002137,7.65,7.69,7.69,7.58,139863,106865418.2,1.43,0.0,0.0,3.58
2023-03-24,002137,7.82,7.76,7.86,7.67,206562,160211626.7,2.47,0.91,0.07,5.29
2023-03-27,002137,7.76,7.87,7.91,7.72,303128,237690850.1,2.45,1.42,0.11,7.76
2023-03-28,002137,7.81,7.72,7.83,7.63,175469,135537847.0,2.54,-1.91,-0.15,4.49
2023-03-29,002137,7.67,7.62,7.74,7.56,124812,95463533.0,2.33,-1.3,-0.1,3.2
2023-03-30,002137,7.62,7.46,7.68,7.42,135673,102099316.0,3.41,-2.1,-0.16,3.47
2023-03-31,002137,7.46,7.64,7.64,7.4,130698,98595103.0,3.22,2.41,0.18,3.35
2023-04-03,002137,7.64,7.79,7.81,7.57,179310,138223921.8,3.14,1.96,0.15,4.59
2023-04-04,002137,7.81,7.81,7.94,7.74,280661,220543811.3,2.57,0.26,0.02,7.19
2023-04-06,002137,7.71,7.68,7.8,7.63,174935,134830677.6,2.18,-1.66,-0.13,4.48
2023-04-07,002137,7.71,7.63,7.72,7.52,157130,119310793.0,2.6,-0.65,-0.05,4.02
2023-04-10,002137,7.62,7.33,7.67,7.32,196272,146328937.2,4.59,-3.93,-0.3,5.03
2023-04-11,002137,7.34,7.46,7.59,7.28,161376,120424379.8,4.23,1.77,0.13,4.13
2023-04-12,002137,7.52,7.73,7.75,7.47,190335,145218371.0,3.75,3.62,0.27,4.87
2023-04-13,002137,7.7,7.46,7.73,7.44,162574,123169815.0,3.75,-3.49,-0.27,4.16
2023-04-14,002137,7.5,7.36,7.58,7.29,155736,115120392.8,3.89,-1.34,-0.1,3.99
2023-04-17,002137,7.37,7.18,7.38,7.15,199056,143345316.0,3.13,-2.45,-0.18,5.1
2023-04-18,002137,7.18,6.97,7.2,6.91,181201,126958169.0,4.04,-2.92,-0.21,4.64
2023-04-19,002137,6.96,6.98,7.16,6.93,133167,93596430.2,3.3,0.14,0.01,3.41
2023-04-20,002137,6.95,7.04,7.07,6.91,118847,83197556.0,2.29,0.86,0.06,3.04
2023-04-21,002137,7.02,6.65,7.02,6.65,204626,138767431.0,5.26,-5.54,-0.39,5.24
2023-04-24,002137,6.65,6.74,6.79,6.57,113632,76137081.0,3.31,1.35,0.09,2.91
2023-04-25,002137,6.7,6.5,6.71,6.41,133624,87306248.5,4.45,-3.56,-0.24,3.42
2023-04-26,002137,6.49,6.52,6.59,6.42,114782,74903018.0,2.62,0.31,0.02,2.94
2023-04-27,002137,6.5,6.48,6.62,6.43,109002,71063495.0,2.91,-0.61,-0.04,2.79
2023-04-28,002137,6.45,6.68,6.69,6.45,122372,81208035.0,3.7,3.09,0.2,3.13
2023-05-04,002137,6.66,7.17,7.29,6.58,360073,250495118.6,10.63,7.34,0.49,9.22
2023-05-05,002137,7.07,7.12,7.12,6.89,203902,142512784.0,3.21,-0.7,-0.05,5.22
2023-05-08,002137,7.12,7.3,7.73,7.07,447614,329737616.9,9.27,2.53,0.18,11.46
2023-05-09,002137,7.25,6.97,7.25,6.97,203342,144086260.1,3.84,-4.52,-0.33,5.21
2023-05-10,002137,6.96,7.02,7.08,6.91,98091,68638674.0,2.44,0.72,0.05,2.51
2023-05-11,002137,6.99,7.14,7.23,6.95,144889,103117274.2,3.99,1.71,0.12,3.71
2023-05-12,002137,7.12,7.85,7.85,7.12,537799,416937718.9,10.22,9.94,0.71,13.77
2023-05-15,002137,7.96,7.68,7.96,7.54,706745,544517284.3,5.35,-2.17,-0.17,18.1
2023-05-16,002137,7.83,7.47,7.88,7.41,377384,283907964.1,6.12,-2.73,-0.21,9.66
2023-05-17,002137,7.4,7.48,7.57,7.26,323584,241026976.5,4.15,0.13,0.01,8.29
2023-05-18,002137,7.45,7.5,7.55,7.35,264906,198011144.8,2.67,0.27,0.02,6.78
2023-05-19,002137,7.41,7.31,7.46,7.24,238593,174568967.7,2.93,-2.53,-0.19,6.11
2023-05-22,002137,7.33,7.28,7.36,7.2,132315,96051793.0,2.19,-0.41,-0.03,3.39
2023-05-23,002137,7.24,7.12,7.32,7.11,158351,114140488.5,2.88,-2.2,-0.16,4.05
2023-05-24,002137,7.06,6.97,7.11,6.92,188636,132003277.0,2.67,-2.11,-0.15,4.83
2023-05-25,002137,7.0,6.9,7.05,6.77,159124,109646827.7,4.02,-1.0,-0.07,4.07
2023-05-26,002137,6.9,6.94,6.98,6.81,97770,67590765.0,2.46,0.58,0.04,2.5
2023-05-29,002137,6.97,6.99,7.05,6.93,118563,82940564.0,1.73,0.72,0.05,3.04
2023-05-30,002137,6.95,7.06,7.06,6.88,106707,74489664.0,2.58,1.0,0.07,2.73
2023-05-31,002137,7.03,7.08,7.14,7.01,106534,75402836.0,1.84,0.28,0.02,2.73
2023-06-01,002137,7.05,7.09,7.15,6.97,123429,87447945.0,2.54,0.14,0.01,3.16
2023-06-02,002137,7.07,7.24,7.31,7.07,203201,146366023.1,3.39,2.12,0.15,5.2
2023-06-05,002137,7.24,7.25,7.3,7.16,122183,88426237.2,1.93,0.14,0.01,3.13
2023-06-06,002137,7.21,7.04,7.25,7.0,148966,106211955.4,3.45,-2.9,-0.21,3.81
2023-06-07,002137,7.06,7.28,7.31,6.99,202701,146609019.0,4.55,3.41,0.24,5.19
2023-06-08,002137,7.24,7.1,7.28,7.04,134911,96142401.0,3.3,-2.47,-0.18,3.45
2023-06-09,002137,7.09,7.1,7.12,6.95,130005,91609700.0,2.39,0.0,0.0,3.33
2023-06-12,002137,7.1,7.21,7.25,7.06,116363,83688681.2,2.68,1.55,0.11,2.98
2023-06-13,002137,7.21,7.38,7.4,7.16,223974,164371620.4,3.33,2.36,0.17,5.73
2023-06-14,002137,7.34,7.26,7.35,7.25,135550,98778266.0,1.36,-1.63,-0.12,3.47
2023-06-15,002137,7.28,7.24,7.3,7.21,111419,80772058.0,1.24,-0.28,-0.02,2.85
2023-06-16,002137,7.24,7.29,7.32,7.11,125311,90769099.0,2.9,0.69,0.05,3.21
2023-06-19,002137,7.26,7.28,7.33,7.22,109580,79866123.0,1.51,-0.14,-0.01,2.81
2023-06-20,002137,7.27,7.18,7.27,7.14,113849,81958945.0,1.79,-1.37,-0.1,2.91
2023-06-21,002137,7.16,6.92,7.17,6.92,157375,110370807.2,3.48,-3.62,-0.26,4.03
2023-06-26,002137,6.84,6.56,6.9,6.54,165953,110646869.1,5.2,-5.2,-0.36,4.25
2023-06-27,002137,6.6,6.72,6.77,6.57,102575,68765674.7,3.05,2.44,0.16,2.63
2023-06-28,002137,6.72,6.68,6.77,6.47,114083,75357372.0,4.46,-0.6,-0.04,2.92
2023-06-29,002137,6.64,6.78,6.8,6.62,84977,57401426.0,2.69,1.5,0.1,2.18
2023-06-30,002137,6.75,6.91,6.92,6.72,103551,71069759.9,2.95,1.92,0.13,2.61
2023-07-03,002137,6.9,6.89,6.97,6.84,88931,61366840.0,1.88,-0.29,-0.02,2.24
2023-07-04,002137,6.86,6.96,7.03,6.86,80884,56320072.8,2.47,1.02,0.07,2.04
2023-07-05,002137,6.98,6.93,7.05,6.91,78698,54924202.8,2.01,-0.43,-0.03,1.99
2023-07-06,002137,6.88,7.06,7.3,6.87,213819,152337248.2,6.2,1.88,0.13,5.39
2023-07-07,002137,7.06,6.97,7.12,6.88,127875,89249215.9,3.4,-1.27,-0.09,3.23
2023-07-10,002137,7.0,6.93,7.07,6.91,66681,46342457.0,2.3,-0.57,-0.04,1.68
2023-07-11,002137,6.91,7.03,7.08,6.91,74177,52004733.0,2.45,1.44,0.1,1.87
2023-07-12,002137,7.03,6.93,7.1,6.92,88182,61814906.0,2.56,-1.42,-0.1,2.22
2023-07-13,002137,6.93,7.05,7.08,6.92,96771,68066654.0,2.31,1.73,0.12,2.44
2023-07-14,002137,6.96,6.98,7.02,6.85,131476,91334218.6,2.41,-0.99,-0.07,3.32
2023-07-17,002137,6.94,6.85,6.97,6.83,83487,57363029.8,2.01,-1.86,-0.13,2.11
2023-07-18,002137,6.83,6.81,6.96,6.79,73238,50234480.8,2.48,-0.58,-0.04,1.85
2023-07-19,002137,6.78,6.79,6.86,6.74,60185,40873382.0,1.76,-0.29,-0.02,1.52
2023-07-20,002137,6.78,6.63,6.8,6.6,80318,53777128.0,2.95,-2.36,-0.16,2.03
2023-07-21,002137,6.62,6.59,6.71,6.58,62453,41389716.0,1.96,-0.6,-0.04,1.58
2023-07-24,002137,6.6,6.61,6.68,6.55,43807,29015023.0,1.97,0.3,0.02,1.11
2023-07-25,002137,6.66,6.75,6.75,6.64,65532,43957117.0,1.66,2.12,0.14,1.65
2023-07-26,002137,6.74,6.62,6.74,6.59,79744,52930494.0,2.22,-1.93,-0.13,2.01
2023-07-27,002137,6.6,6.53,6.64,6.49,64713,42502824.0,2.27,-1.36,-0.09,1.63
2023-07-28,002137,6.51,6.57,6.59,6.46,54125,35317493.1,1.99,0.61,0.04,1.37
2023-07-31,002137,6.57,6.64,6.67,6.52,57258,37920188.8,2.28,1.07,0.07,1.44
2023-08-01,002137,6.65,6.61,6.67,6.55,55771,36757309.0,1.81,-0.45,-0.03,1.41
2023-08-02,002137,6.61,6.63,6.65,6.59,44735,29654702.0,0.91,0.3,0.02,1.13
2023-08-03,002137,6.63,6.64,6.64,6.57,46694,30834447.5,1.06,0.15,0.01,1.18
2023-08-04,002137,6.64,6.68,6.71,6.6,68551,45820817.7,1.66,0.6,0.04,1.73
2023-08-07,002137,6.68,6.7,6.72,6.66,51265,34283098.0,0.9,0.3,0.02,1.29
2023-08-08,002137,6.69,6.65,6.7,6.64,43934,29275588.0,0.9,-0.75,-0.05,1.11
2023-08-09,002137,6.64,6.58,6.69,6.57,43817,28977743.0,1.8,-1.05,-0.07,1.11
2023-08-10,002137,6.56,6.6,6.63,6.56,38257,25240262.6,1.06,0.3,0.02,0.97
2023-08-11,002137,6.6,6.46,6.62,6.46,50189,32790676.8,2.42,-2.12,-0.14,1.27
2023-08-14,002137,6.44,6.55,6.57,6.38,64770,42002368.6,2.94,1.39,0.09,1.63
2023-08-15,002137,6.52,6.28,6.56,6.25,112242,71299607.0,4.73,-4.12,-0.27,2.83
2023-08-16,002137,6.27,6.19,6.31,6.11,75988,47179525.0,3.18,-1.43,-0.09,1.92
2023-08-17,002137,6.15,6.24,6.27,6.1,71194,44205451.5,2.75,0.81,0.05,1.8
2023-08-18,002137,6.22,6.08,6.27,6.08,58947,36330875.0,3.04,-2.56,-0.16,1.49
2023-08-21,002137,6.08,6.13,6.33,6.07,86022,53486762.0,4.28,0.82,0.05,2.17
2023-08-22,002137,6.13,6.23,6.24,6.08,90265,55682831.2,2.61,1.63,0.1,2.28
2023-08-23,002137,6.23,6.11,6.24,6.09,55498,34056153.0,2.41,-1.93,-0.12,1.4
2023-08-24,002137,6.13,6.08,6.18,6.05,53812,32870203.1,2.13,-0.49,-0.03,1.36
2023-08-25,002137,6.08,5.92,6.08,5.86,82217,48979713.0,3.62,-2.63,-0.16,2.07
2023-08-28,002137,6.17,6.0,6.25,6.0,91403,55927037.1,4.22,1.35,0.08,2.31
2023-08-29,002137,5.97,6.15,6.17,5.94,68045,41611078.0,3.83,2.5,0.15,1.72
2023-08-30,002137,6.2,6.26,6.3,6.16,84767,52974863.0,2.28,1.79,0.11,2.14
2023-08-31,002137,6.23,6.23,6.26,6.19,44975,28007860.6,1.12,-0.48,-0.03,1.13
2023-09-01,002137,6.23,6.2,6.27,6.14,47080,29147971.0,2.09,-0.48,-0.03,1.19
2023-09-04,002137,6.2,6.52,6.54,6.2,225966,144466973.2,5.48,5.16,0.32,5.7
2023-09-05,002137,6.6,6.83,7.17,6.52,810095,567183156.8,9.97,4.75,0.31,20.44
2023-09-06,002137,6.66,6.96,7.1,6.52,703407,480219045.5,8.49,1.9,0.13,17.74
2023-09-07,002137,7.02,6.73,7.02,6.72,347246,236768254.7,4.31,-3.3,-0.23,8.76
2023-09-08,002137,6.76,6.74,6.84,6.61,221267,148826620.6,3.42,0.15,0.01,5.58
2023-09-11,002137,6.74,6.79,6.95,6.67,264351,179680011.5,4.15,0.74,0.05,6.67
2023-09-12,002137,6.79,6.74,6.98,6.7,182903,123956565.0,4.12,-0.74,-0.05,4.61
2023-09-13,002137,6.72,6.53,6.76,6.42,172019,112682745.0,5.04,-3.12,-0.21,4.34
2023-09-14,002137,6.56,6.5,6.65,6.42,119468,77754548.0,3.52,-0.46,-0.03,3.01
2023-09-15,002137,6.52,6.38,6.52,6.34,106210,67871569.5,2.77,-1.85,-0.12,2.68
2023-09-18,002137,6.35,6.38,6.44,6.29,74151,47259846.0,2.35,0.0,0.0,1.87
2023-09-19,002137,6.35,6.23,6.37,6.22,83289,52139258.5,2.35,-2.35,-0.15,2.1
2023-09-20,002137,6.2,6.21,6.29,6.2,55370,34556593.0,1.44,-0.32,-0.02,1.4
2023-09-21,002137,6.17,6.26,6.3,6.17,72327,45106560.5,2.09,0.81,0.05,1.82
2023-09-22,002137,6.24,6.37,6.39,6.18,98828,62377368.3,3.35,1.76,0.11,2.49
2023-09-25,002137,6.36,6.32,6.39,6.28,78807,49860835.0,1.73,-0.78,-0.05,1.99
2023-09-26,002137,6.28,6.26,6.35,6.25,77311,48601440.0,1.58,-0.95,-0.06,1.95
2023-09-27,002137,6.24,6.26,6.31,6.18,65629,41055117.0,2.08,0.0,0.0,1.66
2023-09-28,002137,6.26,6.4,6.53,6.26,134917,86421812.0,4.31,2.24,0.14,3.4
2023-10-09,002137,6.43,6.45,6.47,6.39,100369,64575513.0,1.25,0.78,0.05,2.53
2023-10-10,002137,6.45,6.58,6.6,6.42,114830,75251885.6,2.79,2.02,0.13,2.9
2023-10-11,002137,6.58,6.64,6.67,6.5,119708,78982625.0,2.58,0.91,0.06,3.02
2023-10-12,002137,6.64,6.68,6.73,6.6,120216,80003811.0,1.96,0.6,0.04,3.03
2023-10-13,002137,6.63,6.67,6.71,6.6,116807,77759682.0,1.65,-0.15,-0.01,2.95
2023-10-16,002137,6.65,6.53,6.65,6.48,95834,62764525.0,2.55,-2.1,-0.14,2.42
2023-10-17,002137,6.52,6.52,6.58,6.44,76816,49891138.0,2.14,-0.15,-0.01,1.94
2023-10-18,002137,6.52,6.41,6.52,6.36,63596,40785660.4,2.45,-1.69,-0.11,1.6
2023-10-19,002137,6.41,6.44,6.7,6.37,121602,79413581.8,5.15,0.47,0.03,3.07
2023-10-20,002137,6.46,6.21,6.56,6.2,121613,76773741.2,5.59,-3.57,-0.23,3.07
2023-10-23,002137,6.15,6.04,6.3,6.0,94455,57756148.2,4.83,-2.74,-0.17,2.38
2023-10-24,002137,6.04,6.21,6.23,5.97,90407,55544515.8,4.3,2.81,0.17,2.28
2023-10-25,002137,6.21,6.36,6.38,6.19,76311,48272863.0,3.06,2.42,0.15,1.93
2023-10-26,002137,6.3,6.33,6.35,6.22,62962,39658001.0,2.04,-0.47,-0.03,1.59
2023-10-27,002137,6.3,6.34,6.38,6.16,92757,58158559.1,3.48,0.16,0.01,2.34
2023-10-30,002137,6.35,6.97,6.97,6.33,625951,429138848.4,10.09,9.94,0.63,15.79
2023-10-31,002137,6.85,6.72,6.93,6.7,548941,371353655.4,3.3,-3.59,-0.25,13.85
2023-11-01,002137,6.79,6.73,6.82,6.66,281201,189487458.6,2.38,0.15,0.01,7.09
2023-11-02,002137,6.81,6.78,7.08,6.75,460094,316241070.4,4.9,0.74,0.05,11.61
2023-11-03,002137,6.81,6.83,6.87,6.69,297752,202090776.1,2.65,0.74,0.05,7.51
2023-11-06,002137,6.87,6.87,6.89,6.79,260930,178535332.6,1.46,0.59,0.04,6.58
2023-11-07,002137,6.85,7.0,7.01,6.83,289908,201813077.3,2.62,1.89,0.13,7.31
2023-11-08,002137,6.95,7.38,7.7,6.94,1077163,804748015.1,10.86,5.43,0.38,27.17
2023-11-09,002137,7.31,7.03,7.38,7.01,678378,484804838.8,5.01,-4.74,-0.35,17.11
2023-11-10,002137,7.07,6.94,7.12,6.89,321106,224020532.1,3.27,-1.28,-0.09,8.1
2023-11-13,002137,6.96,7.21,7.3,6.96,450967,324356055.4,4.9,3.89,0.27,11.38
2023-11-14,002137,7.17,7.3,7.39,7.01,422260,305619661.3,5.27,1.25,0.09,10.65
2023-11-15,002137,7.35,7.25,7.66,7.2,399594,293176770.0,6.3,-0.68,-0.05,10.08
2023-11-16,002137,7.18,7.27,7.32,7.15,247798,179959389.5,2.34,0.28,0.02,6.25
2023-11-17,002137,7.26,7.31,7.36,7.21,223284,162903071.5,2.06,0.55,0.04,5.63
2023-11-20,002137,7.3,7.42,7.45,7.25,267855,197615374.8,2.74,1.5,0.11,6.76
2023-11-21,002137,7.42,7.29,7.44,7.25,230524,168919258.7,2.56,-1.75,-0.13,5.82
2023-11-22,002137,7.28,8.02,8.02,7.22,1068146,839703309.4,10.97,10.01,0.73,26.94
2023-11-23,002137,8.82,8.82,8.82,7.82,968326,839188936.0,12.47,9.98,0.8,24.43
2023-11-24,002137,9.5,8.85,9.7,8.5,2369613,2255003452.4,13.61,0.34,0.03,59.78
2023-11-27,002137,7.97,7.97,8.39,7.97,1628102,1306524275.1,4.75,-9.94,-0.88,41.07
2023-11-28,002137,7.6,7.56,7.96,7.37,1224445,930672588.9,7.4,-5.14,-0.41,30.89
2023-11-29,002137,7.46,7.33,7.65,7.32,771316,574395450.3,4.37,-3.04,-0.23,19.46
2023-11-30,002137,7.29,7.17,7.37,7.05,662862,475200559.1,4.37,-2.18,-0.16,16.72
2023-12-01,002137,7.11,7.33,7.35,7.11,567326,411914455.0,3.35,2.23,0.16,14.31
2023-12-04,002137,7.3,7.38,7.45,7.29,450139,332732107.4,2.18,0.68,0.05,11.36
2023-12-05,002137,7.37,7.21,7.39,7.21,311570,226212334.0,2.44,-2.3,-0.17,7.86
2023-12-06,002137,7.21,7.34,7.43,7.14,352892,257653828.3,4.02,1.8,0.13,8.9
2023-12-07,002137,7.34,7.4,7.45,7.25,371431,274620387.0,2.72,0.82,0.06,9.37
2023-12-08,002137,7.35,7.19,7.4,7.16,337291,244294753.0,3.24,-2.84,-0.21,8.51
2023-12-11,002137,7.14,7.25,7.25,7.11,214578,154409917.0,1.95,0.83,0.06,5.41
2023-12-12,002137,7.26,7.29,7.32,7.2,219118,159314852.9,1.66,0.55,0.04,5.53
2023-12-13,002137,7.24,7.18,7.31,7.17,182085,131258113.2,1.92,-1.51,-0.11,4.59
2023-12-14,002137,7.17,7.17,7.31,7.16,182413,131741237.0,2.09,-0.14,-0.01,4.6
2023-12-15,002137,7.17,7.18,7.23,7.1,166247,119274326.0,1.81,0.14,0.01,4.19
2023-12-18,002137,7.18,7.03,7.18,6.98,197409,139231097.9,2.79,-2.09,-0.15,4.98
2023-12-19,002137,7.0,7.04,7.08,6.97,121136,85168349.0,1.56,0.14,0.01,3.06
2023-12-20,002137,7.04,6.91,7.07,6.9,143835,100358968.0,2.41,-1.85,-0.13,3.63
2023-12-21,002137,6.9,6.9,6.93,6.76,181513,124267720.0,2.46,-0.14,-0.01,4.58
2023-12-22,002137,6.9,6.72,6.95,6.68,206906,140787947.0,3.91,-2.61,-0.18,5.22
2023-12-25,002137,6.74,6.68,6.83,6.62,126779,84855067.0,3.13,-0.6,-0.04,3.2
2023-12-26,002137,6.68,6.48,6.7,6.47,153483,100410416.0,3.44,-2.99,-0.2,3.87
2023-12-27,002137,6.52,6.61,6.63,6.49,114276,75176847.0,2.16,2.01,0.13,2.88
2023-12-28,002137,6.61,6.69,6.73,6.48,137852,91563404.0,3.78,1.21,0.08,3.48
2023-12-29,002137,6.66,6.94,7.08,6.66,295469,204324528.0,6.28,3.74,0.25,7.45
2024-01-02,002137,6.94,6.97,7.05,6.93,195625,136790462.0,1.73,0.43,0.03,4.93
2024-01-03,002137,6.93,6.92,7.01,6.85,143868,99537728.0,2.3,-0.72,-0.05,3.63
2024-01-04,002137,6.92,6.97,7.01,6.87,199250,138855000.0,2.02,0.72,0.05,5.03
2024-01-05,002137,7.0,6.81,7.03,6.77,174160,119783644.0,3.73,-2.3,-0.16,4.39
2024-01-08,002137,6.75,6.64,6.8,6.62,123794,82960001.0,2.64,-2.5,-0.17,3.12
2024-01-09,002137,6.63,6.66,6.78,6.61,111685,74748144.0,2.56,0.3,0.02,2.82
2024-01-10,002137,6.62,6.49,6.65,6.45,104254,67991296.0,3.0,-2.55,-0.17,2.63
2024-01-11,002137,6.47,6.69,6.7,6.46,119330,78964318.0,3.7,3.08,0.2,3.01
2024-01-12,002137,6.67,6.49,6.69,6.49,117734,77337049.0,2.99,-2.99,-0.2,2.97
2024-01-15,002137,6.5,6.51,6.54,6.41,82132,53324167.5,2.0,0.31,0.02,2.07
2024-01-16,002137,6.52,6.46,6.52,6.34,99495,63826508.0,2.76,-0.77,-0.05,2.51
2024-01-17,002137,6.45,6.3,6.46,6.3,71231,45461682.0,2.48,-2.48,-0.16,1.8
2024-01-18,002137,6.22,6.25,6.32,6.07,133323,82462251.0,3.97,-0.79,-0.05,3.36
2024-01-19,002137,6.27,6.18,6.36,6.16,93185,58292354.0,3.2,-1.12,-0.07,2.35
2024-01-22,002137,6.17,5.79,6.2,5.72,146522,87202777.5,7.77,-6.31,-0.39,3.7
2024-01-23,002137,5.73,5.72,5.78,5.64,121272,69198273.0,2.42,-1.21,-0.07,3.06
2024-01-24,002137,5.74,5.87,5.89,5.6,144344,83288888.0,5.07,2.62,0.15,3.64
2024-01-25,002137,5.84,6.0,6.02,5.8,143918,85629245.9,3.75,2.21,0.13,3.63
2024-01-26,002137,5.96,6.01,6.16,5.95,129398,78408041.0,3.5,0.17,0.01,3.26
2024-01-29,002137,6.01,5.74,6.05,5.74,121226,70734615.0,5.16,-4.49,-0.27,3.06
2024-01-30,002137,5.66,5.54,5.82,5.53,110447,62611510.0,5.05,-3.48,-0.2,2.79
2024-01-31,002137,5.41,5.1,5.48,5.07,180677,94972294.9,7.4,-7.94,-0.44,4.56
2024-02-01,002137,5.12,4.98,5.12,4.87,146861,73361682.0,4.9,-2.35,-0.12,3.7
2024-02-02,002137,4.99,4.76,5.16,4.56,163507,79473243.0,12.05,-4.42,-0.22,4.12
2024-02-05,002137,4.68,4.28,4.68,4.28,178169,77244826.0,8.4,-10.08,-0.48,4.49
2024-02-06,002137,4.08,4.15,4.38,3.85,305545,123137634.0,12.38,-3.04,-0.13,7.71
2024-02-07,002137,4.16,3.91,4.19,3.79,310443,123617949.1,9.64,-5.78,-0.24,7.83
2024-02-08,002137,3.96,4.24,4.28,3.78,297989,119492106.0,12.79,8.44,0.33,7.52
2024-02-19,002137,4.3,4.52,4.53,4.28,270921,120466334.6,5.9,6.6,0.28,6.83
2024-02-20,002137,4.52,4.65,4.68,4.37,183992,83795801.1,6.86,2.88,0.13,4.64
2024-02-21,002137,4.61,4.73,4.92,4.56,230178,110189668.5,7.74,1.72,0.08,5.81
2024-02-22,002137,4.73,4.97,4.97,4.73,232350,113200997.0,5.07,5.07,0.24,5.86
2024-02-23,002137,4.96,5.17,5.18,4.95,223442,113194081.2,4.63,4.02,0.2,5.64
2024-02-26,002137,5.17,5.31,5.41,5.12,260315,137116280.0,5.61,2.71,0.14,6.57
2024-02-27,002137,5.27,5.48,5.48,5.18,168365,90418927.0,5.65,3.2,0.17,4.25
2024-02-28,002137,5.48,4.96,5.64,4.95,354391,187783812.0,12.59,-9.49,-0.52,8.94
2024-02-29,002137,4.88,5.23,5.23,4.88,240977,123566314.0,7.06,5.44,0.27,6.08
2024-03-01,002137,5.23,5.42,5.42,5.21,208535,110880815.8,4.02,3.63,0.19,5.26
2024-03-04,002137,5.43,5.41,5.47,5.23,176006,94296290.0,4.43,-0.18,-0.01,4.44
2024-03-05,002137,5.38,5.4,5.64,5.3,289712,157960210.0,6.28,-0.18,-0.01,7.31
2024-03-06,002137,5.4,5.42,5.47,5.29,209154,112673571.2,3.33,0.37,0.02,5.28
2024-03-07,002137,5.46,5.29,5.52,5.28,186446,100676823.0,4.43,-2.4,-0.13,4.7
2024-03-08,002137,5.28,5.45,5.46,5.25,173479,93155650.0,3.97,3.02,0.16,4.38
2024-03-11,002137,5.41,5.48,5.48,5.33,152252,82265021.0,2.75,0.55,0.03,3.84
2024-03-12,002137,5.53,5.58,5.64,5.48,220970,122884079.1,2.92,1.82,0.1,5.57
2024-03-13,002137,5.6,5.63,5.68,5.56,186638,104879689.2,2.15,0.9,0.05,4.71
2024-03-14,002137,5.6,5.5,5.62,5.4,177428,97860723.0,3.91,-2.31,-0.13,4.48
2024-03-15,002137,5.48,5.56,5.56,5.42,132279,72715432.9,2.55,1.09,0.06,3.34
2024-03-18,002137,5.59,5.71,5.71,5.57,146310,82580184.0,2.52,2.7,0.15,3.69
2024-03-19,002137,5.74,5.69,5.76,5.66,137316,78414108.7,1.75,-0.35,-0.02,3.46
2024-03-20,002137,5.69,5.82,5.85,5.69,173775,100479046.0,2.81,2.28,0.13,4.38
2024-03-21,002137,5.81,5.85,5.89,5.75,162396,94612236.1,2.41,0.52,0.03,4.1
2024-03-22,002137,5.83,5.83,5.88,5.71,172743,100015977.0,2.91,-0.34,-0.02,4.36
2024-03-25,002137,5.8,5.58,5.81,5.57,149602,85504900.7,4.12,-4.29,-0.25,3.77
2024-03-26,002137,5.57,5.53,5.65,5.42,138942,77045345.0,4.12,-0.9,-0.05,3.5
2024-03-27,002137,5.54,5.28,5.54,5.28,131925,71070966.0,4.7,-4.52,-0.25,3.33
2024-03-28,002137,5.28,5.5,5.53,5.27,154255,83921768.9,4.92,4.17,0.22,3.89
2024-03-29,002137,5.5,5.62,5.75,5.42,261855,146083566.2,6.0,2.18,0.12,6.6
2024-04-01,002137,5.6,5.83,5.87,5.58,261714,150520850.6,5.16,3.74,0.21,6.6
2024-04-02,002137,5.8,5.72,5.82,5.64,184003,105072050.4,3.09,-1.89,-0.11,4.64
2024-04-03,002137,5.7,5.58,5.74,5.49,162134,90310070.5,4.37,-2.45,-0.14,4.09
2024-04-08,002137,5.55,5.38,5.61,5.36,130133,70897349.2,4.48,-3.58,-0.2,3.28
2024-04-09,002137,5.45,5.53,5.54,5.35,143361,78460794.4,3.53,2.79,0.15,3.62
2024-04-10,002137,5.54,5.29,5.55,5.21,159905,85206783.0,6.15,-4.34,-0.24,4.03
2024-04-11,002137,5.27,5.29,5.37,5.14,119635,63386352.0,4.35,0.0,0.0,3.02
2024-04-12,002137,5.32,5.17,5.39,5.17,114532,60086367.5,4.16,-2.27,-0.12,2.89
2024-04-15,002137,5.12,4.78,5.18,4.66,242069,117203383.8,10.06,-7.54,-0.39,6.11
2024-04-16,002137,4.75,4.3,4.77,4.3,223202,98069934.0,9.83,-10.04,-0.48,5.63
2024-04-17,002137,4.35,4.67,4.73,4.35,252718,116905264.5,8.84,8.6,0.37,6.37
2024-04-18,002137,4.7,4.63,4.76,4.57,168271,78568416.0,4.07,-0.86,-0.04,4.24
2024-04-19,002137,4.66,4.56,4.68,4.51,128278,58704113.0,3.67,-1.51,-0.07,3.24
2024-04-22,002137,4.58,4.49,4.6,4.36,115909,51953229.0,5.26,-1.54,-0.07,2.92
2024-04-23,002137,4.57,4.67,4.72,4.53,140358,65200481.0,4.23,4.01,0.18,3.54
2024-04-24,002137,4.72,4.9,4.9,4.7,117081,56432932.0,4.28,4.93,0.23,2.95
2024-04-25,002137,4.89,4.91,4.99,4.85,102881,50711092.0,2.86,0.2,0.01,2.59
2024-04-26,002137,4.93,5.06,5.1,4.86,113044,56729354.0,4.89,3.05,0.15,2.85
2024-04-29,002137,5.08,5.26,5.27,5.08,103672,54095122.8,3.75,3.95,0.2,2.61
2024-04-30,002137,5.26,5.23,5.28,5.12,97953,50989477.0,3.04,-0.57,-0.03,2.47
2024-05-06,002137,5.28,5.24,5.36,5.2,103625,54650866.4,3.06,0.19,0.01,2.61
2024-05-07,002137,5.26,5.26,5.3,5.21,75215,39521144.0,1.72,0.38,0.02,1.9
2024-05-08,002137,5.25,5.16,5.28,5.16,83382,43375768.0,2.28,-1.9,-0.1,2.1
2024-05-09,002137,5.19,5.21,5.25,5.15,65887,34404847.0,1.94,0.97,0.05,1.66
2024-05-10,002137,5.21,5.15,5.25,5.11,74410,38355908.0,2.69,-1.15,-0.06,1.88
2024-05-13,002137,5.11,4.99,5.12,4.95,92479,46416765.0,3.3,-3.11,-0.16,2.33
2024-05-14,002137,4.98,5.1,5.15,4.98,88862,45067878.0,3.41,2.2,0.11,2.24
2024-05-15,002137,5.06,5.08,5.22,5.0,123634,63240712.0,4.31,-0.39,-0.02,3.12
2024-05-16,002137,5.09,5.14,5.21,5.09,100488,51915655.6,2.36,1.18,0.06,2.53
2024-05-17,002137,5.14,5.26,5.26,5.08,97226,50502068.0,3.5,2.33,0.12,2.45
2024-05-20,002137,5.29,5.36,5.4,5.23,155514,82946276.0,3.23,1.9,0.1,3.92
2024-05-21,002137,5.35,5.3,5.37,5.25,93935,49878633.0,2.24,-1.12,-0.06,2.37
2024-05-22,002137,5.32,5.41,5.42,5.27,99771,53516938.0,2.83,2.08,0.11,2.52
2024-05-23,002137,5.47,5.22,5.48,5.2,120833,64067235.0,5.18,-3.51,-0.19,3.05
2024-05-24,002137,5.22,5.11,5.28,5.1,96034,49579455.0,3.45,-2.11,-0.11,2.42
2024-05-27,002137,5.14,5.17,5.18,5.03,106443,54462989.0,2.94,1.17,0.06,2.68
2024-05-28,002137,5.16,5.14,5.26,5.08,108088,55908715.2,3.48,-0.58,-0.03,2.73
2024-05-29,002137,5.12,5.07,5.19,5.04,82604,42181952.2,2.92,-1.36,-0.07,2.08
2024-05-30,002137,5.05,5.06,5.12,4.96,65223,33009523.3,3.16,-0.2,-0.01,1.65
2024-05-31,002137,5.05,5.19,5.21,5.05,90904,46898892.4,3.16,2.57,0.13,2.29
2024-06-03,002137,5.19,5.01,5.22,4.98,104181,52765760.0,4.62,-3.47,-0.18,2.63
2024-06-04,002137,4.99,4.85,5.01,4.75,132705,64046827.6,5.19,-3.19,-0.16,3.35
2024-06-05,002137,4.83,4.78,4.87,4.75,82193,39564823.0,2.47,-1.44,-0.07,2.07
2024-06-06,002137,4.81,4.52,4.89,4.41,154828,71141884.6,10.04,-5.44,-0.26,3.91
2024-06-07,002137,4.6,4.71,4.73,4.57,118252,55101043.2,3.54,4.2,0.19,2.98
2024-06-11,002137,4.71,4.84,4.86,4.59,123283,58519684.4,5.73,2.76,0.13,3.11
2024-06-12,002137,4.87,4.9,4.95,4.85,86351,42368337.0,2.07,1.24,0.06,2.18
2024-06-13,002137,4.93,4.86,4.97,4.84,72731,35549370.4,2.65,-0.82,-0.04,1.83
2024-06-14,002137,4.88,4.85,4.89,4.79,61643,29849211.0,2.06,-0.21,-0.01,1.55
2024-06-17,002137,4.84,4.87,4.92,4.78,79502,38743653.0,2.89,0.41,0.02,2.01
2024-06-18,002137,4.88,5.03,5.04,4.87,94684,47173000.6,3.49,3.29,0.16,2.39
2024-06-19,002137,5.03,5.06,5.11,5.02,80408,40664422.7,1.79,0.6,0.03,2.03
2024-06-20,002137,5.05,4.89,5.07,4.88,78553,38862046.4,3.75,-3.36,-0.17,1.98
2024-06-21,002137,4.87,4.8,4.88,4.75,71036,34157954.6,2.66,-1.84,-0.09,1.79
2024-06-24,002137,4.77,4.57,4.79,4.54,92476,42889051.0,5.21,-4.79,-0.23,2.33
2024-06-25,002137,4.57,4.49,4.62,4.44,90343,40874223.0,3.94,-1.75,-0.08,2.28
2024-06-26,002137,4.46,4.8,4.82,4.43,106356,49282287.0,8.69,6.9,0.31,2.68
2024-06-27,002137,4.8,4.67,4.84,4.67,76604,36305368.0,3.54,-2.71,-0.13,1.93
2024-06-28,002137,4.67,4.76,5.03,4.65,141596,68254491.8,8.14,1.93,0.09,3.57
2024-07-01,002137,4.73,4.7,4.75,4.58,113261,52739413.2,3.57,-1.26,-0.06,2.86
2024-07-02,002137,4.71,4.8,4.86,4.69,101705,48841307.3,3.62,2.13,0.1,2.57
2024-07-03,002137,4.81,4.76,4.83,4.73,65396,31235765.6,2.08,-0.83,-0.04,1.65
2024-07-04,002137,4.76,4.58,4.79,4.58,80349,37326730.3,4.41,-3.78,-0.18,2.03
2024-07-05,002137,4.57,4.68,4.72,4.51,94195,43511767.0,4.59,2.18,0.1,2.38
2024-07-08,002137,4.64,4.47,4.66,4.46,94004,42446760.0,4.27,-4.49,-0.21,2.37
2024-07-09,002137,4.47,4.64,4.65,4.44,105913,48349684.4,4.7,3.8,0.17,2.67
2024-07-10,002137,4.59,4.54,4.62,4.51,64142,29270925.0,2.37,-2.16,-0.1,1.62
2024-07-11,002137,4.63,4.74,4.76,4.63,98122,46106238.1,2.86,4.41,0.2,2.47
2024-07-12,002137,4.74,4.66,4.76,4.65,64279,30192158.0,2.32,-1.69,-0.08,1.62
2024-07-15,002137,4.65,4.57,4.69,4.53,68874,31498314.0,3.43,-1.93,-0.09,1.74
2024-07-16,002137,4.58,4.61,4.61,4.53,64390,29504423.0,1.75,0.88,0.04,1.62
2024-07-17,002137,4.56,4.47,4.62,4.46,77645,35013346.0,3.47,-3.04,-0.14,1.96
2024-07-18,002137,4.43,4.34,4.46,4.24,109420,47132934.4,4.92,-2.91,-0.13,2.76
2024-07-19,002137,4.33,4.43,4.48,4.29,79287,35025651.0,4.38,2.07,0.09,2.0
2024-07-22,002137,4.44,4.6,4.72,4.43,124063,56757294.7,6.55,3.84,0.17,3.13
2024-07-23,002137,4.64,4.51,4.66,4.5,68407,31352218.0,3.48,-1.96,-0.09,1.73
2024-07-24,002137,4.5,4.38,4.51,4.36,83922,37049125.0,3.33,-2.88,-0.13,2.12
2024-07-25,002137,4.39,4.41,4.48,4.3,62209,27276882.0,4.11,0.68,0.03,1.57
2024-07-26,002137,4.47,4.54,4.55,4.42,67458,30369589.4,2.95,2.95,0.13,1.7
2024-07-29,002137,4.56,4.57,4.61,4.47,67506,30680031.3,3.08,0.66,0.03,1.7
2024-07-30,002137,4.57,4.57,4.62,4.52,50718,23229843.0,2.19,0.0,0.0,1.28
2024-07-31,002137,4.58,4.69,4.72,4.56,76577,35756174.2,3.5,2.63,0.12,1.93
2024-08-01,002137,4.7,4.71,4.78,4.68,69894,33016970.6,2.13,0.43,0.02,1.76
2024-08-02,002137,4.68,4.61,4.73,4.59,58328,27184224.0,2.97,-2.12,-0.1,1.47
2024-08-05,002137,4.57,4.47,4.66,4.47,82491,37566976.0,4.12,-3.04,-0.14,2.08
2024-08-06,002137,4.51,4.6,4.62,4.49,78627,35768853.0,2.91,2.91,0.13,1.98
2024-08-07,002137,4.58,4.58,4.66,4.57,60655,27951710.8,1.96,-0.43,-0.02,1.53
2024-08-08,002137,4.6,4.57,4.6,4.46,63717,28910880.0,3.06,-0.22,-0.01,1.61
2024-08-09,002137,4.6,4.54,4.63,4.53,48761,22282071.0,2.19,-0.66,-0.03,1.23
2024-08-12,002137,4.5,4.47,4.54,4.45,62146,27929239.0,1.98,-1.54,-0.07,1.57
2024-08-13,002137,4.47,4.54,4.56,4.43,51877,23389353.0,2.91,1.57,0.07,1.31
2024-08-14,002137,4.54,4.7,4.83,4.53,148939,69622001.0,6.61,3.52,0.16,3.76
2024-08-15,002137,4.62,4.8,4.82,4.58,249714,118678609.3,5.11,2.13,0.1,6.3
2024-08-16,002137,4.75,4.81,4.92,4.75,182735,88347584.8,3.54,0.21,0.01,4.61
2024-08-19,002137,4.78,4.75,4.84,4.74,112542,53789148.7,2.08,-1.25,-0.06,2.84
2024-08-20,002137,4.8,4.84,4.86,4.77,178273,86039637.0,1.89,1.89,0.09,4.5
2024-08-21,002137,4.81,4.86,4.97,4.75,188870,92250739.3,4.55,0.41,0.02,4.76
2024-08-22,002137,4.88,4.8,5.1,4.78,168342,82458939.0,6.58,-1.23,-0.06,4.25
2024-08-23,002137,4.74,4.91,5.01,4.72,259672,127157359.4,6.04,2.29,0.11,6.55
2024-08-26,002137,4.93,4.93,5.01,4.79,238733,117150483.6,4.48,0.41,0.02,6.02
2024-08-27,002137,4.89,4.77,4.98,4.75,162424,78434262.3,4.67,-3.25,-0.16,4.1
2024-08-28,002137,4.8,4.84,4.88,4.71,126382,60697049.0,3.56,1.47,0.07,3.19
2024-08-29,002137,4.81,5.11,5.32,4.8,410033,208641375.9,10.74,5.58,0.27,10.34
2024-08-30,002137,5.1,5.15,5.26,5.07,443474,230012416.2,3.72,0.78,0.04,11.19
2024-09-02,002137,5.12,5.08,5.27,5.07,237741,122402968.8,3.88,-1.36,-0.07,6.0
2024-09-03,002137,5.06,5.15,5.16,5.04,174030,88965813.5,2.36,1.38,0.07,4.39
2024-09-04,002137,5.08,5.03,5.11,5.01,148405,74885989.1,1.94,-2.33,-0.12,3.74
2024-09-05,002137,5.07,5.07,5.1,5.01,107107,54100988.0,1.79,0.8,0.04,2.7
2024-09-06,002137,5.06,4.92,5.09,4.9,151091,75094595.8,3.75,-2.96,-0.15,3.81
2024-09-09,002137,4.92,4.91,4.94,4.82,98291,48075566.6,2.44,-0.2,-0.01,2.48
2024-09-10,002137,4.9,5.04,5.08,4.85,188425,93685981.5,4.68,2.65,0.13,4.75
2024-09-11,002137,4.97,4.94,5.01,4.92,106855,52980910.0,1.79,-1.98,-0.1,2.7
2024-09-12,002137,4.92,4.92,4.99,4.92,86770,43027914.3,1.42,-0.4,-0.02,2.19
2024-09-13,002137,4.9,4.81,4.94,4.8,92874,45110695.4,2.85,-2.24,-0.11,2.34
2024-09-18,002137,4.81,4.74,4.85,4.67,90060,42723911.2,3.74,-1.46,-0.07,2.27
2024-09-19,002137,4.77,4.95,4.97,4.72,110040,53662822.0,5.27,4.43,0.21,2.78
2024-09-20,002137,4.94,5.01,5.07,4.92,103775,51918318.3,3.03,1.21,0.06,2.62
2024-09-23,002137,5.02,5.02,5.06,4.98,67429,33857902.0,1.6,0.2,0.01,1.7
2024-09-24,002137,5.03,5.11,5.11,4.98,132252,66865810.4,2.59,1.79,0.09,3.34
2024-09-25,002137,5.12,5.11,5.22,5.08,198073,102009105.1,2.74,0.0,0.0,5.0
2024-09-26,002137,5.1,5.18,5.18,5.07,140811,72311245.5,2.15,1.37,0.07,3.55
2024-09-27,002137,5.22,5.35,5.42,5.18,252096,133389873.5,4.63,3.28,0.17,6.36
2024-09-30,002137,5.5,5.86,5.87,5.4,400511,226421376.3,8.79,9.53,0.51,10.1
2024-10-08,002137,6.45,6.3,6.45,5.88,462374,286223392.8,9.73,7.51,0.44,11.66
2024-10-09,002137,6.14,5.73,6.14,5.73,372417,221111385.1,6.51,-9.05,-0.57,9.39
2024-10-10,002137,5.86,5.76,6.0,5.67,225162,131122002.2,5.76,0.52,0.03,5.68
2024-10-11,002137,5.73,5.58,5.75,5.49,214145,119702738.5,4.51,-3.13,-0.18,5.4
2024-10-14,002137,5.61,5.78,5.78,5.47,186821,105405091.4,5.56,3.58,0.2,4.71
2024-10-15,002137,5.76,5.81,6.04,5.66,276305,161716683.2,6.57,0.52,0.03,6.97
2024-10-16,002137,5.75,5.79,5.86,5.7,155325,89886429.7,2.75,-0.34,-0.02,3.92
2024-10-17,002137,5.88,5.96,6.04,5.87,386804,231429155.8,2.94,2.94,0.17,9.76
2024-10-18,002137,5.99,6.14,6.28,5.81,497478,302371661.2,7.89,3.02,0.18,12.55
2024-10-21,002137,6.14,6.1,6.19,6.02,419568,255886596.2,2.77,-0.65,-0.04,10.58
2024-10-22,002137,6.09,6.22,6.32,6.05,379304,234710510.5,4.43,1.97,0.12,9.57
2024-10-23,002137,6.28,6.09,6.29,6.05,304466,187288323.2,3.86,-2.09,-0.13,7.68
2024-10-24,002137,6.04,6.14,6.28,6.02,242088,148832899.4,4.27,0.82,0.05,6.11
2024-10-25,002137,6.14,6.37,6.37,6.14,345961,217831067.9,3.75,3.75,0.23,8.73
2024-10-28,002137,6.36,6.37,6.43,6.31,284811,181092800.8,1.88,0.0,0.0,7.18
2024-10-29,002137,6.32,6.12,6.32,6.08,319781,197661772.0,3.77,-3.92,-0.25,8.07
2024-10-30,002137,6.09,6.12,6.16,6.04,181940,111107436.1,1.96,0.0,0.0,4.59
2024-10-31,002137,6.09,6.23,6.28,6.08,230256,142742376.2,3.27,1.8,0.11,5.81
2024-11-01,002137,6.2,5.81,6.21,5.79,264439,156797564.2,6.74,-6.74,-0.42,6.67
2024-11-04,002137,5.79,5.95,6.0,5.75,147762,87444451.4,4.3,2.41,0.14,3.73
2024-11-05,002137,5.99,6.14,6.18,5.97,175163,106836950.7,3.53,3.19,0.19,4.42
2024-11-06,002137,6.15,6.19,6.31,6.09,239364,148259396.1,3.58,0.81,0.05,6.04
2024-11-07,002137,6.15,6.33,6.37,6.11,210877,132030437.9,4.2,2.26,0.14,5.32
2024-11-08,002137,6.4,6.38,6.62,6.33,308392,199585701.2,4.58,0.79,0.05,7.78
2024-11-11,002137,6.38,6.51,6.56,6.38,239438,155399424.5,2.82,2.04,0.13,6.04
2024-11-12,002137,6.51,6.41,6.57,6.35,223511,144273221.4,3.38,-1.54,-0.1,5.64
2024-11-13,002137,6.35,6.5,6.58,6.33,180756,116693596.0,3.9,1.4,0.09,4.56
2024-11-14,002137,6.47,6.28,6.54,6.26,164262,104981966.6,4.31,-3.38,-0.22,4.14
2024-11-15,002137,6.25,6.21,6.5,6.21,185860,117973655.9,4.62,-1.11,-0.07,4.69
2024-11-18,002137,6.23,5.86,6.3,5.81,221869,132078964.6,7.89,-5.64,-0.35,5.6
2024-11-19,002137,5.86,6.05,6.05,5.84,160815,95754879.7,3.58,3.24,0.19,4.06
2024-11-20,002137,6.03,6.36,6.37,6.02,207451,129068012.0,5.79,5.12,0.31,5.23
2024-11-21,002137,6.33,6.72,7.0,6.28,677900,456671972.8,11.32,5.66,0.36,17.1
2024-11-22,002137,6.6,6.45,6.84,6.42,563256,373717227.7,6.25,-4.02,-0.27,14.21
2024-11-25,002137,6.54,6.62,6.69,6.21,399127,258592428.6,7.44,2.64,0.17,10.07
2024-11-26,002137,6.56,6.49,6.71,6.45,296754,194532801.0,3.93,-1.96,-0.13,7.49
2024-11-27,002137,6.38,7.14,7.14,6.17,391920,266745824.4,14.95,10.02,0.65,9.89
2024-11-28,002137,7.85,7.85,7.85,7.85,82547,64799661.9,0.0,9.94,0.71,2.08
2024-11-29,002137,8.01,7.48,8.32,7.28,1471604,1135499207.0,13.25,-4.71,-0.37,37.12
2024-12-02,002137,7.17,8.23,8.23,7.17,725395,575606704.8,14.17,10.03,0.75,18.3
2024-12-03,002137,9.05,7.8,9.05,7.68,1591295,1328001993.7,16.65,-5.22,-0.43,40.14
2024-12-04,002137,8.0,7.99,8.43,7.84,1202502,974799909.5,7.56,2.44,0.19,30.33
2024-12-05,002137,7.5,7.67,7.89,7.41,728902,557140565.0,6.01,-4.01,-0.32,18.39
2024-12-06,002137,7.65,7.33,7.65,7.2,638059,468441349.4,5.87,-4.43,-0.34,16.09
2024-12-09,002137,7.31,7.48,7.49,7.2,508052,373075765.4,3.96,2.05,0.15,12.81
2024-12-10,002137,7.69,7.52,7.79,7.41,515630,390181294.7,5.08,0.53,0.04,13.01
2024-12-11,002137,7.42,7.51,7.54,7.37,342709,255456363.7,2.26,-0.13,-0.01,8.64
2024-12-12,002137,7.53,7.8,7.85,7.45,635242,488414104.8,5.33,3.86,0.29,16.02
2024-12-13,002137,7.68,7.62,7.95,7.6,555158,432155124.4,4.49,-2.31,-0.18,14.0
2024-12-16,002137,7.57,7.34,7.66,7.28,355408,263189808.4,4.99,-3.67,-0.28,8.96
2024-12-17,002137,7.34,6.88,7.34,6.84,361921,253889066.3,6.81,-6.27,-0.46,9.13
2024-12-18,002137,6.98,6.95,7.02,6.68,223783,154495031.0,4.94,1.02,0.07,5.64
2024-12-19,002137,6.81,7.65,7.65,6.77,480234,346989041.6,12.66,10.07,0.7,12.11
2024-12-20,002137,8.42,8.42,8.42,8.42,472898,398180520.2,0.0,10.07,0.77,11.93
2024-12-23,002137,9.26,9.26,9.26,8.68,1747601,1612629895.4,6.89,9.98,0.84,44.08
2024-12-24,002137,10.19,10.19,10.19,10.19,101918,103854788.5,0.0,10.04,0.93,2.57
2024-12-25,002137,11.21,11.21,11.21,10.81,1150530,1286074813.9,3.93,10.01,1.02,29.02
2024-12-26,002137,12.33,12.33,12.33,12.33,67942,83772769.6,0.0,9.99,1.12,1.71
2024-12-27,002137,12.33,11.1,12.91,11.1,2266981,2624347930.7,14.68,-9.98,-1.23,57.18
2024-12-30,002137,9.99,9.99,10.36,9.99,1083136,1084014351.9,3.33,-10.0,-1.11,27.32
2024-12-31,002137,9.18,8.99,9.37,8.99,1282166,1156722202.2,3.8,-10.01,-1.0,32.34
2025-01-02,002137,8.58,8.73,9.28,8.28,1572459,1377862973.1,11.12,-2.89,-0.26,39.66
2025-01-03,002137,8.59,7.86,8.7,7.86,1361108,1108596921.7,9.62,-9.97,-0.87,34.33
2025-01-06,002137,7.6,7.53,8.12,7.35,903027,687741565.6,9.8,-4.2,-0.33,22.78
2025-01-07,002137,7.49,7.92,7.93,7.49,1014734,786233058.5,5.84,5.18,0.39,25.59
2025-01-08,002137,7.81,8.08,8.28,7.66,1129480,898348778.9,7.83,2.02,0.16,28.49
2025-01-09,002137,7.95,8.16,8.39,7.87,1082796,879375187.4,6.44,0.99,0.08,27.31
2025-01-10,002137,7.96,7.45,8.11,7.45,925737,720274568.6,8.09,-8.7,-0.71,23.35
2025-01-13,002137,7.16,7.06,7.3,6.95,612822,433366402.8,4.7,-5.23,-0.39,15.46
2025-01-14,002137,7.19,7.77,7.77,7.16,682649,511453204.6,8.64,10.06,0.71,17.22
2025-01-15,002137,7.94,7.94,8.28,7.8,1077779,862361426.0,6.18,2.19,0.17,27.19
2025-01-16,002137,8.1,7.95,8.14,7.8,727926,580192836.5,4.28,0.13,0.01,18.36
2025-01-17,002137,8.04,8.75,8.75,8.04,912027,788188354.6,8.93,10.06,0.8,23.0
2025-01-20,002137,9.14,8.72,9.38,8.7,1705066,1537778300.6,7.77,-0.34,-0.03,43.01
2025-01-21,002137,8.84,8.48,8.98,8.32,1002527,864599279.7,7.57,-2.75,-0.24,25.29
2025-01-22,002137,8.4,8.25,8.7,8.2,812740,686738058.5,5.9,-2.71,-0.23,20.5
2025-01-23,002137,8.43,8.06,8.5,8.06,720373,596027259.1,5.33,-2.3,-0.19,18.17
2025-01-24,002137,7.54,7.93,8.06,7.36,853766,656865316.6,8.68,-1.61,-0.13,21.53
2025-01-27,002137,8.11,7.48,8.15,7.47,534243,410565576.2,8.58,-5.67,-0.45,13.48
2025-02-05,002137,7.77,8.23,8.23,7.77,322888,261330776.5,6.15,10.03,0.75,8.14
2025-02-06,002137,8.15,8.55,8.87,8.08,1220425,1033241185.8,9.6,3.89,0.32,30.78
2025-02-07,002137,8.6,8.9,9.29,8.51,1316297,1155240653.8,9.12,4.09,0.35,33.2
2025-02-10,002137,8.76,8.81,8.91,8.61,966746,844292544.7,3.37,-1.01,-0.09,24.38
2025-02-11,002137,8.77,9.17,9.23,8.72,1135358,1023983479.8,5.79,4.09,0.36,28.64
2025-02-12,002137,9.08,9.05,9.08,8.85,748416,671258429.4,2.51,-1.31,-0.12,18.88
2025-02-13,002137,9.04,8.84,9.18,8.77,712692,638325890.1,4.53,-2.32,-0.21,17.98
2025-02-14,002137,8.76,8.65,8.84,8.6,533786,463345500.3,2.71,-2.15,-0.19,13.46
2025-02-17,002137,8.79,9.52,9.52,8.76,1032776,951674912.9,8.79,10.06,0.87,26.05
2025-02-18,002137,9.8,9.65,10.19,9.52,1822957,1808111367.9,7.04,1.37,0.13,45.98
2025-02-19,002137,9.51,10.27,10.61,9.33,1410198,1411815750.9,13.26,6.42,0.62,35.57
2025-02-20,002137,10.2,9.96,10.2,9.8,921698,915281416.6,3.89,-3.02,-0.31,23.25
2025-02-21,002137,9.9,10.08,10.5,9.58,947644,938465996.6,9.24,1.2,0.12,23.9
2025-02-24,002137,9.9,9.7,9.9,9.68,567574,553782520.2,2.18,-3.77,-0.38,14.32
2025-02-25,002137,9.52,9.59,9.79,9.42,411494,395368669.9,3.81,-1.13,-0.11,10.38
2025-02-26,002137,9.54,10.04,10.23,9.54,872287,869593659.0,7.19,4.69,0.45,22.0
2025-02-27,002137,9.9,9.62,9.9,9.39,598142,579541114.5,5.08,-4.18,-0.42,15.09
2025-02-28,002137,9.46,8.78,9.48,8.75,505349,459416690.9,7.59,-8.73,-0.84,12.75
2025-03-03,002137,8.78,8.99,9.28,8.67,349457,314144456.7,6.95,2.39,0.21,8.81
2025-03-04,002137,8.85,9.13,9.14,8.8,256254,231813542.8,3.78,1.56,0.14,6.46
2025-03-05,002137,9.13,9.2,9.25,9.0,263171,240680194.0,2.74,0.77,0.07,6.64
2025-03-06,002137,9.21,9.25,9.34,9.17,407413,377053678.3,1.85,0.54,0.05,10.28
2025-03-07,002137,9.21,8.99,9.23,8.9,378086,342789086.5,3.57,-2.81,-0.26,9.54
2025-03-10,002137,8.99,9.05,9.05,8.86,224139,200425530.0,2.11,0.67,0.06,5.65
2025-03-11,002137,8.88,9.01,9.07,8.82,205908,184304050.0,2.76,-0.44,-0.04,5.19
2025-03-12,002137,9.03,9.07,9.15,9.02,254313,230939498.1,1.44,0.67,0.06,6.41
2025-03-13,002137,9.08,8.77,9.08,8.67,283916,250011236.0,4.52,-3.31,-0.3,7.16
2025-03-14,002137,8.74,8.9,8.92,8.57,239085,210327075.4,3.99,1.48,0.13,6.03
2025-03-17,002137,8.91,9.14,9.25,8.85,338319,307961366.9,4.49,2.7,0.24,8.53
2025-03-18,002137,9.13,9.09,9.18,9.01,210828,191657576.5,1.86,-0.55,-0.05,5.32
2025-03-19,002137,9.02,9.28,9.5,8.92,454242,419496594.9,6.38,2.09,0.19,11.46
2025-03-20,002137,9.32,9.17,9.4,9.15,379660,352426327.8,2.69,-1.19,-0.11,9.58
2025-03-21,002137,9.08,8.8,9.1,8.8,295953,263027110.9,3.27,-4.03,-0.37,7.46
2025-03-24,002137,8.72,8.34,8.72,8.05,348917,291518574.1,7.61,-5.23,-0.46,8.8
2025-03-25,002137,8.3,8.1,8.34,8.08,175455,143057152.3,3.12,-2.88,-0.24,4.43
2025-03-26,002137,8.07,8.15,8.23,8.07,135675,110530542.0,1.98,0.62,0.05,3.42
2025-03-27,002137,8.1,8.05,8.14,7.94,147314,118750572.3,2.45,-1.23,-0.1,3.72
2025-03-28,002137,8.1,7.94,8.11,7.92,123449,98629942.0,2.36,-1.37,-0.11,3.11
2025-03-31,002137,7.86,7.77,7.89,7.58,172507,133139926.7,3.9,-2.14,-0.17,4.35
2025-04-01,002137,7.8,7.83,7.92,7.76,119448,93672280.0,2.06,0.77,0.06,3.01
2025-04-02,002137,7.79,7.77,7.9,7.75,91646,71573780.0,1.92,-0.77,-0.06,2.31
2025-04-03,002137,7.69,7.7,7.83,7.64,96705,74631583.8,2.45,-0.9,-0.07,2.44
2025-04-07,002137,6.93,6.93,7.14,6.93,93771,65226840.1,2.73,-10.0,-0.77,2.37
2025-04-08,002137,6.39,6.26,6.77,6.24,301091,191467161.0,7.65,-9.67,-0.67,7.59
2025-04-09,002137,6.12,6.54,6.62,5.64,334110,206097329.0,15.65,4.47,0.28,8.43
2025-04-10,002137,6.7,6.74,6.89,6.7,236933,161210188.8,2.91,3.06,0.2,5.98
2025-04-11,002137,6.65,6.89,6.99,6.65,229563,157455061.8,5.04,2.23,0.15,5.79
2025-04-14,002137,7.45,7.58,7.58,7.44,76246,57765293.0,2.03,10.01,0.69,1.92
2025-04-15,002137,7.61,7.28,7.68,7.23,394495,291261493.7,5.94,-3.96,-0.3,9.95
2025-04-16,002137,7.29,7.1,7.35,7.01,192239,137240070.0,4.67,-2.47,-0.18,4.85
2025-04-17,002137,7.09,7.21,7.47,7.06,227455,165167398.0,5.77,1.55,0.11,5.74
2025-04-18,002137,7.19,7.1,7.23,7.05,136613,97099466.0,2.5,-1.53,-0.11,3.45
2025-04-21,002137,7.1,7.29,7.3,7.02,145938,105515651.0,3.94,2.68,0.19,3.68
2025-04-22,002137,7.31,7.28,7.38,7.22,151556,110608124.0,2.19,-0.14,-0.01,3.82
2025-04-23,002137,7.33,7.42,7.44,7.33,175799,130007283.0,1.51,1.92,0.14,4.43
2025-04-24,002137,7.39,7.24,7.45,7.18,136415,99323197.0,3.64,-2.43,-0.18,3.44
2025-04-25,002137,7.24,7.26,7.35,7.2,104290,75841107.0,2.07,0.28,0.02,2.63
2025-04-28,002137,7.23,7.23,7.32,7.12,98954,71369560.0,2.75,-0.41,-0.03,2.5
2025-04-29,002137,7.19,7.3,7.35,7.14,94214,68726386.0,2.9,0.97,0.07,2.38
2025-04-30,002137,7.31,7.48,7.53,7.31,173443,129167046.0,3.01,2.47,0.18,4.37
2025-05-06,002137,7.55,7.73,7.73,7.52,160026,122679591.0,2.81,3.34,0.25,4.04
2025-05-07,002137,7.79,7.7,7.89,7.6,193088,148996413.0,3.75,-0.39,-0.03,4.87
2025-05-08,002137,7.68,7.91,7.92,7.64,205725,161185158.4,3.64,2.73,0.21,5.19
2025-05-09,002137,7.9,7.75,7.9,7.66,148419,115006507.0,3.03,-2.02,-0.16,3.74
2025-05-12,002137,7.83,7.87,7.98,7.77,119551,93635801.0,2.71,1.55,0.12,3.02
2025-05-13,002137,8.0,7.8,8.17,7.78,175927,139075378.0,4.96,-0.89,-0.07,4.44
2025-05-14,002137,7.81,7.82,7.89,7.74,142083,110970393.5,1.92,0.26,0.02,3.58
2025-05-15,002137,8.02,7.67,8.16,7.67,220512,172422297.3,6.27,-1.92,-0.15,5.56
2025-05-16,002137,7.58,7.72,7.78,7.54,156934,121090278.6,3.13,0.65,0.05,3.96
2025-05-19,002137,7.7,7.81,7.82,7.6,120139,92883535.8,2.85,1.17,0.09,3.03
2025-05-20,002137,7.81,7.9,7.9,7.72,136733,107472551.2,2.3,1.15,0.09,3.45
2025-05-21,002137,7.88,7.79,7.88,7.75,106882,83417221.0,1.65,-1.39,-0.11,2.7
2025-05-22,002137,7.8,7.73,7.97,7.7,117912,92127177.0,3.47,-0.77,-0.06,2.97
2025-05-23,002137,7.7,7.56,7.81,7.55,126174,96942496.0,3.36,-2.2,-0.17,3.18
2025-05-26,002137,7.53,7.7,7.7,7.5,78549,60016744.0,2.65,1.85,0.14,1.98
2025-05-27,002137,7.67,7.68,7.7,7.59,73112,55901705.0,1.43,-0.26,-0.02,1.84
2025-05-28,002137,7.69,7.58,7.72,7.53,87043,66117720.0,2.47,-1.3,-0.1,2.2
2025-05-29,002137,7.55,7.81,7.82,7.55,151237,117061826.0,3.56,3.03,0.23,3.81
2025-05-30,002137,7.82,7.62,7.97,7.58,232526,179949547.2,4.99,-2.43,-0.19,5.87
2025-06-03,002137,7.62,7.56,7.78,7.48,140144,106803094.2,3.94,-0.79,-0.06,3.53
2025-06-04,002137,7.56,7.89,8.05,7.53,327321,256193342.1,6.88,4.37,0.33,8.26
2025-06-05,002137,7.78,7.85,7.87,7.77,194234,151812828.6,1.27,-0.51,-0.04,4.9
2025-06-06,002137,7.86,7.88,7.95,7.83,187857,148103728.0,1.53,0.38,0.03,4.74
2025-06-09,002137,7.88,8.0,8.03,7.86,201307,160475077.9,2.16,1.52,0.12,5.08
2025-06-10,002137,8.0,7.87,8.03,7.74,145469,114452122.7,3.63,-1.63,-0.13,3.67
2025-06-11,002137,7.89,7.94,8.1,7.86,159333,126889918.0,3.05,0.89,0.07,4.02
2025-06-12,002137,7.9,7.99,8.14,7.9,166312,133426752.0,3.02,0.63,0.05,4.19
2025-06-13,002137,7.93,7.76,7.98,7.75,146299,114519906.0,2.88,-2.88,-0.23,3.69
2025-06-16,002137,7.71,7.92,8.03,7.7,120504,95297988.7,4.25,2.06,0.16,3.04
2025-06-17,002137,8.05,8.17,8.55,8.05,355537,291533367.4,6.31,3.16,0.25,8.97
2025-06-18,002137,8.14,8.19,8.24,8.1,224945,183817605.9,1.71,0.24,0.02,5.67
2025-06-19,002137,8.12,8.49,8.69,7.99,596997,501135938.0,8.55,3.66,0.3,15.06
2025-06-20,002137,8.4,8.32,8.52,8.17,436530,364178943.3,4.12,-2.0,-0.17,11.01
2025-06-23,002137,8.16,8.51,8.73,8.1,375511,315222221.6,7.57,2.28,0.19,9.47
2025-06-24,002137,8.46,8.5,8.58,8.43,371461,316410846.5,1.76,-0.12,-0.01,9.37
2025-06-25,002137,8.48,8.46,8.55,8.36,299892,252772691.0,2.24,-0.47,-0.04,7.56
2025-06-26,002137,8.46,8.32,8.46,8.28,256747,214678205.4,2.13,-1.65,-0.14,6.48
2025-06-27,002137,8.34,8.27,8.38,8.23,166143,137671688.1,1.8,-0.6,-0.05,4.19
2025-06-30,002137,8.28,8.29,8.36,8.23,149994,124473235.0,1.57,0.24,0.02,3.78
2025-07-01,002137,8.3,8.39,8.43,8.24,210836,176072945.4,2.29,1.21,0.1,5.32
2025-07-02,002137,8.36,8.22,8.36,8.17,168606,138555175.0,2.26,-2.03,-0.17,4.25
2025-07-03,002137,8.18,8.59,8.94,8.18,498445,427650369.6,9.25,4.5,0.37,12.57
2025-07-04,002137,8.5,8.46,8.55,8.41,241163,203976001.0,1.63,-1.51,-0.13,6.08
2025-07-07,002137,8.45,8.71,8.88,8.35,400087,346906549.2,6.26,2.96,0.25,10.09
2025-07-08,002137,8.76,8.69,8.79,8.6,256887,222283102.4,2.18,-0.23,-0.02,6.48
2025-07-09,002137,8.7,8.72,9.06,8.65,347177,305790177.1,4.72,0.35,0.03,8.76
2025-07-10,002137,8.68,8.62,8.8,8.61,208494,180773835.0,2.18,-1.15,-0.1,5.26
2025-07-11,002137,8.61,8.54,8.65,8.47,158733,135322221.0,2.09,-0.93,-0.08,4.0
2025-07-14,002137,8.53,8.67,8.75,8.44,199599,172080427.2,3.63,1.52,0.13,5.03
2025-07-15,002137,8.61,8.5,8.67,8.46,161088,137455566.5,2.42,-1.96,-0.17,4.06
2025-07-16,002137,8.5,8.53,8.58,8.47,99682,84862244.0,1.29,0.35,0.03,2.51
2025-07-17,002137,8.52,8.54,8.56,8.43,107782,91615335.5,1.52,0.12,0.01,2.72
2025-07-18,002137,8.58,8.62,8.65,8.52,155680,133820836.2,1.52,0.94,0.08,3.93
2025-07-21,002137,9.1,9.17,9.48,8.95,790999,726183449.4,6.15,6.38,0.55,19.95
2025-07-22,002137,9.19,8.87,9.25,8.81,488069,435396911.0,4.8,-3.27,-0.3,12.31
2025-07-23,002137,8.83,9.05,9.6,8.72,535108,487816354.5,9.92,2.03,0.18,13.5
2025-07-24,002137,9.0,9.06,9.08,8.96,285761,258108629.2,1.33,0.11,0.01,7.21
2025-07-25,002137,9.01,9.07,9.18,8.94,245373,222292758.6,2.65,0.11,0.01,6.19
2025-07-28,002137,9.09,9.07,9.19,9.02,207758,188867843.0,1.87,0.0,0.0,5.24
2025-07-29,002137,9.01,8.96,9.02,8.88,181670,162248887.2,1.54,-1.21,-0.11,4.58
2025-07-30,002137,8.9,8.86,8.95,8.78,137761,122148707.0,1.9,-1.12,-0.1,3.47
2025-07-31,002137,8.87,8.75,8.92,8.72,127678,112424084.0,2.26,-1.24,-0.11,3.22
2025-08-01,002137,8.7,8.82,8.84,8.69,104618,91696044.2,1.71,0.8,0.07,2.64
2025-08-04,002137,8.76,8.83,8.83,8.66,90591,79248636.5,1.93,0.11,0.01,2.29
2025-08-05,002137,8.85,8.96,9.06,8.84,149915,134317002.9,2.49,1.47,0.13,3.78
2025-08-06,002137,8.97,9.0,9.03,8.91,138958,124744817.9,1.34,0.45,0.04,3.5
2025-08-07,002137,8.95,8.96,9.03,8.93,124623,111725511.1,1.11,-0.44,-0.04,3.14
2025-08-08,002137,9.04,8.82,9.04,8.82,137689,122521295.0,2.46,-1.56,-0.14,3.47
2025-08-11,002137,8.8,8.93,8.97,8.79,115230,102675801.9,2.04,1.25,0.11,2.91
2025-08-12,002137,8.9,8.86,8.95,8.78,135659,119957748.5,1.9,-0.78,-0.07,3.42
2025-08-13,002137,8.85,9.03,9.2,8.83,283203,254854073.5,4.18,1.92,0.17,7.14
2025-08-14,002137,9.06,8.86,9.09,8.82,212212,190115076.8,2.99,-1.88,-0.17,5.35
2025-08-15,002137,8.8,8.86,8.89,8.8,145006,128412955.7,1.02,0.0,0.0,3.66
2025-08-18,002137,8.9,9.04,9.1,8.88,279254,252786365.6,2.48,2.03,0.18,7.04
2025-08-19,002137,9.03,9.17,9.18,8.96,282291,256635019.4,2.43,1.44,0.13,7.12
2025-08-20,002137,9.11,9.19,9.23,9.08,233125,213855733.9,1.64,0.22,0.02,5.88
2025-08-21,002137,9.19,9.14,9.24,9.09,190933,175034447.0,1.63,-0.54,-0.05,4.82
2025-08-22,002137,9.12,9.16,9.16,9.05,173360,157964505.1,1.2,0.22,0.02,4.37
2025-08-25,002137,9.16,9.09,9.19,9.02,225612,205103277.0,1.86,-0.76,-0.07,5.69
2025-08-26,002137,9.06,9.16,9.24,9.0,240415,220051985.1,2.64,0.77,0.07,6.06
2025-08-27,002137,9.17,8.84,9.23,8.83,246820,222876646.6,4.37,-3.49,-0.32,6.23
2025-08-28,002137,8.81,8.76,8.91,8.36,309622,268370149.9,6.22,-0.9,-0.08,7.81
2025-08-29,002137,8.78,8.62,8.8,8.57,163218,141211768.8,2.63,-1.6,-0.14,4.12
2025-09-01,002137,8.61,8.67,8.78,8.6,132266,115145415.6,2.09,0.58,0.05,3.34
2025-09-02,002137,8.65,8.43,8.65,8.31,185122,155797384.5,3.92,-2.77,-0.24,4.67
2025-09-03,002137,8.67,8.3,8.81,8.26,220807,188353489.9,6.52,-1.54,-0.13,5.57
2025-09-04,002137,8.33,8.33,8.55,8.2,186157,156472044.1,4.22,0.36,0.03,4.7
2025-09-05,002137,8.31,8.46,8.47,8.2,131635,109973753.4,3.24,1.56,0.13,3.32
2025-09-08,002137,8.46,8.51,8.62,8.39,122728,104119221.0,2.72,0.59,0.05,3.1
2025-09-09,002137,8.5,8.34,8.5,8.31,96228,80753603.7,2.23,-2.0,-0.17,2.43
2025-09-10,002137,8.3,8.39,8.47,8.3,82311,69201326.4,2.04,0.6,0.05,2.08
2025-09-11,002137,8.45,8.51,8.52,8.28,135264,114078653.0,2.86,1.43,0.12,3.41
2025-09-12,002137,8.66,8.69,8.94,8.65,316446,277657853.7,3.41,2.12,0.18,7.98
2025-09-15,002137,8.65,8.75,8.76,8.54,175553,151294000.3,2.53,0.69,0.06,4.43
2025-09-16,002137,8.74,9.04,9.05,8.68,349522,312226508.3,4.23,3.31,0.29,8.82
2025-09-17,002137,9.03,9.42,9.5,8.98,600897,560216336.8,5.75,4.2,0.38,15.16
2025-09-18,002137,9.4,9.21,9.52,9.08,498230,463330605.6,4.67,-2.23,-0.21,12.57
2025-09-19,002137,9.94,8.98,9.94,8.92,660634,616208150.4,11.07,-2.5,-0.23,16.66
2025-09-22,002137,9.0,8.84,9.07,8.79,343776,305721817.8,3.12,-1.56,-0.14,8.67
2025-09-23,002137,8.95,8.72,8.95,8.53,287517,249399710.4,4.75,-1.36,-0.12,7.25
2025-09-24,002137,8.66,8.86,8.89,8.54,226116,197754272.8,4.01,1.61,0.14,5.7
2025-09-25,002137,8.86,8.63,8.86,8.63,188497,164370516.0,2.6,-2.6,-0.23,4.75
2025-09-26,002137,8.6,8.38,8.6,8.38,153949,130268738.0,2.55,-2.9,-0.25,3.88
2025-09-29,002137,8.38,8.45,8.52,8.21,140690,118272303.0,3.7,0.84,0.07,3.55
2025-09-30,002137,8.49,8.45,8.59,8.43,106744,90628309.6,1.89,0.0,0.0,2.69
2025-10-09,002137,8.45,8.52,8.74,8.45,147676,126193344.5,3.43,0.83,0.07,3.72
2025-10-10,002137,8.46,8.38,8.48,8.36,118772,99944080.0,1.41,-1.64,-0.14,3.0
2025-10-13,002137,8.01,8.12,8.14,7.83,150729,121377453.2,3.7,-3.1,-0.26,3.8
2025-10-14,002137,8.14,7.99,8.38,7.96,132685,107639021.0,5.17,-1.6,-0.13,3.35
2025-10-15,002137,7.98,8.07,8.07,7.92,82603,66168685.8,1.88,1.0,0.08,2.08
2025-10-16,002137,8.0,7.91,8.07,7.86,94882,75362577.0,2.6,-1.98,-0.16,2.39
2025-10-17,002137,8.07,7.86,8.07,7.84,121363,96397292.6,2.91,-0.63,-0.05,3.06
2025-10-20,002137,8.07,7.99,8.08,7.9,92262,73461351.0,2.29,1.65,0.13,2.33
2025-10-21,002137,7.98,8.13,8.13,7.92,131031,105397839.7,2.63,1.75,0.14,3.31
2025-10-22,002137,8.46,8.94,8.94,8.41,546576,479761727.0,6.52,9.96,0.81,13.79
2025-10-23,002137,8.95,8.72,8.98,8.58,532169,462556463.0,4.47,-2.46,-0.22,13.42
2025-10-24,002137,8.72,8.89,8.91,8.63,367363,324246582.4,3.21,1.95,0.17,9.27
2025-10-27,002137,8.91,8.91,9.0,8.88,284103,253352121.0,1.35,0.22,0.02,7.17
2025-10-28,002137,8.87,9.03,9.08,8.81,300603,269549364.1,3.03,1.35,0.12,7.58
2025-10-29,002137,9.0,9.07,9.08,8.91,236028,212855829.0,1.88,0.44,0.04,5.95
2025-10-30,002137,9.06,8.93,9.11,8.92,231465,208542835.9,2.09,-1.54,-0.14,5.84
2025-10-31,002137,8.93,9.05,9.1,8.93,191130,172491052.5,1.9,1.34,0.12,4.82
2025-11-03,002137,9.07,9.21,9.21,9.01,203947,186555449.0,2.21,1.77,0.16,5.14
2025-11-04,002137,9.12,9.21,9.23,9.07,196900,180158034.3,1.74,0.0,0.0,4.97
2025-11-05,002137,9.11,9.13,9.24,9.07,165973,151811429.4,1.85,-0.87,-0.08,4.19
2025-11-06,002137,9.14,9.18,9.18,9.0,186322,169358711.0,1.97,0.55,0.05,4.7
2025-11-07,002137,9.09,9.11,9.25,9.07,147721,135129643.8,1.96,-0.76,-0.07,3.73
2025-11-10,002137,9.08,9.06,9.16,9.01,142173,128897294.8,1.65,-0.55,-0.05,3.59
2025-11-11,002137,9.03,9.15,9.3,9.03,179011,164279982.6,2.98,0.99,0.09,4.52
2025-11-12,002137,9.15,9.08,9.18,9.01,115558,104951272.0,1.86,-0.77,-0.07,2.91
2025-11-13,002137,9.04,9.13,9.17,8.96,110633,100612115.0,2.31,0.55,0.05,2.79
2025-11-14,002137,9.14,9.08,9.22,9.07,132281,121030438.0,1.64,-0.55,-0.05,3.34
2025-11-17,002137,9.1,9.29,9.3,9.08,194850,180120926.0,2.42,2.31,0.21,4.91
2025-11-18,002137,9.27,9.2,9.27,9.13,136407,125293050.4,1.51,-0.97,-0.09,3.44
2025-11-19,002137,9.2,9.0,9.21,8.97,149172,135040335.0,2.61,-2.17,-0.2,3.76
2025-11-20,002137,9.0,9.14,9.2,8.89,206307,187480464.8,3.44,1.56,0.14,5.2
2025-11-21,002137,9.06,9.0,9.22,8.85,205614,185675603.3,4.05,-1.53,-0.14,5.19
2025-11-24,002137,9.03,9.36,9.37,8.99,386803,357287859.0,4.22,4.0,0.36,9.76
2025-11-25,002137,9.31,9.41,9.56,9.28,364322,343831462.8,2.99,0.53,0.05,9.19
2025-11-26,002137,9.45,9.38,9.54,9.3,260535,245290573.7,2.55,-0.32,-0.03,6.57
2025-11-27,002137,9.34,9.24,9.42,9.21,215557,200297425.0,2.24,-1.49,-0.14,5.44
2025-11-28,002137,9.18,9.3,9.51,9.12,217688,201786388.2,4.22,0.65,0.06,5.49
2025-12-01,002137,9.33,9.48,9.5,9.25,255235,240753952.0,2.69,1.94,0.18,6.44
2025-12-02,002137,9.45,9.29,9.47,9.28,156656,146392855.0,2.0,-2.0,-0.19,3.95
2025-12-03,002137,9.26,9.09,9.38,9.05,196025,179414775.0,3.55,-2.15,-0.2,4.94
2025-12-04,002137,9.04,9.47,9.68,8.87,495427,462220807.0,8.91,4.18,0.38,12.5
2025-12-05,002137,9.44,9.42,9.5,9.32,249619,234179708.3,1.9,-0.53,-0.05,6.3
2025-12-08,002137,9.38,9.41,9.47,9.33,192649,180967783.7,1.49,-0.11,-0.01,4.86
2025-12-09,002137,9.39,9.29,9.53,9.28,174265,163612482.1,2.66,-1.28,-0.12,4.4
2025-12-10,002137,9.31,9.43,9.67,9.26,334927,317603360.8,4.41,1.51,0.14,8.45
2025-12-11,002137,9.42,9.07,9.46,9.07,280510,257869084.0,4.14,-3.82,-0.36,7.08
2025-12-12,002137,9.07,8.73,9.12,8.72,264241,234858877.0,4.41,-3.75,-0.34,6.67
2025-12-15,002137,8.76,8.78,9.02,8.66,181692,160380039.9,4.12,0.57,0.05,4.58
2025-12-16,002137,8.7,8.48,8.75,8.48,144929,123922856.3,3.08,-3.42,-0.3,3.66
2025-12-17,002137,8.5,8.41,8.55,8.21,156964,131088358.3,4.01,-0.83,-0.07,3.96
2025-12-18,002137,8.35,8.44,8.55,8.31,97549,82640362.0,2.85,0.36,0.03,2.46
2025-12-19,002137,8.5,8.6,8.9,8.49,166244,144170661.0,4.86,1.9,0.16,4.19
2025-12-22,002137,8.6,8.64,8.72,8.56,93915,81312811.3,1.86,0.47,0.04,2.37
2025-12-23,002137,8.57,8.52,8.62,8.47,91668,78196409.0,1.74,-1.39,-0.12,2.31
2025-12-24,002137,8.54,8.6,8.66,8.46,85166,73074167.0,2.35,0.94,0.08,2.15
2025-12-25,002137,8.6,8.8,8.82,8.6,125035,109214770.0,2.56,2.33,0.2,3.15
2025-12-26,002137,8.75,8.65,8.75,8.59,125433,108710667.0,1.82,-1.7,-0.15,3.16
2025-12-29,002137,8.65,8.68,8.88,8.56,152752,132641060.6,3.7,0.35,0.03,3.85
2025-12-30,002137,8.6,8.67,8.72,8.58,112915,97759057.3,1.61,-0.12,-0.01,2.85
