日期,股票代码,开盘,收盘,最高,最低,成交量,成交额,振幅,涨跌幅,涨跌额,换手率
2011-02-18,002550,37.9,39.22,41.8,36.11,257570,977990301.2,17.78,22.56,7.22,80.49
2011-02-21,002550,38.5,40.8,41.5,38.08,135196,542270861.5,8.72,4.03,1.58,42.25
2011-02-22,002550,40.09,38.19,40.36,38.0,90412,353520513.0,5.78,-6.4,-2.61,28.25
2011-02-23,002550,38.13,39.0,39.47,38.11,51071,198867202.1,3.56,2.12,0.81,15.96
2011-02-24,002550,38.77,38.89,39.16,38.12,42019,162449441.9,2.67,-0.28,-0.11,13.13
2011-02-25,002550,38.6,37.96,38.6,37.5,39077,148513191.1,2.83,-2.39,-0.93,12.21
2011-02-28,002550,37.92,38.83,39.09,37.75,31233,120257871.5,3.53,2.29,0.87,9.76
2011-03-01,002550,38.98,39.13,40.0,38.71,35628,140442326.0,3.32,0.77,0.3,11.13
2011-03-02,002550,38.86,40.71,41.5,38.73,56364,227020496.0,7.08,4.04,1.58,17.61
2011-03-03,002550,41.0,39.9,41.0,39.53,34661,139350468.9,3.61,-1.99,-0.81,10.83
2011-03-04,002550,39.96,41.6,42.48,39.32,50328,208031364.8,7.92,4.26,1.7,15.73
2011-03-07,002550,41.34,41.73,42.44,41.2,38689,161578625.8,2.98,0.31,0.13,12.09
2011-03-08,002550,41.4,41.28,41.6,40.5,31230,127898157.0,2.64,-1.08,-0.45,9.76
2011-03-09,002550,41.1,40.41,41.4,40.38,28220,114982877.2,2.47,-2.11,-0.87,8.82
2011-03-10,002550,40.37,40.42,41.16,40.24,20371,83035280.8,2.28,0.02,0.01,6.37
2011-03-11,002550,40.3,40.21,40.97,40.12,22422,90737490.3,2.1,-0.52,-0.21,7.01
2011-03-14,002550,40.21,40.92,41.27,40.21,21212,86541315.6,2.64,1.77,0.71,6.63
2011-03-15,002550,40.85,39.85,40.87,38.8,31934,126698545.0,5.06,-2.61,-1.07,9.98
2011-03-16,002550,39.7,39.82,40.29,39.51,22868,91299383.2,1.96,-0.08,-0.03,7.15
2011-03-17,002550,39.5,38.94,39.5,38.65,20873,81533525.8,2.13,-2.21,-0.88,6.52
2011-03-18,002550,39.21,39.29,39.67,38.99,12292,48256678.2,1.75,0.9,0.35,3.84
2011-03-21,002550,39.01,39.45,39.53,38.6,18487,72246421.2,2.37,0.41,0.16,5.78
2011-03-22,002550,39.45,39.73,39.78,38.87,15718,61941042.1,2.31,0.71,0.28,4.91
2011-03-23,002550,39.6,39.88,39.94,39.42,13601,53949040.1,1.31,0.38,0.15,4.25
2011-03-24,002550,39.84,39.85,40.46,39.7,15756,63078025.5,1.91,-0.08,-0.03,4.92
2011-03-25,002550,39.7,39.38,39.92,39.29,16178,63967863.5,1.58,-1.18,-0.47,5.06
2011-03-28,002550,39.35,38.53,39.7,38.38,20088,78328046.7,3.35,-2.16,-0.85,6.28
2011-03-29,002550,38.4,38.68,38.83,38.05,16018,61428172.7,2.02,0.39,0.15,5.01
2011-03-30,002550,38.48,37.85,38.68,37.77,11439,43501741.6,2.35,-2.15,-0.83,3.57
2011-03-31,002550,37.88,37.42,38.4,37.4,8565,32308178.8,2.64,-1.14,-0.43,2.68
2011-04-01,002550,37.42,37.8,37.87,37.13,9088,34053810.9,1.98,1.02,0.38,2.84
2011-04-06,002550,37.4,36.95,37.88,36.88,13962,51929268.6,2.65,-2.25,-0.85,4.36
2011-04-07,002550,36.99,37.42,37.45,36.8,7825,29075453.3,1.76,1.27,0.47,2.45
2011-04-08,002550,37.39,37.58,37.74,37.19,7121,26730517.1,1.47,0.43,0.16,2.23
2011-04-11,002550,37.59,37.05,37.89,36.99,10792,40393157.2,2.39,-1.41,-0.53,3.37
2011-04-12,002550,36.95,37.2,37.39,36.95,6780,25149793.0,1.19,0.4,0.15,2.12
2011-04-13,002550,37.26,38.0,38.33,37.1,10510,39792403.2,3.31,2.15,0.8,3.28
2011-04-14,002550,38.0,38.0,38.12,37.6,6230,23575033.6,1.37,0.0,0.0,1.95
2011-04-15,002550,38.02,37.69,38.06,37.22,6887,25884748.4,2.21,-0.82,-0.31,2.15
2011-04-18,002550,37.0,35.81,37.0,35.7,25405,91951300.5,3.45,-4.99,-1.88,7.94
2011-04-19,002550,35.5,34.45,35.5,34.15,19463,67566683.2,3.77,-3.8,-1.36,6.08
2011-04-20,002550,34.46,34.93,35.28,34.2,10283,35685653.6,3.13,1.39,0.48,3.21
2011-04-21,002550,34.95,34.7,34.96,34.47,10260,35561956.6,1.4,-0.66,-0.23,3.21
2011-04-22,002550,34.7,34.84,35.25,34.53,10493,36726581.0,2.07,0.4,0.14,3.28
2011-04-25,002550,34.85,33.4,34.99,33.25,10936,37261403.3,4.99,-4.13,-1.44,3.42
2011-04-26,002550,33.45,34.11,34.19,32.52,10675,35552922.2,5.0,2.13,0.71,3.34
2011-04-27,002550,34.18,33.36,34.18,33.01,5418,18190566.2,3.43,-2.2,-0.75,1.69
2011-04-28,002550,33.38,32.42,33.75,32.35,6116,20118844.3,4.2,-2.82,-0.94,1.91
2011-04-29,002550,31.4,31.81,32.2,30.87,10647,33523853.7,4.1,-1.88,-0.61,3.33
2011-05-03,002550,31.63,32.05,32.11,31.34,4655,14780166.8,2.42,0.75,0.24,1.45
2011-05-04,002550,32.05,31.37,32.05,31.36,4816,15161693.0,2.15,-2.12,-0.68,1.5
2011-05-05,002550,31.3,31.5,31.74,31.0,4043,12668475.4,2.36,0.41,0.13,1.26
2011-05-06,002550,31.2,31.78,31.98,31.06,4066,12886156.7,2.92,0.89,0.28,1.27
2011-05-10,002550,31.85,32.1,32.29,31.6,3468,11093164.5,2.17,1.01,0.32,1.08
2011-05-11,002550,32.16,32.98,33.66,31.9,8600,28396965.2,5.48,2.74,0.88,2.69
2011-05-12,002550,32.9,32.23,32.9,32.18,4498,14616817.8,2.18,-2.27,-0.75,1.41
2011-05-13,002550,32.05,32.53,32.58,32.05,2597,8400793.4,1.64,0.93,0.3,0.81
2011-05-16,002550,32.37,32.02,32.53,32.02,3282,10582792.7,1.57,-1.57,-0.51,1.03
2011-05-17,002550,31.97,32.08,32.4,31.97,2619,8430135.5,1.34,0.19,0.06,0.82
2011-05-18,002550,32.15,31.73,32.6,31.62,5144,16495414.2,3.05,-1.09,-0.35,1.29
2011-05-19,002550,31.75,31.24,32.28,31.06,6250,19687791.2,3.84,-1.54,-0.49,1.56
2011-05-20,002550,31.45,30.9,31.48,30.85,6029,18709933.8,2.02,-1.09,-0.34,1.51
2011-05-23,002550,30.9,28.86,31.2,28.69,10638,31446652.6,8.12,-6.6,-2.04,2.66
2011-05-24,002550,28.5,28.45,28.99,27.2,17357,48594970.0,6.2,-1.42,-0.41,4.34
2011-05-25,002550,28.2,27.0,28.2,26.88,12692,34824965.3,4.64,-5.1,-1.45,3.17
2011-05-26,002550,27.2,26.91,27.45,26.88,9433,25548809.9,2.11,-0.33,-0.09,2.36
2011-05-27,002550,27.0,26.3,27.0,26.02,9268,24516598.0,3.64,-2.27,-0.61,2.32
2011-05-30,002550,26.2,26.39,26.75,26.19,11021,29228312.2,2.13,0.34,0.09,2.76
2011-05-31,002550,26.39,26.8,26.96,26.16,11938,31699491.6,3.03,1.55,0.41,2.98
2011-06-01,002550,26.79,27.4,27.66,26.6,12572,33972930.2,3.96,2.24,0.6,3.14
2011-06-02,002550,27.0,26.58,27.06,26.17,8443,22477836.1,3.25,-2.99,-0.82,2.11
2011-06-03,002550,26.58,27.0,27.2,26.53,7986,21521434.2,2.52,1.58,0.42,2.0
2011-06-07,002550,26.81,27.16,27.3,26.77,6346,17204551.4,1.96,0.59,0.16,1.59
2011-06-08,002550,27.25,26.9,27.25,26.45,6275,16761094.5,2.95,-0.96,-0.26,1.57
2011-06-09,002550,26.85,26.17,26.85,26.14,7142,18873713.6,2.64,-2.71,-0.73,1.79
2011-06-10,002550,26.15,25.72,26.34,25.33,7334,18898978.4,3.86,-1.72,-0.45,1.83
2011-06-13,002550,25.69,26.59,26.98,25.07,13798,36510151.7,7.43,3.38,0.87,3.45
2011-06-14,002550,26.5,26.99,27.16,26.2,11166,29859704.8,3.61,1.5,0.4,2.79
2011-06-15,002550,26.8,26.73,27.13,26.6,5890,15826406.9,1.96,-0.96,-0.26,1.47
2011-06-16,002550,26.8,27.42,28.3,26.8,28598,78850613.8,5.61,2.58,0.69,7.15
2011-06-17,002550,27.75,29.14,29.49,27.73,36131,103830417.1,6.42,6.27,1.72,9.03
2011-06-20,002550,28.66,28.3,29.0,27.8,19791,56089077.3,4.12,-2.88,-0.84,4.95
2011-06-21,002550,28.28,28.57,28.95,27.4,19343,54524656.1,5.48,0.95,0.27,4.84
2011-06-22,002550,28.5,27.87,28.5,27.5,12253,34182563.3,3.5,-2.45,-0.7,3.06
2011-06-23,002550,27.7,28.35,28.49,27.53,11839,33335827.3,3.44,1.72,0.48,2.96
2011-06-24,002550,28.3,28.78,29.1,28.02,18680,53591172.4,3.81,1.52,0.43,4.67
2011-06-27,002550,28.6,28.95,29.28,28.6,13935,40327741.2,2.36,0.59,0.17,3.48
2011-06-28,002550,28.83,29.34,29.5,28.7,13508,39460613.7,2.76,1.35,0.39,3.38
2011-06-29,002550,29.34,28.7,29.5,28.66,9165,26584375.0,2.86,-2.18,-0.64,2.29
2011-06-30,002550,28.62,28.58,29.27,28.48,9794,28247648.5,2.75,-0.42,-0.12,2.45
2011-07-01,002550,28.7,28.78,28.95,28.5,8899,25566580.8,1.57,0.7,0.2,2.22
2011-07-04,002550,28.77,29.26,29.44,28.77,13153,38339484.9,2.33,1.67,0.48,3.29
2011-07-05,002550,29.4,29.59,29.87,29.04,12001,35329743.1,2.84,1.13,0.33,3.0
2011-07-06,002550,29.46,29.85,29.98,29.23,10117,30035785.0,2.53,0.88,0.26,2.53
2011-07-07,002550,29.81,30.12,30.8,29.69,16894,51073322.2,3.72,0.9,0.27,4.22
2011-07-08,002550,29.98,29.55,30.11,29.5,9984,29676510.4,2.03,-1.89,-0.57,2.5
2011-07-11,002550,29.54,29.41,29.6,28.94,9392,27529061.6,2.23,-0.47,-0.14,2.35
2011-07-12,002550,29.11,28.89,29.26,28.81,8701,25214662.2,1.53,-1.77,-0.52,2.18
2011-07-13,002550,28.82,29.45,29.53,28.82,7973,23379322.7,2.46,1.94,0.56,1.99
2011-07-14,002550,29.46,30.45,30.51,29.46,13890,41690622.5,3.57,3.4,1.0,3.47
2011-07-15,002550,30.39,30.86,30.94,29.91,15761,48154485.1,3.38,1.35,0.41,3.94
2011-07-18,002550,30.85,30.39,31.88,30.3,18390,57092756.2,5.12,-1.52,-0.47,4.6
2011-07-19,002550,30.16,29.88,30.35,29.8,8531,25587586.0,1.81,-1.68,-0.51,2.13
2011-07-20,002550,29.88,30.19,30.2,29.61,8165,24458753.9,1.97,1.04,0.31,2.04
2011-07-21,002550,30.2,29.77,30.39,29.72,5306,15853941.0,2.22,-1.39,-0.42,1.33
2011-07-22,002550,29.91,29.83,30.07,29.73,4608,13771769.8,1.14,0.2,0.06,1.15
2011-07-25,002550,29.8,28.33,29.8,28.28,9864,28359839.4,5.1,-5.03,-1.5,2.47
2011-07-26,002550,31.1,31.16,31.16,31.0,13002,40505166.7,0.56,9.99,2.83,3.25
2011-07-27,002550,32.18,34.28,34.28,32.09,86241,288206823.5,7.03,10.01,3.12,21.56
2011-07-28,002550,33.58,32.92,33.7,32.75,51920,172367301.4,2.77,-3.97,-1.36,12.98
2011-08-01,002550,32.46,33.0,33.6,32.3,26082,86471196.6,3.95,0.24,0.08,6.52
2011-08-02,002550,32.6,32.15,32.6,31.19,25285,80413850.0,4.27,-2.58,-0.85,6.32
2011-08-03,002550,31.45,31.79,32.8,31.4,18263,58322983.1,4.35,-1.12,-0.36,4.57
2011-08-04,002550,31.72,32.94,33.18,31.39,24662,79610332.6,5.63,3.62,1.15,6.17
2011-08-05,002550,31.9,33.22,34.44,31.5,41864,140001400.7,8.93,0.85,0.28,10.47
2011-08-08,002550,32.62,34.98,35.97,32.0,65092,223218209.7,11.95,5.3,1.76,16.27
2011-08-09,002550,33.76,34.7,34.98,32.7,38352,130818065.9,6.52,-0.8,-0.28,9.59
2011-08-10,002550,34.88,35.0,35.98,34.35,40012,140899413.4,4.7,0.86,0.3,10.0
2011-08-11,002550,34.0,35.48,35.7,33.65,31305,108474620.0,5.86,1.37,0.48,7.83
2011-08-12,002550,35.62,34.8,35.97,34.8,30309,106999759.0,3.3,-1.92,-0.68,7.58
2011-08-15,002550,34.79,34.88,35.41,34.12,19432,67650516.0,3.71,0.23,0.08,4.86
2011-08-16,002550,34.63,33.59,34.98,33.51,25675,87594407.0,4.21,-3.7,-1.29,6.42
2011-08-17,002550,33.28,33.73,34.17,33.28,12426,42038216.0,2.65,0.42,0.14,3.11
2011-08-18,002550,33.8,34.6,35.25,33.8,24243,83928716.0,4.3,2.58,0.87,6.06
2011-08-19,002550,33.81,33.6,34.35,33.27,16411,55340039.0,3.12,-2.89,-1.0,4.1
2011-08-22,002550,33.55,32.37,33.9,32.34,18129,60068615.0,4.64,-3.66,-1.23,4.53
2011-08-23,002550,32.53,35.61,35.61,32.5,43448,150229696.0,9.61,10.01,3.24,10.86
2011-08-24,002550,36.68,35.94,36.9,35.71,43824,158762019.0,3.34,0.93,0.33,10.96
2011-08-25,002550,35.95,35.72,36.26,35.15,22782,81187603.0,3.09,-0.61,-0.22,5.7
2011-08-26,002550,35.62,36.57,37.07,35.6,26810,98064127.0,4.12,2.38,0.85,6.7
2011-08-29,002550,36.34,35.4,36.36,35.18,21502,76529925.0,3.23,-3.2,-1.17,5.38
2011-08-30,002550,35.65,35.45,35.79,35.0,12177,43095408.0,2.23,0.14,0.05,3.04
2011-08-31,002550,35.44,34.79,35.45,34.25,9897,34421375.0,3.39,-1.86,-0.66,2.47
2011-09-01,002550,34.75,34.79,35.47,34.6,7923,27786878.0,2.5,0.0,0.0,1.98
2011-09-02,002550,34.5,35.18,35.33,33.91,10946,37811462.0,4.08,1.12,0.39,2.74
2011-09-05,002550,34.69,35.05,35.98,34.5,17952,63653371.0,4.21,-0.37,-0.13,4.49
2011-09-06,002550,34.6,33.3,34.9,33.12,15183,51237267.0,5.08,-4.99,-1.75,3.8
2011-09-07,002550,33.5,34.18,34.2,33.5,10736,36411737.0,2.1,2.64,0.88,2.68
2011-09-08,002550,34.19,33.71,34.31,33.65,8715,29586322.0,1.93,-1.38,-0.47,2.18
2011-09-09,002550,33.85,32.8,34.2,32.66,9289,30782265.0,4.57,-2.7,-0.91,2.32
2011-09-13,002550,32.3,32.12,32.49,31.85,6150,19766005.0,1.95,-2.07,-0.68,1.54
2011-09-14,002550,32.3,32.36,32.41,31.22,7958,25332471.0,3.7,0.75,0.24,1.99
2011-09-15,002550,32.2,32.39,32.69,32.2,6070,19675647.0,1.51,0.09,0.03,1.52
2011-09-16,002550,32.4,32.45,33.08,32.3,4845,15790080.0,2.41,0.19,0.06,1.21
2011-09-19,002550,32.3,31.06,32.3,31.0,7998,25090356.0,4.01,-4.28,-1.39,2.0
2011-09-20,002550,31.06,30.6,31.4,30.0,7884,24370900.0,4.51,-1.48,-0.46,1.97
2011-09-21,002550,30.57,31.49,31.56,30.13,10217,31613978.0,4.67,2.91,0.89,2.55
2011-09-22,002550,31.15,30.08,31.16,29.98,9144,27940258.0,3.75,-4.48,-1.41,2.29
2011-09-23,002550,29.71,29.53,29.9,29.2,5797,17120796.0,2.33,-1.83,-0.55,1.45
2011-09-26,002550,29.09,29.27,29.95,29.05,3660,10795123.0,3.05,-0.88,-0.26,0.91
2011-09-27,002550,29.7,29.2,29.8,28.8,4435,12962312.0,3.42,-0.24,-0.07,1.11
2011-09-28,002550,29.55,29.2,29.78,29.06,3557,10471922.0,2.47,0.0,0.0,0.89
2011-09-29,002550,29.1,28.63,29.2,28.41,3782,10903263.0,2.71,-1.95,-0.57,0.95
2011-09-30,002550,28.63,28.65,28.88,28.25,3033,8661214.0,2.2,0.07,0.02,0.76
2011-10-10,002550,28.65,28.7,29.05,28.43,2720,7827927.0,2.16,0.17,0.05,0.68
2011-10-11,002550,29.8,29.0,29.83,28.76,4477,13074532.0,3.73,1.05,0.3,1.12
2011-10-12,002550,28.98,29.85,29.88,28.51,6565,19414669.0,4.72,2.93,0.85,1.64
2011-10-13,002550,29.66,29.99,30.25,29.66,7017,21051760.0,1.98,0.47,0.14,1.75
2011-10-14,002550,29.99,29.83,30.13,29.46,3694,10981777.0,2.23,-0.53,-0.16,0.92
2011-10-17,002550,29.9,29.66,29.98,29.57,6334,18837337.0,1.37,-0.57,-0.17,1.58
2011-10-18,002550,29.4,27.71,29.53,27.71,13908,39637004.0,6.14,-6.57,-1.95,3.48
2011-10-19,002550,27.87,27.48,27.98,27.35,3923,10832285.0,2.27,-0.83,-0.23,0.98
2011-10-20,002550,27.3,26.26,27.52,26.08,7674,20414977.0,5.24,-4.44,-1.22,1.92
2011-10-21,002550,26.3,26.3,26.57,26.13,4056,10697541.0,1.68,0.15,0.04,1.01
2011-10-24,002550,26.5,26.8,27.1,26.12,5907,15731512.0,3.73,1.9,0.5,1.48
2011-10-25,002550,26.8,27.5,27.56,26.8,7311,19909161.0,2.84,2.61,0.7,1.83
2011-10-26,002550,27.15,27.65,27.92,27.15,8578,23759910.0,2.8,0.55,0.15,2.14
2011-10-27,002550,27.65,27.99,28.65,27.65,8663,24458572.0,3.62,1.23,0.34,2.17
2011-10-28,002550,28.18,28.32,28.45,27.9,7778,21911126.0,1.96,1.18,0.33,1.94
2011-10-31,002550,28.34,28.1,28.45,28.05,8898,25115273.0,1.41,-0.78,-0.22,2.22
2011-11-01,002550,27.9,28.04,28.27,27.66,11305,31584982.0,2.17,-0.21,-0.06,2.83
2011-11-02,002550,27.78,28.5,28.57,27.38,9974,27881610.0,4.24,1.64,0.46,2.49
2011-11-03,002550,28.51,28.89,29.59,28.5,16197,47188946.0,3.82,1.37,0.39,4.05
2011-11-04,002550,29.12,28.94,29.4,28.81,9922,28825885.0,2.04,0.17,0.05,2.48
2011-11-07,002550,28.89,28.91,29.35,28.82,6637,19324794.0,1.83,-0.1,-0.03,1.66
2011-11-08,002550,28.62,28.9,29.11,28.62,5897,17038673.0,1.69,-0.03,-0.01,1.47
2011-11-09,002550,28.9,29.6,29.74,28.66,9634,28113204.0,3.74,2.42,0.7,2.41
2011-11-10,002550,29.2,29.21,29.68,29.1,9876,28986939.0,1.96,-1.32,-0.39,2.47
2011-11-11,002550,29.21,29.44,29.98,29.01,10426,30811808.0,3.32,0.79,0.23,2.61
2011-11-14,002550,29.8,30.03,30.13,29.6,13212,39504860.0,1.8,2.0,0.59,3.3
2011-11-15,002550,30.03,30.8,31.18,29.64,21038,64196740.0,5.13,2.56,0.77,5.26
2011-11-16,002550,30.7,29.61,30.8,29.58,14860,44795056.0,3.96,-3.86,-1.19,3.71
2011-11-17,002550,29.77,29.84,30.27,29.5,10439,31156168.0,2.6,0.78,0.23,2.61
2011-11-18,002550,29.58,28.88,29.78,28.83,10921,31950378.0,3.18,-3.22,-0.96,2.73
2011-11-21,002550,28.83,29.08,29.27,28.51,6429,18600684.0,2.63,0.69,0.2,1.61
2011-11-22,002550,28.8,28.77,29.09,28.45,6683,19240763.0,2.2,-1.07,-0.31,1.67
2011-11-23,002550,28.86,28.61,29.03,28.58,5450,15695005.0,1.56,-0.56,-0.16,1.36
2011-11-24,002550,28.45,28.8,28.98,28.12,6401,18223456.0,3.01,0.66,0.19,1.6
2011-11-25,002550,28.75,28.8,29.1,28.62,5953,17192592.0,1.67,0.0,0.0,1.49
2011-11-28,002550,28.81,28.92,29.1,28.62,4230,12205241.0,1.67,0.42,0.12,1.06
2011-11-29,002550,29.2,29.8,29.8,29.02,11710,34633095.0,2.7,3.04,0.88,2.93
2011-11-30,002550,29.95,30.05,31.0,29.2,38213,115961561.0,6.04,0.84,0.25,9.55
2011-12-01,002550,31.18,31.22,31.8,30.41,42641,132804163.0,4.63,3.89,1.17,10.66
2011-12-02,002550,31.0,31.61,32.2,30.75,36560,116055297.0,4.64,1.25,0.39,9.14
2011-12-05,002550,31.45,29.9,31.45,29.8,20013,61057899.0,5.22,-5.41,-1.71,5.0
2011-12-06,002550,29.93,32.6,32.89,29.91,39149,124159877.0,9.97,9.03,2.7,9.79
2011-12-07,002550,32.03,32.35,32.87,31.63,39767,127814587.0,3.8,-0.77,-0.25,9.94
2011-12-08,002550,31.75,31.88,32.5,31.11,28980,92318242.0,4.3,-1.45,-0.47,7.24
2011-12-09,002550,31.47,32.15,32.45,31.21,20299,64955332.0,3.89,0.85,0.27,5.07
2011-12-12,002550,31.9,31.8,33.02,31.72,21042,68191373.0,4.04,-1.09,-0.35,5.26
2011-12-13,002550,31.22,30.09,31.49,30.02,20642,63057692.0,4.62,-5.38,-1.71,5.16
2011-12-14,002550,30.01,28.67,30.3,28.6,16728,49307369.0,5.65,-4.72,-1.42,4.18
2011-12-15,002550,28.45,28.41,29.2,28.21,13200,37877828.0,3.45,-0.91,-0.26,3.3
2011-12-16,002550,28.56,29.17,29.2,27.29,21922,61578895.0,6.72,2.68,0.76,5.48
2011-12-19,002550,28.6,28.58,28.79,27.67,16308,46191717.0,3.84,-2.02,-0.59,4.08
2011-12-20,002550,28.29,28.7,29.25,28.29,12430,35832066.0,3.36,0.42,0.12,3.11
2011-12-21,002550,29.01,27.45,29.17,27.45,12450,35177544.0,5.99,-4.36,-1.25,3.11
2011-12-22,002550,26.95,26.51,27.3,26.01,12470,33201853.0,4.7,-3.42,-0.94,3.12
2011-12-23,002550,26.53,26.88,27.3,26.53,7953,21421072.0,2.9,1.4,0.37,1.99
2011-12-26,002550,26.76,26.13,27.1,26.11,6681,17820674.0,3.68,-2.79,-0.75,1.67
2011-12-27,002550,26.06,25.0,26.26,24.97,9371,23921913.0,4.94,-4.32,-1.13,2.34
2011-12-28,002550,25.17,24.88,25.4,24.11,7498,18644696.0,5.16,-0.48,-0.12,1.87
2011-12-29,002550,24.68,24.81,25.2,24.38,5343,13333042.0,3.3,-0.28,-0.07,1.34
2011-12-30,002550,24.8,25.22,25.38,24.8,4962,12508931.0,2.34,1.65,0.41,1.24
2012-01-04,002550,25.4,25.23,25.86,25.13,8913,22755082.0,2.89,0.04,0.01,2.23
2012-01-05,002550,25.14,23.53,25.14,23.4,8691,20957323.0,6.9,-6.74,-1.7,2.17
2012-01-06,002550,23.5,22.74,23.66,22.16,13326,30144716.0,6.37,-3.36,-0.79,3.33
2012-01-09,002550,22.98,23.9,23.9,22.51,8601,20098771.0,6.11,5.1,1.16,2.15
2012-01-10,002550,23.93,24.92,25.0,23.9,12314,30314525.0,4.6,4.27,1.02,3.08
2012-01-11,002550,24.95,24.8,25.39,24.58,10990,27421192.0,3.25,-0.48,-0.12,2.75
2012-01-12,002550,24.61,24.65,25.14,24.5,7769,19213014.0,2.58,-0.6,-0.15,1.94
2012-01-13,002550,24.85,23.22,24.97,23.2,9445,22580038.0,7.18,-5.8,-1.43,2.36
2012-01-16,002550,23.22,22.2,23.3,22.01,4987,11338458.0,5.56,-4.39,-1.02,1.25
2012-01-17,002550,22.1,23.61,23.7,22.1,7543,17310167.0,7.21,6.35,1.41,1.89
2012-01-18,002550,23.61,22.66,24.09,22.58,7563,17682164.0,6.4,-4.02,-0.95,1.89
2012-01-19,002550,22.66,22.98,23.4,22.45,6954,15999155.0,4.19,1.41,0.32,1.74
2012-01-20,002550,23.1,23.7,23.81,23.05,9086,21289494.0,3.31,3.13,0.72,2.27
2012-01-30,002550,23.7,23.8,24.09,23.06,8032,19072552.0,4.35,0.42,0.1,2.01
2012-01-31,002550,23.81,23.69,23.98,23.43,4082,9651016.0,2.31,-0.46,-0.11,1.02
2012-02-01,002550,23.68,23.9,24.22,23.5,8168,19485307.0,3.04,0.89,0.21,2.04
2012-02-02,002550,23.84,24.15,24.18,23.68,6210,14872830.0,2.09,1.05,0.25,1.55
2012-02-03,002550,24.02,24.55,24.6,23.93,10104,24535454.0,2.77,1.66,0.4,2.53
2012-02-06,002550,24.6,24.32,24.6,24.13,10590,25701850.0,1.91,-0.94,-0.23,2.65
2012-02-07,002550,24.2,23.63,24.2,23.4,10067,23850990.0,3.29,-2.84,-0.69,2.52
2012-02-08,002550,23.46,24.24,24.26,23.46,7773,18612490.0,3.39,2.58,0.61,1.94
2012-02-09,002550,24.04,24.68,24.88,23.9,13960,34156159.0,4.04,1.82,0.44,3.49
2012-02-10,002550,24.52,24.7,24.9,24.45,10368,25546743.0,1.82,0.08,0.02,2.59
2012-02-13,002550,24.52,25.35,25.78,24.29,13712,34499787.0,6.03,2.63,0.65,3.43
2012-02-14,002550,25.35,25.37,25.55,25.04,9300,23514825.0,2.01,0.08,0.02,2.33
2012-02-15,002550,25.37,25.48,25.52,25.02,11249,28516673.0,1.97,0.43,0.11,2.81
2012-02-16,002550,25.27,24.78,25.58,24.6,18623,46658380.0,3.85,-2.75,-0.7,4.66
2012-02-17,002550,24.76,24.93,24.94,24.42,10012,24737684.0,2.1,0.61,0.15,2.5
2012-02-20,002550,24.97,25.12,25.6,24.96,16657,42023510.0,2.57,0.76,0.19,1.9
2012-02-21,002550,25.08,25.13,25.17,24.68,11713,29248097.0,1.95,0.04,0.01,1.34
2012-02-22,002550,25.18,25.9,25.94,25.1,21455,54902808.0,3.34,3.06,0.77,2.45
2012-02-23,002550,25.95,25.9,26.36,25.67,16931,44040267.0,2.66,0.0,0.0,1.93
2012-02-24,002550,25.88,26.22,26.26,25.55,20358,52698253.0,2.74,1.24,0.32,2.33
2012-02-27,002550,26.22,26.0,26.46,25.9,20415,53356277.0,2.14,-0.84,-0.22,2.33
2012-02-28,002550,25.87,25.59,25.88,25.28,14392,36812138.0,2.31,-1.58,-0.41,1.64
2012-02-29,002550,25.7,25.58,25.93,25.32,7696,19712269.0,2.38,-0.04,-0.01,0.88
2012-03-01,002550,25.36,25.44,25.63,25.36,7815,19920267.0,1.06,-0.55,-0.14,0.89
2012-03-02,002550,25.45,26.0,26.04,25.45,11980,30848651.0,2.32,2.2,0.56,1.37
2012-03-05,002550,26.0,26.38,26.48,25.9,19157,50088986.0,2.23,1.46,0.38,2.19
2012-03-06,002550,26.3,26.0,26.3,25.84,13393,34875986.0,1.74,-1.44,-0.38,1.53
2012-03-07,002550,25.79,25.68,26.09,25.66,10304,26639500.0,1.65,-1.23,-0.32,1.18
2012-03-08,002550,25.7,25.9,25.97,25.7,9499,24565200.0,1.05,0.86,0.22,1.09
2012-03-09,002550,25.93,26.39,26.45,25.93,14109,37056171.0,2.01,1.89,0.49,1.61
2012-03-12,002550,26.46,26.73,26.79,26.21,19641,52137959.0,2.2,1.29,0.34,2.24
2012-03-13,002550,26.7,26.84,27.16,26.6,16623,44659005.0,2.1,0.41,0.11,1.9
2012-03-14,002550,26.94,25.2,27.14,25.1,20228,53246258.0,7.6,-6.11,-1.64,2.31
2012-03-15,002550,25.35,27.72,27.72,25.01,52223,141320378.0,10.75,10.0,2.52,5.97
2012-03-16,002550,28.45,28.28,28.9,27.75,64661,182739258.0,4.15,2.02,0.56,7.39
2012-03-19,002550,28.07,28.13,28.48,27.85,27976,78829311.0,2.23,-0.53,-0.15,3.2
2012-03-20,002550,28.1,27.1,28.1,27.06,24182,66535893.0,3.7,-3.66,-1.03,2.76
2012-03-21,002550,27.1,26.78,27.43,26.46,15584,41908318.0,3.58,-1.18,-0.32,1.78
2012-03-22,002550,26.68,26.89,27.04,26.68,12858,34572387.0,1.34,0.41,0.11,1.47
2012-03-23,002550,26.86,25.92,26.86,25.66,19912,52032934.0,4.46,-3.61,-0.97,2.27
2012-03-26,002550,26.16,27.09,28.18,26.15,31409,85560922.0,7.83,4.51,1.17,3.59
2012-03-27,002550,26.9,26.16,27.27,26.09,18749,49842137.0,4.36,-3.43,-0.93,2.14
2012-03-28,002550,25.8,25.01,25.8,25.01,18106,45780932.0,3.02,-4.4,-1.15,2.07
2012-03-29,002550,25.01,24.11,25.01,23.66,14772,35806137.0,5.4,-3.6,-0.9,1.69
2012-03-30,002550,24.16,23.99,24.35,23.78,7148,17220140.0,2.36,-0.5,-0.12,0.82
2012-04-05,002550,24.18,24.73,24.76,24.03,9519,23302004.0,3.04,3.08,0.74,1.09
2012-04-06,002550,24.74,24.49,24.79,24.3,9578,23480758.0,1.98,-0.97,-0.24,1.09
2012-04-09,002550,24.46,24.08,24.48,24.02,6587,15962656.0,1.88,-1.67,-0.41,0.75
2012-04-10,002550,23.98,24.27,24.29,23.55,6939,16571685.0,3.07,0.79,0.19,0.79
2012-04-11,002550,23.88,24.37,24.48,23.7,5846,14155168.0,3.21,0.41,0.1,0.67
2012-04-12,002550,24.4,25.15,25.2,24.3,10410,25865066.0,3.69,3.2,0.78,1.19
2012-04-13,002550,25.14,24.99,25.18,24.7,10247,25552083.0,1.91,-0.64,-0.16,1.17
2012-04-16,002550,25.0,24.75,25.0,24.7,9318,23112718.0,1.2,-0.96,-0.24,1.06
2012-04-17,002550,24.69,24.66,25.16,24.58,7459,18569527.0,2.34,-0.36,-0.09,0.85
2012-04-18,002550,24.69,25.08,25.16,24.59,10348,25746463.0,2.31,1.7,0.42,1.18
2012-04-19,002550,25.0,25.52,25.84,25.0,15385,39253484.0,3.35,1.75,0.44,1.76
2012-04-20,002550,25.26,25.34,25.49,24.88,11532,29075732.0,2.39,-0.71,-0.18,1.32
2012-04-23,002550,25.34,24.95,25.52,24.7,12175,30527161.0,3.24,-1.54,-0.39,1.39
2012-04-24,002550,22.55,22.63,23.44,22.46,35418,80513440.0,3.93,-9.3,-2.32,4.05
2012-04-25,002550,22.59,22.23,22.59,21.75,19598,43380915.0,3.71,-1.77,-0.4,2.24
2012-04-26,002550,22.26,22.31,22.43,22.1,8138,18115399.0,1.48,0.36,0.08,0.93
2012-04-27,002550,22.31,22.17,22.31,21.92,8380,18499408.0,1.75,-0.63,-0.14,0.96
2012-05-02,002550,22.43,22.42,22.48,22.18,9976,22280824.0,1.35,1.13,0.25,1.14
2012-05-03,002550,22.42,22.69,22.72,22.31,8538,19283515.0,1.83,1.2,0.27,0.98
2012-05-04,002550,22.7,22.73,22.75,22.45,9948,22513074.0,1.32,0.18,0.04,1.14
2012-05-07,002550,22.72,23.07,23.14,22.55,10602,24317706.0,2.6,1.5,0.34,1.21
2012-05-08,002550,23.0,23.09,23.35,22.93,9122,21122876.0,1.82,0.09,0.02,1.04
2012-05-09,002550,23.0,22.64,23.0,22.46,9523,21528191.0,2.34,-1.95,-0.45,1.09
2012-05-10,002550,22.6,22.67,23.09,22.6,9753,22195582.0,2.16,0.13,0.03,1.11
2012-05-11,002550,22.7,22.92,23.03,22.69,8333,19091133.0,1.5,1.1,0.25,0.95
2012-05-15,002550,22.79,22.15,22.79,22.01,12201,27034403.0,3.4,-3.36,-0.77,1.39
2012-05-16,002550,22.15,21.99,22.19,21.97,6574,14514743.0,0.99,-0.72,-0.16,0.75
2012-05-17,002550,21.98,22.18,22.21,21.87,6418,14185431.0,1.55,0.86,0.19,0.73
2012-05-18,002550,22.01,21.79,22.01,21.75,7612,16626499.0,1.17,-1.76,-0.39,0.87
2012-05-21,002550,21.82,21.94,21.98,21.66,6151,13440501.0,1.47,0.69,0.15,0.7
2012-05-22,002550,22.0,22.13,22.24,21.9,6427,14204370.0,1.55,0.87,0.19,0.73
2012-05-23,002550,22.06,22.07,22.17,21.88,6165,13592205.0,1.31,-0.27,-0.06,0.7
2012-05-24,002550,22.07,22.23,22.23,22.0,6493,14361417.0,1.04,0.72,0.16,0.74
2012-05-25,002550,22.28,21.97,22.28,21.93,6965,15355936.0,1.57,-1.17,-0.26,0.8
2012-05-28,002550,21.1,21.63,21.7,20.9,8701,18511725.0,3.64,-1.55,-0.34,0.99
2012-05-29,002550,21.5,21.8,21.88,21.41,7292,15815954.0,2.17,0.79,0.17,0.83
2012-05-30,002550,21.5,21.64,21.95,21.42,6940,15092577.0,2.43,-0.73,-0.16,0.79
2012-05-31,002550,21.54,21.57,21.83,21.48,6401,13884180.0,1.62,-0.32,-0.07,0.73
2012-06-01,002550,21.68,21.48,21.68,21.45,5112,11008073.0,1.07,-0.42,-0.09,0.58
2012-06-04,002550,20.91,20.81,21.14,20.78,7626,15992889.0,1.68,-3.12,-0.67,0.87
2012-06-05,002550,20.8,21.05,21.13,20.76,7620,15975547.0,1.78,1.15,0.24,0.87
2012-06-06,002550,21.1,20.77,21.17,20.6,6282,13083993.0,2.71,-1.33,-0.28,0.72
2012-06-07,002550,20.88,20.74,21.0,20.47,5522,11444154.0,2.55,-0.14,-0.03,0.63
2012-06-08,002550,20.8,20.54,20.94,20.4,6705,13787799.0,2.6,-0.96,-0.2,0.77
2012-06-11,002550,20.43,20.56,20.63,20.11,5734,11710684.0,2.53,0.1,0.02,0.66
2012-06-12,002550,20.48,20.78,20.8,20.31,7782,16044091.0,2.38,1.07,0.22,0.89
2012-06-13,002550,20.84,21.13,21.17,20.8,8630,18141527.0,1.78,1.68,0.35,0.99
2012-06-14,002550,21.15,20.93,21.23,20.91,6357,13409472.0,1.51,-0.95,-0.2,0.73
2012-06-15,002550,21.04,21.43,21.6,20.77,18571,39489197.0,3.97,2.39,0.5,2.12
2012-06-18,002550,21.43,22.11,22.49,21.27,29188,64038243.0,5.69,3.17,0.68,3.33
2012-06-19,002550,21.99,22.38,22.87,21.77,30775,69117844.0,4.98,1.22,0.27,3.52
2012-06-20,002550,22.48,21.8,22.48,21.7,17905,39286324.0,3.49,-2.59,-0.58,2.05
2012-06-21,002550,21.82,21.37,21.82,21.23,10359,22188539.0,2.71,-1.97,-0.43,1.18
2012-06-25,002550,21.43,21.25,21.6,21.19,8779,18733906.0,1.92,-0.56,-0.12,1.0
2012-06-26,002550,21.21,20.73,21.21,20.32,9500,19682369.0,4.19,-2.45,-0.52,1.09
2012-06-27,002550,20.73,20.56,21.1,20.46,8536,17764092.0,3.09,-0.82,-0.17,0.98
2012-06-28,002550,20.51,20.68,21.1,20.51,7135,14856331.0,2.87,0.58,0.12,0.82
2012-06-29,002550,20.61,21.73,22.07,20.61,16521,35541111.0,7.06,5.08,1.05,1.89
2012-07-02,002550,21.88,22.03,22.47,21.73,19095,42299205.0,3.41,1.38,0.3,2.18
2012-07-03,002550,22.02,21.83,22.34,21.65,16173,35616692.0,3.13,-0.91,-0.2,1.85
2012-07-04,002550,21.83,21.81,22.14,21.66,8887,19428615.0,2.2,-0.09,-0.02,1.02
2012-07-05,002550,21.81,21.14,21.81,20.98,10531,22374912.0,3.81,-3.07,-0.67,1.2
2012-07-06,002550,21.07,21.58,21.7,20.5,11379,24039007.0,5.68,2.08,0.44,1.3
2012-07-09,002550,21.41,21.49,21.98,21.4,14995,32624023.0,2.69,-0.42,-0.09,1.71
2012-07-10,002550,21.4,20.94,21.49,20.71,11155,23339310.0,3.63,-2.56,-0.55,1.27
2012-07-11,002550,20.94,21.24,21.25,20.6,8344,17460577.0,3.1,1.43,0.3,0.95
2012-07-12,002550,21.03,21.91,22.05,20.91,21052,45769452.0,5.37,3.15,0.67,2.4
2012-07-13,002550,21.81,21.53,21.95,21.35,13442,28990794.0,2.74,-1.73,-0.38,1.54
2012-07-16,002550,21.39,20.52,21.6,20.5,14283,29897392.0,5.11,-4.69,-1.01,1.63
2012-07-17,002550,20.3,19.85,20.49,19.7,14373,28562650.0,3.85,-3.27,-0.67,1.64
2012-07-18,002550,19.75,19.86,19.89,19.5,7963,15661490.0,1.96,0.05,0.01,0.91
2012-07-19,002550,19.85,19.99,20.17,19.72,9107,18193591.0,2.27,0.65,0.13,1.04
2012-07-20,002550,20.0,19.92,20.15,19.88,4497,8978464.0,1.35,-0.35,-0.07,0.51
2012-07-23,002550,19.99,19.4,19.99,19.35,7707,15014386.0,3.21,-2.61,-0.52,0.88
2012-07-24,002550,19.38,19.57,19.69,19.35,3996,7808651.0,1.75,0.88,0.17,0.46
2012-07-25,002550,19.42,19.54,19.88,19.42,4519,8854483.0,2.35,-0.15,-0.03,0.52
2012-07-26,002550,19.54,19.65,19.79,19.45,5250,10287523.0,1.74,0.56,0.11,0.6
2012-07-27,002550,19.73,19.62,19.8,19.5,3542,6952678.0,1.53,-0.15,-0.03,0.4
2012-07-30,002550,19.66,19.1,19.74,19.09,5444,10538450.0,3.31,-2.65,-0.52,0.62
2012-07-31,002550,19.11,18.44,19.49,18.44,6768,12712782.0,5.5,-3.46,-0.66,0.77
2012-08-01,002550,18.5,18.57,18.75,18.4,3716,6910369.0,1.9,0.7,0.13,0.42
2012-08-02,002550,18.51,18.5,18.75,18.38,3923,7286135.0,1.99,-0.38,-0.07,0.45
2012-08-03,002550,18.42,18.79,18.81,18.42,7250,13527668.0,2.11,1.57,0.29,0.83
2012-08-06,002550,18.68,19.16,19.18,18.6,10000,18906661.0,3.09,1.97,0.37,1.14
2012-08-07,002550,19.2,19.14,19.24,18.95,7807,14890824.0,1.51,-0.1,-0.02,0.89
2012-08-08,002550,19.04,19.02,19.17,18.85,5344,10170781.0,1.67,-0.63,-0.12,0.61
2012-08-09,002550,19.1,19.29,19.36,19.0,12574,24181321.0,1.89,1.42,0.27,1.44
2012-08-10,002550,19.29,19.4,19.48,19.22,10105,19568261.0,1.35,0.57,0.11,1.15
2012-08-13,002550,19.75,19.66,20.55,19.62,20461,41017366.0,4.79,1.34,0.26,2.34
2012-08-14,002550,19.48,19.53,19.66,19.03,10234,19778712.0,3.2,-0.66,-0.13,1.17
2012-08-15,002550,19.45,19.09,19.45,19.0,6309,12142237.0,2.3,-2.25,-0.44,0.72
2012-08-16,002550,19.09,19.03,19.24,18.9,4736,9044282.0,1.78,-0.31,-0.06,0.54
2012-08-17,002550,18.96,18.95,19.14,18.86,3950,7490017.0,1.47,-0.42,-0.08,0.45
2012-08-20,002550,19.0,19.22,19.24,18.8,3248,6160980.0,2.32,1.42,0.27,0.37
2012-08-21,002550,19.02,19.45,19.6,19.02,6174,11995576.0,3.02,1.2,0.23,0.71
2012-08-22,002550,19.48,19.32,19.49,19.17,5377,10382219.0,1.65,-0.67,-0.13,0.61
2012-08-23,002550,19.26,19.47,19.47,19.2,4518,8751898.0,1.4,0.78,0.15,0.52
2012-08-24,002550,19.43,19.59,19.87,19.25,8590,16799959.0,3.18,0.62,0.12,0.98
2012-08-27,002550,19.68,18.9,19.68,18.87,6017,11572478.0,4.13,-3.52,-0.69,0.69
2012-08-28,002550,18.91,19.44,19.5,18.8,9419,18131024.0,3.7,2.86,0.54,1.08
2012-08-29,002550,19.35,19.45,19.75,19.2,8118,15857270.0,2.83,0.05,0.01,0.93
2012-08-30,002550,19.45,19.26,19.74,18.8,9199,17828633.0,4.83,-0.98,-0.19,1.05
2012-08-31,002550,19.2,18.8,19.34,18.67,8990,16941482.0,3.48,-2.39,-0.46,1.03
2012-09-03,002550,18.79,19.1,19.18,18.6,6922,13162493.0,3.09,1.6,0.3,0.79
2012-09-04,002550,19.15,19.01,19.27,18.93,5464,10451143.0,1.78,-0.47,-0.09,0.62
2012-09-05,002550,18.99,19.15,19.21,18.81,4993,9515690.0,2.1,0.74,0.14,0.57
2012-09-06,002550,19.06,19.44,19.44,19.06,7302,14097338.0,1.98,1.51,0.29,0.83
2012-09-07,002550,19.61,20.16,20.45,19.5,21934,43940009.0,4.89,3.7,0.72,2.51
2012-09-10,002550,20.22,20.12,20.28,19.95,10880,21893194.0,1.64,-0.2,-0.04,1.24
2012-09-11,002550,20.08,19.96,20.1,19.86,7772,15492559.0,1.19,-0.8,-0.16,0.89
2012-09-12,002550,20.0,20.15,20.22,19.95,10210,20485455.0,1.35,0.95,0.19,1.17
2012-09-13,002550,20.16,19.8,20.25,19.8,8015,16045079.0,2.23,-1.74,-0.35,0.92
2012-09-14,002550,19.88,19.97,20.16,19.69,7396,14726500.0,2.37,0.86,0.17,0.84
2012-09-17,002550,19.98,19.5,20.1,19.48,7288,14406664.0,3.1,-2.35,-0.47,0.83
2012-09-18,002550,19.37,19.17,19.5,19.13,4954,9546173.0,1.9,-1.69,-0.33,0.57
2012-09-19,002550,19.28,19.35,19.37,19.13,2668,5146273.0,1.25,0.94,0.18,0.3
2012-09-20,002550,19.35,18.86,19.38,18.83,5282,10074697.0,2.84,-2.53,-0.49,0.6
2012-09-21,002550,18.86,18.71,19.0,18.6,3239,6083119.0,2.12,-0.8,-0.15,0.37
2012-09-24,002550,18.6,18.81,18.92,18.39,3012,5644045.0,2.83,0.53,0.1,0.34
2012-09-25,002550,18.75,18.79,18.95,18.71,1140,2145964.0,1.28,-0.11,-0.02,0.13
2012-09-26,002550,18.79,18.41,18.87,18.41,3509,6525192.0,2.45,-2.02,-0.38,0.4
2012-09-27,002550,18.57,18.81,18.96,18.42,3828,7161531.0,2.93,2.17,0.4,0.44
2012-09-28,002550,18.62,19.1,19.18,18.62,3590,6825646.0,2.98,1.54,0.29,0.41
2012-10-08,002550,19.2,19.25,19.44,19.13,5107,9854887.0,1.62,0.79,0.15,0.58
2012-10-09,002550,19.18,19.75,19.93,19.18,9447,18581992.0,3.9,2.6,0.5,1.08
2012-10-10,002550,19.76,19.96,19.96,19.65,9530,18918016.0,1.57,1.06,0.21,1.09
2012-10-11,002550,19.97,19.6,19.99,19.6,5577,11036155.0,1.95,-1.8,-0.36,0.64
2012-10-12,002550,19.65,19.68,19.88,19.44,3700,7264646.0,2.24,0.41,0.08,0.42
2012-10-15,002550,19.68,20.06,20.1,19.55,12506,24921845.0,2.79,1.93,0.38,1.43
2012-10-16,002550,20.11,19.86,20.13,19.81,11333,22626999.0,1.6,-1.0,-0.2,1.29
2012-10-17,002550,19.85,19.81,19.96,19.7,4267,8452950.0,1.31,-0.25,-0.05,0.49
2012-10-18,002550,19.89,20.01,20.09,19.82,6113,12231997.0,1.36,1.01,0.2,0.7
2012-10-19,002550,20.09,19.93,20.09,19.9,3347,6687787.0,0.95,-0.4,-0.08,0.38
2012-10-22,002550,19.89,20.08,20.15,19.8,3946,7887959.0,1.76,0.75,0.15,0.45
2012-10-23,002550,20.08,19.7,20.15,19.7,5155,10277753.0,2.24,-1.89,-0.38,0.59
2012-10-24,002550,19.72,19.71,19.89,19.61,3613,7136101.0,1.42,0.05,0.01,0.41
2012-10-25,002550,19.68,19.8,20.15,19.68,5096,10157329.0,2.38,0.46,0.09,0.58
2012-10-26,002550,19.9,19.78,20.34,19.74,15375,30803026.0,3.03,-0.1,-0.02,1.76
2012-10-29,002550,19.71,19.5,19.85,19.41,8004,15659049.0,2.22,-1.42,-0.28,0.91
2012-10-30,002550,19.45,20.22,20.23,19.43,13144,26251543.0,4.1,3.69,0.72,1.5
2012-10-31,002550,20.22,20.52,20.9,20.1,20949,43216426.0,3.96,1.48,0.3,2.39
2012-11-01,002550,20.55,20.67,20.78,20.3,16033,33021636.0,2.34,0.73,0.15,1.83
2012-11-02,002550,20.63,20.75,20.84,20.48,8289,17111661.0,1.74,0.39,0.08,0.95
2012-11-05,002550,20.63,21.42,21.64,20.62,28303,60510098.0,4.92,3.23,0.67,3.23
2012-11-06,002550,21.35,21.34,21.47,20.95,14804,31381059.0,2.43,-0.37,-0.08,1.69
2012-11-07,002550,21.37,21.24,21.45,21.1,11342,24048689.0,1.64,-0.47,-0.1,1.3
2012-11-08,002550,20.99,20.72,21.05,20.6,14068,29203650.0,2.12,-2.45,-0.52,1.61
2012-11-09,002550,20.7,20.6,20.92,20.4,8156,16877441.0,2.51,-0.58,-0.12,0.93
2012-11-12,002550,20.6,20.67,20.71,20.42,8211,16895767.0,1.41,0.34,0.07,0.94
2012-11-13,002550,20.68,20.38,20.7,20.17,9784,19903861.0,2.56,-1.4,-0.29,1.12
2012-11-14,002550,20.23,20.7,20.8,20.23,5167,10592475.0,2.8,1.57,0.32,0.59
2012-11-15,002550,20.64,20.43,20.96,20.42,8578,17745057.0,2.61,-1.3,-0.27,0.98
2012-11-16,002550,20.36,19.93,20.46,19.8,8784,17648653.0,3.23,-2.45,-0.5,1.0
2012-11-19,002550,19.84,20.18,20.2,19.81,5060,10110588.0,1.96,1.25,0.25,0.58
2012-11-20,002550,20.12,20.1,20.27,19.86,3189,6403914.0,2.03,-0.4,-0.08,0.36
2012-11-21,002550,20.2,20.78,20.8,20.02,7867,16043761.0,3.88,3.38,0.68,0.9
2012-11-22,002550,20.75,20.68,21.0,20.54,6201,12873814.0,2.21,-0.48,-0.1,0.71
2012-11-23,002550,20.7,20.38,20.88,20.33,5422,11189638.0,2.66,-1.45,-0.3,0.62
2012-11-26,002550,20.38,19.98,20.38,19.95,5991,12017505.0,2.11,-1.96,-0.4,0.68
2012-11-27,002550,19.9,18.86,19.95,18.85,9284,17812977.0,5.51,-5.61,-1.12,1.06
2012-11-28,002550,18.8,18.4,18.96,18.33,6757,12530482.0,3.34,-2.44,-0.46,0.77
2012-11-29,002550,18.4,18.08,18.64,18.02,6524,11907841.0,3.37,-1.74,-0.32,0.75
2012-11-30,002550,18.08,18.18,18.28,18.0,4722,8558012.0,1.55,0.55,0.1,0.54
2012-12-03,002550,18.12,17.21,18.12,17.21,7908,13999875.0,5.01,-5.34,-0.97,0.9
2012-12-04,002550,17.28,17.35,17.48,16.92,5882,10077083.0,3.25,0.81,0.14,0.67
2012-12-05,002550,17.35,18.02,18.18,17.28,9084,16253858.0,5.19,3.86,0.67,1.04
2012-12-06,002550,18.0,18.0,18.09,17.78,3695,6619919.0,1.72,-0.11,-0.02,0.42
2012-12-07,002550,18.0,18.32,18.36,17.85,5972,10880237.0,2.83,1.78,0.32,0.68
2012-12-10,002550,18.22,18.6,18.66,18.2,7433,13734689.0,2.51,1.53,0.28,0.85
2012-12-11,002550,18.56,18.31,18.58,18.3,5296,9743113.0,1.51,-1.56,-0.29,0.6
2012-12-12,002550,18.31,18.25,18.47,18.1,4138,7540242.0,2.02,-0.33,-0.06,0.47
2012-12-13,002550,18.25,17.92,18.38,17.9,3039,5500651.0,2.63,-1.81,-0.33,0.35
2012-12-14,002550,17.81,18.85,19.01,17.81,12195,22779205.0,6.7,5.19,0.93,1.39
2012-12-17,002550,18.85,18.99,19.1,18.78,8941,16916392.0,1.7,0.74,0.14,1.02
2012-12-18,002550,18.9,18.89,19.1,18.77,7658,14482669.0,1.74,-0.53,-0.1,0.87
2012-12-19,002550,18.88,18.94,19.18,18.8,5939,11270968.0,2.01,0.26,0.05,0.68
2012-12-20,002550,18.81,19.02,19.29,18.5,8651,16446929.0,4.17,0.42,0.08,0.99
2012-12-21,002550,19.03,19.47,19.55,18.86,12035,23234806.0,3.63,2.37,0.45,1.37
2012-12-24,002550,19.47,19.44,19.79,19.4,7359,14387671.0,2.0,-0.15,-0.03,0.84
2012-12-25,002550,19.44,19.92,20.06,19.35,12868,25518307.0,3.65,2.47,0.48,1.47
2012-12-26,002550,19.9,20.45,20.48,19.82,13909,28135536.0,3.31,2.66,0.53,1.59
2012-12-27,002550,20.54,20.23,20.75,20.18,15696,32086298.0,2.79,-1.08,-0.22,1.79
2012-12-28,002550,20.24,20.79,21.06,19.89,21727,44528202.0,5.78,2.77,0.56,2.48
2012-12-31,002550,20.63,20.8,20.95,20.55,11163,23137418.0,1.92,0.05,0.01,1.28
2013-01-04,002550,20.81,20.65,20.98,20.39,11914,24576705.0,2.84,-0.72,-0.15,1.36
2013-01-07,002550,20.97,20.9,21.27,20.8,12412,26039391.0,2.28,1.21,0.25,1.42
2013-01-08,002550,20.82,21.1,21.37,20.7,14154,29803391.0,3.21,0.96,0.2,1.62
2013-01-09,002550,21.0,20.9,21.15,20.53,12739,26588754.0,2.94,-0.95,-0.2,1.46
2013-01-10,002550,20.8,20.79,21.05,20.66,10363,21594643.0,1.87,-0.53,-0.11,1.18
2013-01-11,002550,20.85,20.6,21.05,20.41,13752,28601146.0,3.08,-0.91,-0.19,1.57
2013-01-14,002550,20.75,22.07,22.17,20.7,38935,84776099.0,7.14,7.14,1.47,4.45
2013-01-15,002550,22.1,23.33,23.68,22.1,43236,99717041.0,7.16,5.71,1.26,4.94
2013-01-16,002550,23.34,23.55,23.66,23.02,33380,77823177.0,2.74,0.94,0.22,3.81
2013-01-17,002550,23.55,23.65,24.63,23.5,41403,100320990.0,4.8,0.42,0.1,4.73
2013-01-18,002550,23.85,24.43,24.58,23.85,28447,69277732.0,3.09,3.3,0.78,3.25
2013-01-21,002550,24.42,25.05,25.35,24.23,29198,72736055.0,4.58,2.54,0.62,3.34
2013-01-22,002550,24.9,24.08,24.9,23.76,29048,70632587.0,4.55,-3.87,-0.97,3.32
2013-01-23,002550,23.93,24.8,25.7,23.81,37912,94493170.0,7.85,2.99,0.72,4.33
2013-01-24,002550,25.05,25.38,26.11,24.3,46734,118147156.0,7.3,2.34,0.58,5.34
2013-01-25,002550,25.3,25.28,25.39,24.55,19041,47842924.0,3.31,-0.39,-0.1,2.18
2013-01-28,002550,25.2,26.21,26.48,24.85,32784,84557689.0,6.45,3.68,0.93,3.75
2013-01-29,002550,26.21,26.58,27.27,26.01,26471,71103031.0,4.81,1.41,0.37,3.02
2013-01-30,002550,26.5,26.65,27.07,26.06,26394,70292703.0,3.8,0.26,0.07,3.02
2013-01-31,002550,26.41,26.35,26.78,26.09,17646,46607276.0,2.59,-1.13,-0.3,2.02
2013-02-01,002550,26.57,26.9,27.01,26.13,15521,41502358.0,3.34,2.09,0.55,1.77
2013-02-04,002550,27.13,26.14,27.8,26.01,30137,80907886.0,6.65,-2.83,-0.76,3.44
2013-02-05,002550,25.86,26.82,27.06,25.7,13647,36304283.0,5.2,2.6,0.68,1.56
2013-02-06,002550,26.99,27.5,27.75,26.83,32395,88926004.0,3.43,2.54,0.68,3.7
2013-02-07,002550,27.53,27.9,28.08,27.1,17079,47174931.0,3.56,1.45,0.4,1.95
2013-02-08,002550,28.04,29.09,29.49,27.88,23679,68302495.0,5.77,4.27,1.19,2.71
2013-02-18,002550,29.55,29.1,29.67,28.86,28001,81696431.0,2.78,0.03,0.01,3.2
2013-02-19,002550,28.73,28.55,29.0,28.46,17071,48844095.0,1.86,-1.89,-0.55,1.95
2013-02-20,002550,28.74,29.2,29.3,28.03,15509,44806847.0,4.45,2.28,0.65,1.77
2013-02-21,002550,28.88,28.7,29.3,28.01,17418,49833802.0,4.42,-1.71,-0.5,1.99
2013-02-22,002550,28.75,27.7,28.8,27.5,16129,45340952.0,4.53,-3.48,-1.0,1.84
2013-02-25,002550,27.33,29.48,29.48,27.33,27320,77815497.0,7.76,6.43,1.78,3.12
2013-02-26,002550,29.47,29.75,30.78,29.2,36822,111333590.0,5.36,0.92,0.27,4.21
2013-02-27,002550,29.9,29.89,30.5,29.25,13907,41399949.0,4.2,0.47,0.14,1.59
2013-02-28,002550,29.8,29.28,29.83,28.7,24291,70548230.0,3.78,-2.04,-0.61,2.78
2013-03-01,002550,28.96,29.69,29.81,28.91,15741,46220414.0,3.07,1.4,0.41,1.8
2013-03-04,002550,29.58,29.1,30.05,28.91,21343,63004237.0,3.84,-1.99,-0.59,2.44
2013-03-05,002550,28.99,30.66,30.74,28.99,27033,80772073.0,6.01,5.36,1.56,3.09
2013-03-06,002550,30.99,31.95,32.1,30.99,38384,121531570.0,3.62,4.21,1.29,4.38
2013-03-07,002550,31.84,31.09,32.1,30.45,19227,60163066.0,5.16,-2.69,-0.86,2.2
2013-03-08,002550,31.29,31.38,32.2,30.73,17287,54296093.0,4.73,0.93,0.29,1.97
2013-03-11,002550,31.6,32.3,32.8,30.85,35614,114103859.0,6.21,2.93,0.92,4.07
2013-03-12,002550,32.48,29.89,32.6,29.07,40496,125002753.0,10.93,-7.46,-2.41,4.63
2013-03-13,002550,30.07,29.6,30.7,29.55,26067,78499693.0,3.85,-0.97,-0.29,2.98
2013-03-14,002550,29.48,29.9,31.32,29.3,19615,59195967.0,6.82,1.01,0.3,2.24
2013-03-15,002550,29.99,30.9,31.18,29.99,24648,76045921.0,3.98,3.34,1.0,2.82
2013-03-18,002550,31.0,30.38,31.0,29.97,23304,70875518.0,3.33,-1.68,-0.52,2.66
2013-03-19,002550,30.03,28.99,30.6,28.09,39217,114148012.0,8.26,-4.58,-1.39,4.48
2013-03-20,002550,28.99,30.15,30.25,28.8,26139,77097106.0,5.0,4.0,1.16,2.99
2013-03-21,002550,30.15,31.26,31.4,30.15,25070,77664981.0,4.15,3.68,1.11,2.86
2013-03-22,002550,31.06,31.09,31.58,30.93,14541,45531291.0,2.08,-0.54,-0.17,1.66
2013-03-25,002550,31.0,31.6,32.17,30.8,25126,79095708.0,4.41,1.64,0.51,2.87
2013-03-26,002550,31.56,32.32,32.34,30.99,17362,55090130.0,4.27,2.28,0.72,1.98
2013-03-27,002550,32.19,32.3,32.8,32.02,11934,38724774.0,2.41,-0.06,-0.02,1.36
2013-03-28,002550,31.97,31.2,31.97,31.1,19849,62662152.0,2.69,-3.41,-1.1,2.27
2013-03-29,002550,31.4,30.73,31.45,30.35,15264,47051040.0,3.53,-1.51,-0.47,1.74
2013-04-01,002550,30.75,30.99,31.47,30.71,17855,55312451.0,2.47,0.85,0.26,2.04
2013-04-02,002550,31.0,29.56,31.4,29.3,35212,106685498.0,6.78,-4.61,-1.43,4.02
2013-04-03,002550,29.66,29.08,30.0,28.82,14618,42931064.0,3.99,-1.62,-0.48,1.67
2013-04-08,002550,28.7,29.77,30.08,28.18,21016,61681570.0,6.53,2.37,0.69,2.4
2013-04-09,002550,29.93,30.45,30.47,29.71,12035,36198949.0,2.55,2.28,0.68,1.37
2013-04-10,002550,30.22,30.05,30.46,29.25,11129,33264587.0,3.97,-1.31,-0.4,1.27
2013-04-11,002550,29.9,29.2,30.15,29.03,10908,32165259.0,3.73,-2.83,-0.85,1.25
2013-04-12,002550,29.11,29.48,29.77,29.01,5406,15868605.0,2.6,0.96,0.28,0.62
2013-04-15,002550,29.83,30.16,31.18,29.59,39151,118919228.0,5.39,2.31,0.68,4.47
2013-04-16,002550,29.78,31.18,31.18,29.78,20289,61804931.0,4.64,3.38,1.02,2.32
2013-04-17,002550,31.27,34.06,34.26,31.27,53253,175627447.0,9.59,9.24,2.88,6.08
2013-04-18,002550,33.8,34.01,34.28,33.33,27682,93971903.0,2.79,-0.15,-0.05,3.16
2013-04-19,002550,34.3,34.3,35.7,34.08,55336,192448761.0,4.76,0.85,0.29,6.32
2013-04-22,002550,34.42,35.0,35.08,33.85,26823,92945522.0,3.59,2.04,0.7,3.06
2013-04-23,002550,35.05,33.81,35.5,33.58,31823,109481338.0,5.49,-3.4,-1.19,3.64
2013-04-24,002550,33.5,34.83,35.19,33.5,25620,88601099.0,5.0,3.02,1.02,2.93
2013-04-25,002550,34.8,33.52,35.15,33.37,26585,91311458.0,5.11,-3.76,-1.31,3.04
2013-04-26,002550,33.5,33.0,34.18,32.83,18800,62995718.0,4.03,-1.55,-0.52,2.15
2013-05-02,002550,32.9,33.28,33.39,32.51,17155,56692331.0,2.67,0.85,0.28,1.96
2013-05-03,002550,33.32,34.31,34.8,33.0,31443,106540568.0,5.41,3.09,1.03,3.59
2013-05-06,002550,34.4,34.85,34.99,33.63,27292,93653633.0,3.96,1.57,0.54,3.12
2013-05-07,002550,34.72,34.3,34.72,34.0,12763,43765456.0,2.07,-1.58,-0.55,1.46
2013-05-08,002550,34.3,36.2,36.5,34.2,31418,111750686.0,6.71,5.54,1.9,3.59
2013-05-09,002550,35.93,35.49,36.44,35.09,23491,84181141.0,3.73,-1.96,-0.71,2.68
2013-05-10,002550,35.3,34.52,35.69,34.13,19543,68134117.0,4.4,-2.73,-0.97,2.23
2013-05-13,002550,34.52,35.18,35.29,34.02,15829,54754141.0,3.68,1.91,0.66,1.81
2013-05-14,002550,35.3,34.67,35.68,34.38,17694,61666042.0,3.7,-1.45,-0.51,2.02
2013-05-15,002550,34.6,34.89,35.2,34.3,14380,49924060.0,2.6,0.63,0.22,1.64
2013-05-16,002550,34.85,33.88,35.46,33.4,24707,85175628.0,5.9,-2.89,-1.01,2.82
2013-05-17,002550,33.68,33.54,33.96,33.31,17340,58454738.0,1.92,-1.0,-0.34,1.98
2013-05-20,002550,33.58,33.13,33.74,31.5,46882,151885170.0,6.68,-1.22,-0.41,5.36
2013-05-21,002550,32.7,33.35,33.38,32.42,21730,71728432.0,2.9,0.66,0.22,2.48
2013-05-22,002550,33.53,34.0,34.94,33.36,30684,104892265.0,4.74,1.95,0.65,3.51
2013-05-23,002550,33.69,33.95,34.79,33.5,17260,59207281.0,3.79,-0.15,-0.05,1.97
2013-05-24,002550,33.9,34.05,34.27,33.69,10787,36657381.0,1.71,0.29,0.1,1.23
2013-05-27,002550,34.2,35.11,35.33,33.9,22594,78779042.0,4.2,3.11,1.06,2.58
2013-05-28,002550,35.2,34.42,35.87,34.06,22713,78457448.0,5.16,-1.97,-0.69,2.59
2013-05-29,002550,34.33,35.0,35.3,33.2,21311,72856338.0,6.1,1.69,0.58,2.43
2013-05-30,002550,34.58,36.66,37.2,34.58,44086,160475684.0,7.49,4.74,1.66,5.04
2013-05-31,002550,36.75,36.57,37.25,36.22,23113,85132910.0,2.81,-0.25,-0.09,2.64
2013-06-03,002550,36.5,35.1,36.95,34.95,25933,92915210.0,5.47,-4.02,-1.47,2.96
2013-06-04,002550,35.1,34.8,35.83,34.58,20583,72140725.0,3.56,-0.85,-0.3,2.35
2013-06-05,002550,34.93,35.9,36.45,34.65,20118,72090393.0,5.17,3.16,1.1,2.3
2013-06-06,002550,35.9,36.03,36.46,35.5,16061,57784713.0,2.67,0.36,0.13,1.83
2013-06-07,002550,36.29,36.25,37.27,35.8,27534,101091471.0,4.08,0.61,0.22,3.15
2013-06-13,002550,35.6,35.9,36.25,34.0,26191,92079759.0,6.21,-0.97,-0.35,2.99
2013-06-14,002550,35.78,37.42,37.68,35.75,34149,126952531.0,5.38,4.23,1.52,3.9
2013-06-17,002550,37.31,38.88,39.4,37.13,41981,161146348.0,6.07,3.9,1.46,4.8
2013-06-18,002550,38.78,39.0,39.12,37.6,28079,108156479.0,3.91,0.31,0.12,3.21
2013-06-19,002550,38.6,39.39,39.7,38.3,21380,83674044.0,3.59,1.0,0.39,2.44
2013-06-20,002550,39.11,37.5,39.55,37.3,20958,80370962.0,5.71,-4.8,-1.89,2.39
2013-06-21,002550,36.73,39.0,39.0,36.08,27438,103601017.0,7.79,4.0,1.5,3.13
2013-06-24,002550,38.9,36.79,39.69,35.81,43396,164721381.0,9.95,-5.67,-2.21,4.96
2013-06-25,002550,36.02,36.89,37.34,33.3,46874,166892116.0,10.98,0.27,0.1,5.35
2013-06-26,002550,36.8,38.43,38.61,36.01,37758,141007742.0,7.05,4.17,1.54,4.31
2013-06-27,002550,38.25,35.01,38.8,34.95,54811,202047842.0,10.02,-8.9,-3.42,6.26
2013-06-28,002550,34.7,33.73,35.32,33.0,30017,102690309.0,6.63,-3.66,-1.28,3.43
2013-07-01,002550,33.0,35.1,35.24,32.34,35617,119050410.0,8.6,4.06,1.37,4.06
2013-07-02,002550,34.85,36.46,37.0,34.45,32130,116025139.0,7.26,3.87,1.36,3.66
2013-07-03,002550,36.25,37.29,37.63,36.25,32529,120933537.0,3.78,2.28,0.83,3.71
2013-07-04,002550,37.1,37.21,37.78,36.71,15552,57942069.0,2.87,-0.21,-0.08,1.77
2013-07-05,002550,37.2,36.13,37.38,35.61,14950,54625690.0,4.76,-2.9,-1.08,1.7
2013-07-08,002550,35.8,33.98,35.8,33.45,42941,147017098.0,6.5,-5.95,-2.15,4.89
2013-07-09,002550,33.89,34.9,34.97,33.5,30884,105305763.0,4.33,2.71,0.92,3.52
2013-07-10,002550,34.9,34.45,35.38,33.95,21909,75330758.0,4.1,-1.29,-0.45,2.5
2013-07-11,002550,34.41,34.08,34.88,33.22,49336,167772847.0,4.82,-1.07,-0.37,5.62
2013-07-12,002550,34.08,35.0,35.78,33.8,47028,164744873.0,5.81,2.7,0.92,5.36
2013-07-15,002550,35.11,36.59,36.59,34.82,35054,125780528.0,5.06,4.54,1.59,3.99
2013-07-16,002550,36.7,36.85,37.25,36.15,26807,98540908.0,3.01,0.71,0.26,3.05
2013-07-17,002550,36.73,35.36,37.35,34.85,32138,115509076.0,6.78,-4.04,-1.49,3.66
2013-07-18,002550,35.35,35.35,36.08,34.6,17422,61604404.0,4.19,-0.03,-0.01,1.99
2013-07-19,002550,35.46,34.75,35.62,34.7,16574,58134258.0,2.6,-1.7,-0.6,1.89
2013-07-22,002550,34.19,35.25,35.38,34.03,17632,61580832.0,3.88,1.44,0.5,2.01
2013-07-23,002550,35.08,35.99,36.1,34.52,28263,100557205.0,4.48,2.1,0.74,3.22
2013-07-24,002550,35.93,36.51,36.94,35.71,26423,96000333.0,3.42,1.44,0.52,3.01
2013-07-25,002550,36.53,35.75,37.68,35.68,27354,100174912.0,5.48,-2.08,-0.76,3.12
2013-07-26,002550,35.63,35.77,36.01,35.56,15691,56087476.0,1.26,0.06,0.02,1.79
2013-07-29,002550,35.65,34.4,35.68,34.0,19018,66326317.0,4.7,-3.83,-1.37,2.17
2013-07-30,002550,34.42,34.26,34.71,33.26,13661,46366659.0,4.22,-0.41,-0.14,1.56
2013-07-31,002550,34.03,34.21,34.77,33.95,9734,33404888.0,2.39,-0.15,-0.05,1.11
2013-08-01,002550,34.08,34.8,34.9,34.08,13260,45928534.0,2.4,1.72,0.59,1.51
2013-08-02,002550,34.8,34.32,35.3,34.2,12024,41777174.0,3.16,-1.38,-0.48,1.37
2013-08-05,002550,34.15,35.24,35.3,34.15,17334,60376014.0,3.35,2.68,0.92,1.98
2013-08-06,002550,35.25,35.18,35.29,34.85,17331,60828181.0,1.25,-0.17,-0.06,1.97
2013-08-07,002550,35.2,34.0,35.85,33.95,28724,99737512.0,5.4,-3.35,-1.18,3.27
2013-08-08,002550,34.0,34.4,34.8,33.69,17691,60351898.0,3.26,1.18,0.4,2.02
2013-08-09,002550,34.45,34.16,34.88,33.5,18507,63313614.0,4.01,-0.7,-0.24,2.11
2013-08-12,002550,34.21,34.07,34.3,33.71,17752,60248988.0,1.73,-0.26,-0.09,2.02
2013-08-13,002550,34.0,34.28,34.38,33.73,13184,44996024.0,1.91,0.62,0.21,1.5
2013-08-14,002550,34.27,35.74,35.79,34.12,38340,134780994.0,4.87,4.26,1.46,4.37
2013-08-15,002550,35.74,33.92,35.74,33.7,32776,113216920.0,5.71,-5.09,-1.82,3.73
2013-08-16,002550,33.6,30.73,33.6,30.53,74089,235819581.0,9.05,-9.4,-3.19,8.44
2013-08-19,002550,30.69,31.4,31.73,30.52,23671,73871825.0,3.94,2.18,0.67,2.7
2013-08-20,002550,31.4,30.97,31.73,30.8,17511,54542354.0,2.96,-1.37,-0.43,2.0
2013-08-21,002550,30.98,31.5,31.61,30.91,11630,36419642.0,2.26,1.71,0.53,1.33
2013-08-22,002550,31.47,31.48,31.95,31.2,9348,29541268.0,2.38,-0.06,-0.02,1.07
2013-08-23,002550,31.49,30.81,31.78,30.39,34690,106871500.0,4.42,-2.13,-0.67,3.95
2013-08-26,002550,30.8,31.17,31.56,30.71,18842,58777793.0,2.76,1.17,0.36,2.15
2013-08-27,002550,31.1,30.74,31.21,30.37,28218,86353267.0,2.69,-1.38,-0.43,3.22
2013-08-28,002550,30.73,29.79,30.73,29.72,32315,97003936.0,3.29,-3.09,-0.95,3.68
2013-08-29,002550,29.89,29.85,30.09,29.48,16281,48379123.0,2.05,0.2,0.06,1.86
2013-08-30,002550,29.86,29.41,30.25,29.3,24299,72395441.0,3.18,-1.47,-0.44,2.77
2013-09-02,002550,29.57,29.88,29.89,29.2,12624,37296835.0,2.35,1.6,0.47,1.44
2013-09-03,002550,29.81,30.38,30.42,29.81,19205,58018187.0,2.04,1.67,0.5,2.19
2013-09-04,002550,30.5,30.33,30.55,29.95,13308,40209777.0,1.97,-0.16,-0.05,1.52
2013-09-05,002550,30.33,30.67,30.81,30.05,16310,49621344.0,2.51,1.12,0.34,1.86
2013-09-06,002550,30.5,30.52,30.77,30.41,11948,36521157.0,1.17,-0.49,-0.15,1.36
2013-09-09,002550,30.56,30.0,30.69,29.9,18974,57141903.0,2.59,-1.7,-0.52,2.16
2013-09-10,002550,29.98,29.79,30.25,29.6,13965,41735005.0,2.17,-0.7,-0.21,1.59
2013-09-11,002550,29.79,28.89,29.91,28.56,22641,65531956.0,4.53,-3.02,-0.9,2.58
2013-09-12,002550,28.72,28.98,29.38,28.71,12747,37015526.0,2.32,0.31,0.09,1.45
2013-09-13,002550,29.0,29.18,29.29,28.74,13068,37983217.0,1.9,0.69,0.2,1.49
2013-09-16,002550,29.29,30.21,30.48,29.2,30404,91388868.0,4.39,3.53,1.03,3.46
2013-09-17,002550,30.18,30.36,30.62,30.13,19737,59946778.0,1.62,0.5,0.15,2.25
2013-09-18,002550,30.36,30.37,30.5,30.1,11860,35943907.0,1.32,0.03,0.01,1.35
2013-09-23,002550,30.37,31.8,31.83,30.37,36811,115409530.0,4.81,4.71,1.43,4.19
2013-09-24,002550,31.78,32.14,32.38,31.68,31463,101045366.0,2.2,1.07,0.34,3.58
2013-09-25,002550,31.91,31.92,32.19,31.7,19697,62941205.0,1.52,-0.68,-0.22,2.24
2013-09-26,002550,31.92,32.26,33.26,31.82,33224,109086538.0,4.51,1.07,0.34,3.79
2013-09-27,002550,32.33,33.0,33.5,32.3,25466,84526078.0,3.72,2.29,0.74,2.9
2013-09-30,002550,33.31,33.15,33.75,32.69,21818,72475737.0,3.21,0.45,0.15,2.49
2013-10-08,002550,33.19,34.05,34.24,33.02,22309,75108013.0,3.68,2.71,0.9,2.54
2013-10-09,002550,34.08,34.65,34.85,33.82,19193,66124056.0,3.02,1.76,0.6,2.19
2013-10-10,002550,34.71,34.65,35.67,34.41,20660,72525089.0,3.64,0.0,0.0,2.35
2013-10-11,002550,34.61,33.99,35.16,33.54,30428,103428841.0,4.68,-1.9,-0.66,3.47
2013-10-14,002550,33.97,34.1,34.57,33.56,14441,49208145.0,2.97,0.32,0.11,1.65
2013-10-15,002550,34.0,33.8,34.75,33.5,14114,48255318.0,3.67,-0.88,-0.3,1.61
2013-10-16,002550,33.5,31.95,33.5,31.72,33009,106421347.0,5.27,-5.47,-1.85,3.76
2013-10-17,002550,32.0,31.46,32.37,31.0,22496,71437412.0,4.29,-1.53,-0.49,2.56
2013-10-18,002550,31.2,31.51,31.68,31.18,13202,41580158.0,1.59,0.16,0.05,1.5
2013-10-21,002550,31.51,32.89,32.98,31.51,18816,61348759.0,4.67,4.38,1.38,2.14
2013-10-22,002550,32.89,32.1,33.2,31.95,24423,79266670.0,3.8,-2.4,-0.79,2.78
2013-10-23,002550,32.02,31.63,32.41,31.4,13089,41687479.0,3.15,-1.46,-0.47,1.49
2013-10-24,002550,31.67,32.37,32.94,31.5,22069,71436632.0,4.55,2.34,0.74,2.51
2013-10-25,002550,32.13,31.3,32.47,31.25,13615,43137930.0,3.77,-3.31,-1.07,1.55
2013-10-28,002550,30.92,30.12,30.92,29.68,15227,46032354.0,3.96,-3.77,-1.18,1.73
2013-10-29,002550,30.02,29.35,30.48,28.55,16024,46923469.0,6.41,-2.56,-0.77,1.83
2013-10-30,002550,29.46,29.95,30.08,29.08,10094,29928934.0,3.41,2.04,0.6,1.15
2013-10-31,002550,29.89,29.25,29.89,29.2,10236,30090997.0,2.3,-2.34,-0.7,1.17
2013-11-01,002550,29.25,29.61,29.93,29.0,11435,33777909.0,3.18,1.23,0.36,1.3
2013-11-04,002550,29.62,29.65,29.93,29.59,6982,20754681.0,1.15,0.14,0.04,0.8
2013-11-05,002550,29.61,29.34,29.68,28.76,16032,46671914.0,3.1,-1.05,-0.31,1.83
2013-11-06,002550,29.18,28.86,29.23,28.8,12025,34862246.0,1.47,-1.64,-0.48,1.37
2013-11-07,002550,28.38,28.28,28.71,28.2,14719,41884846.0,1.77,-2.01,-0.58,1.68
2013-11-08,002550,28.01,27.28,28.45,27.19,21952,60454356.0,4.46,-3.54,-1.0,2.5
2013-11-11,002550,27.28,27.95,28.03,26.83,11616,31973496.0,4.4,2.46,0.67,1.32
2013-11-12,002550,27.97,28.29,28.5,27.8,14532,41140465.0,2.5,1.22,0.34,1.66
2013-11-13,002550,28.31,28.01,28.5,28.0,5714,16122809.0,1.77,-0.99,-0.28,0.65
2013-11-14,002550,28.0,29.45,29.62,27.82,17062,49662564.0,6.43,5.14,1.44,1.94
2013-11-15,002550,29.28,29.74,30.1,29.22,14798,44099768.0,2.99,0.98,0.29,1.69
2013-11-18,002550,29.93,30.13,30.38,29.7,12257,36761914.0,2.29,1.31,0.39,1.4
2013-11-19,002550,30.1,30.0,30.2,29.8,8314,24937812.0,1.33,-0.43,-0.13,0.95
2013-11-20,002550,30.0,29.75,30.1,29.38,9629,28594932.0,2.4,-0.83,-0.25,1.1
2013-11-21,002550,29.51,29.6,29.84,29.3,9565,28237446.0,1.82,-0.5,-0.15,1.09
2013-11-22,002550,29.6,30.02,30.15,29.55,9498,28430490.0,2.03,1.42,0.42,1.08
2013-11-25,002550,30.0,31.15,31.6,29.82,20072,62382013.0,5.93,3.76,1.13,2.29
2013-11-26,002550,31.13,31.15,31.96,31.0,20587,64807923.0,3.08,0.0,0.0,2.35
2013-11-27,002550,31.21,31.7,31.79,31.0,14997,47292934.0,2.54,1.77,0.55,1.71
2013-11-28,002550,31.75,32.06,32.5,31.53,16023,51457854.0,3.06,1.14,0.36,1.83
2013-11-29,002550,32.0,33.5,33.6,31.93,29911,99295292.0,5.21,4.49,1.44,3.41
2013-12-02,002550,32.0,30.9,32.86,30.66,28294,89906755.0,6.57,-7.76,-2.6,3.22
2013-12-03,002550,30.89,33.72,33.9,30.7,31754,103422497.0,10.36,9.13,2.82,3.62
2013-12-04,002550,33.71,33.45,34.8,33.41,44302,151466565.0,4.12,-0.8,-0.27,5.05
2013-12-05,002550,33.45,33.5,33.94,33.32,22058,73939716.0,1.85,0.15,0.05,2.51
2013-12-06,002550,33.4,32.15,33.49,32.11,29788,96955600.0,4.12,-4.03,-1.35,3.39
2013-12-09,002550,32.16,33.52,33.52,32.16,20722,68191317.0,4.23,4.26,1.37,2.36
2013-12-10,002550,33.6,33.0,33.8,32.82,14156,46789956.0,2.92,-1.55,-0.52,1.61
2013-12-11,002550,32.85,32.95,33.55,32.53,15329,50611673.0,3.09,-0.15,-0.05,1.75
2013-12-12,002550,32.81,33.11,33.5,32.81,11670,38736990.0,2.09,0.49,0.16,1.33
2013-12-13,002550,33.15,33.53,33.7,32.88,16041,53559990.0,2.48,1.27,0.42,1.83
2013-12-16,002550,33.61,32.51,33.86,32.51,20336,67287468.0,4.03,-3.04,-1.02,2.32
2013-12-17,002550,32.55,32.58,32.9,32.32,10830,35310281.0,1.78,0.22,0.07,1.23
2013-12-18,002550,32.58,32.63,32.87,32.33,9538,31135102.0,1.66,0.15,0.05,1.09
2013-12-19,002550,32.79,32.67,33.08,32.55,8479,27803105.0,1.62,0.12,0.04,0.97
2013-12-20,002550,32.62,32.9,33.5,32.6,15590,51502472.0,2.75,0.7,0.23,1.78
2013-12-23,002550,32.9,33.9,34.14,32.69,27329,92047153.0,4.41,3.04,1.0,3.11
2013-12-24,002550,33.88,33.65,33.9,33.36,16230,54527714.0,1.59,-0.74,-0.25,1.85
2013-12-25,002550,34.43,35.7,36.63,34.36,53646,190332867.0,6.75,6.09,2.05,6.11
2013-12-26,002550,35.5,35.07,36.43,35.03,42471,152108718.0,3.92,-1.76,-0.63,4.84
2013-12-27,002550,35.0,36.3,36.49,34.83,38544,138669731.0,4.73,3.51,1.23,4.39
2013-12-30,002550,36.18,36.05,36.77,35.75,25949,93892634.0,2.81,-0.69,-0.25,2.96
2013-12-31,002550,36.04,35.32,36.04,35.0,23565,83230294.0,2.88,-2.02,-0.73,2.68
2014-01-02,002550,35.2,36.26,36.54,35.12,28049,101189953.0,4.02,2.66,0.94,3.2
2014-01-03,002550,36.29,35.7,36.3,35.3,23082,82219618.0,2.76,-1.54,-0.56,2.63
2014-01-06,002550,35.36,33.7,35.36,33.45,31210,107054513.0,5.35,-5.6,-2.0,3.56
2014-01-07,002550,33.28,33.45,34.2,33.16,20371,68487992.0,3.09,-0.74,-0.25,2.32
2014-01-08,002550,33.6,34.12,34.12,33.42,18839,63656164.0,2.09,2.0,0.67,2.15
2014-01-09,002550,34.1,32.02,34.4,31.95,27321,90635248.0,7.18,-6.15,-2.1,3.11
2014-01-10,002550,32.19,31.3,32.45,30.87,22281,70645019.0,4.93,-2.25,-0.72,2.54
2014-01-13,002550,31.8,31.61,31.85,30.88,12977,40658928.0,3.1,0.99,0.31,1.48
2014-01-14,002550,31.56,33.09,33.13,31.3,20074,64683941.0,5.79,4.68,1.48,2.29
2014-01-15,002550,32.9,33.25,33.58,32.56,13555,44884692.0,3.08,0.48,0.16,1.54
2014-01-16,002550,33.47,33.2,33.47,32.7,11369,37677451.0,2.32,-0.15,-0.05,1.3
2014-01-17,002550,33.3,32.88,33.3,32.71,6996,23064040.0,1.78,-0.96,-0.32,0.8
2014-01-20,002550,32.8,32.4,32.89,32.2,8564,27823307.0,2.1,-1.46,-0.48,0.98
2014-01-21,002550,32.39,32.66,32.88,32.39,5873,19215967.0,1.51,0.8,0.26,0.67
2014-01-22,002550,32.7,33.45,33.5,32.6,9639,31999058.0,2.76,2.42,0.79,1.1
2014-01-23,002550,33.59,33.79,33.79,32.97,14386,48063929.0,2.45,1.02,0.34,1.64
2014-01-24,002550,33.61,34.77,34.77,33.5,13741,47012124.0,3.76,2.9,0.98,1.57
2014-01-27,002550,34.73,34.38,34.89,34.3,16394,56617083.0,1.7,-1.12,-0.39,1.87
2014-01-28,002550,34.58,34.73,34.86,34.2,10418,35969666.0,1.92,1.02,0.35,1.19
2014-01-29,002550,34.89,35.56,35.7,34.56,17513,62016378.0,3.28,2.39,0.83,2.0
2014-01-30,002550,35.51,35.39,35.74,35.3,11190,39713438.0,1.24,-0.48,-0.17,1.28
2014-02-07,002550,35.27,35.0,35.27,34.3,14119,49186812.0,2.74,-1.1,-0.39,1.61
2014-02-10,002550,34.89,35.5,35.69,34.72,24725,87014525.0,2.77,1.43,0.5,2.82
2014-02-11,002550,35.48,34.93,35.55,34.6,23570,82413506.0,2.68,-1.61,-0.57,2.69
2014-02-12,002550,35.0,34.82,35.0,33.95,31251,107278597.0,3.01,-0.31,-0.11,3.56
2014-02-13,002550,34.79,35.8,35.98,34.2,34530,122068905.0,5.11,2.81,0.98,3.93
2014-02-14,002550,35.56,35.92,36.28,35.36,22497,80696991.0,2.57,0.34,0.12,2.56
2014-02-17,002550,35.95,39.51,39.51,35.95,78121,298910128.0,9.91,9.99,3.59,8.9
2014-02-18,002550,40.0,40.7,41.8,39.65,75865,308277440.0,5.44,3.01,1.19,8.64
2014-02-19,002550,40.51,40.27,40.85,39.0,45263,180670648.0,4.55,-1.06,-0.43,5.16
2014-02-20,002550,40.63,40.37,41.4,39.47,46268,187472632.0,4.79,0.25,0.1,4.36
2014-02-21,002550,40.66,42.4,44.36,40.65,61805,262540709.0,9.19,5.03,2.03,5.82
2014-02-24,002550,42.6,43.3,43.75,41.4,41831,178285049.0,5.54,2.12,0.9,3.94
2014-02-25,002550,43.29,39.78,43.7,39.2,55306,230306620.0,10.39,-8.13,-3.52,5.39
2014-02-26,002550,39.97,42.78,42.78,39.9,45176,185868751.0,7.24,7.54,3.0,4.4
2014-02-27,002550,42.77,41.7,44.7,41.03,56971,245021364.0,8.58,-2.52,-1.08,5.55
2014-02-28,002550,39.92,38.57,40.58,37.53,80899,310272800.0,7.31,-7.51,-3.13,7.89
2014-03-03,002550,38.39,39.14,39.45,37.32,49149,188676507.0,5.52,1.48,0.57,4.79
2014-03-04,002550,38.85,38.47,39.09,37.88,26264,101000686.0,3.09,-1.71,-0.67,2.56
2014-03-05,002550,38.61,38.0,38.96,37.68,20776,79129334.0,3.33,-1.22,-0.47,2.03
2014-03-06,002550,37.99,38.3,38.95,37.6,21509,82521044.0,3.55,0.79,0.3,2.1
2014-03-07,002550,38.1,39.04,39.08,38.1,24613,94773243.0,2.56,1.93,0.74,2.4
2014-03-10,002550,38.8,37.99,39.46,37.8,21083,81183852.0,4.25,-2.69,-1.05,2.06
2014-03-11,002550,37.86,35.55,38.45,34.71,46457,168489678.0,9.84,-6.42,-2.44,4.53
2014-03-12,002550,35.4,35.48,35.71,34.68,16198,57029010.0,2.9,-0.2,-0.07,1.58
2014-03-13,002550,35.65,36.48,36.7,35.45,13639,49329479.0,3.52,2.82,1.0,1.33
2014-03-14,002550,36.5,37.69,37.76,36.48,25202,93770653.0,3.51,3.32,1.21,2.46
2014-03-17,002550,39.0,39.5,40.5,37.88,57411,224149963.0,6.95,4.8,1.81,5.6
2014-03-18,002550,39.03,39.19,39.78,38.98,22756,89487952.0,2.03,-0.78,-0.31,2.22
2014-03-19,002550,39.19,39.08,39.3,38.28,18836,73065587.0,2.6,-0.28,-0.11,1.84
2014-03-20,002550,38.95,37.82,39.78,37.82,13726,53190222.0,5.02,-3.22,-1.26,1.34
2014-03-21,002550,37.38,38.7,38.9,36.9,17367,65774854.0,5.29,2.33,0.88,1.69
2014-03-24,002550,38.58,38.38,38.97,38.0,13639,52479271.0,2.51,-0.83,-0.32,1.33
2014-03-25,002550,38.5,38.79,39.68,38.03,16704,65256653.0,4.3,1.07,0.41,1.63
2014-03-26,002550,38.83,37.49,39.55,37.47,34562,132362967.0,5.36,-3.35,-1.3,3.37
2014-03-27,002550,37.55,35.78,37.62,35.7,28910,105151180.0,5.12,-4.56,-1.71,2.82
2014-03-28,002550,35.76,34.08,36.18,33.91,26703,92929418.0,6.34,-4.75,-1.7,2.6
2014-03-31,002550,34.1,34.35,34.55,33.95,18160,62095681.0,1.76,0.79,0.27,1.77
2014-04-01,002550,34.33,34.85,34.85,34.08,16456,56700966.0,2.24,1.46,0.5,1.6
2014-04-02,002550,34.83,34.0,35.08,33.86,16898,57804251.0,3.5,-2.44,-0.85,1.65
2014-04-03,002550,34.19,34.31,34.37,33.85,8708,29783787.0,1.53,0.91,0.31,0.85
2014-04-04,002550,34.12,35.05,35.1,34.1,9218,31822644.0,2.91,2.16,0.74,0.9
2014-04-08,002550,34.75,35.3,35.59,34.56,14603,51386515.0,2.94,0.71,0.25,1.42
2014-04-09,002550,35.3,36.2,36.21,35.15,17626,63034227.0,3.0,2.55,0.9,1.74
2014-04-10,002550,37.29,36.35,37.79,36.3,30195,111879696.0,4.12,0.41,0.15,2.99
2014-04-11,002550,35.95,37.01,37.2,35.63,15291,56149036.0,4.32,1.82,0.66,1.51
2014-04-14,002550,37.02,37.0,37.43,36.78,10924,40499404.0,1.76,-0.03,-0.01,1.08
2014-04-15,002550,36.9,36.25,37.15,36.0,14215,51850929.0,3.11,-2.03,-0.75,1.41
2014-04-16,002550,36.44,36.77,37.08,36.23,12444,45579007.0,2.34,1.43,0.52,1.23
2014-04-17,002550,36.99,36.86,37.1,36.52,17902,66023939.0,1.58,0.24,0.09,1.77
2014-04-18,002550,18.0,17.76,18.24,17.56,25269,45168864.0,1.84,-51.82,-19.1,1.25
2014-04-21,002550,17.65,17.92,18.17,17.41,25850,46012209.0,4.28,0.9,0.16,1.28
2014-04-22,002550,17.7,16.97,17.9,16.68,38825,66432370.0,6.81,-5.3,-0.95,1.92
2014-04-23,002550,17.0,16.78,17.13,16.5,18318,30879032.0,3.71,-1.12,-0.19,0.91
2014-04-24,002550,16.78,16.53,16.85,16.19,17855,29469219.0,3.93,-1.49,-0.25,0.88
2014-04-25,002550,16.53,16.35,16.71,16.21,14963,24669698.0,3.02,-1.09,-0.18,0.74
2014-04-28,002550,16.08,15.34,16.36,15.32,30954,48852292.0,6.36,-6.18,-1.01,1.53
2014-04-29,002550,15.35,15.63,15.64,15.1,20552,31577842.0,3.52,1.89,0.29,1.02
2014-04-30,002550,15.6,15.57,15.72,15.27,22286,34599711.0,2.88,-0.38,-0.06,1.1
2014-05-05,002550,15.56,15.86,15.86,15.47,13994,21966884.0,2.5,1.86,0.29,0.69
2014-05-06,002550,15.94,16.12,16.3,15.85,23573,38005247.0,2.84,1.64,0.26,1.17
2014-05-07,002550,16.08,15.71,16.08,15.66,18612,29448048.0,2.61,-2.54,-0.41,0.92
2014-05-08,002550,15.63,15.48,15.86,15.48,19056,29758359.0,2.42,-1.46,-0.23,0.94
2014-05-09,002550,15.5,15.18,15.6,15.16,15048,22979066.0,2.84,-1.94,-0.3,0.74
2014-05-12,002550,15.31,15.76,15.87,15.3,23865,37300665.0,3.75,3.82,0.58,1.18
2014-05-13,002550,15.8,15.95,16.17,15.71,19666,31396984.0,2.92,1.21,0.19,0.97
2014-05-14,002550,15.82,15.96,16.14,15.82,16907,27046223.0,2.01,0.06,0.01,0.84
2014-05-15,002550,16.53,17.26,17.56,16.34,129698,225128139.0,7.64,8.15,1.3,6.42
2014-05-16,002550,17.0,16.61,17.0,16.37,72997,121836902.0,3.65,-3.77,-0.65,3.61
2014-05-19,002550,16.6,16.84,17.34,16.5,43178,73127570.0,5.06,1.38,0.23,2.14
2014-05-20,002550,16.8,17.03,17.25,16.8,31223,52991392.0,2.67,1.13,0.19,1.54
2014-05-21,002550,17.03,17.07,17.23,16.91,37061,63280947.0,1.88,0.23,0.04,1.83
2014-05-22,002550,17.01,16.8,17.07,16.66,34220,57469001.0,2.4,-1.58,-0.27,1.69
2014-05-23,002550,16.74,16.99,17.05,16.52,23256,39043230.0,3.15,1.13,0.19,1.15
2014-05-26,002550,17.15,17.5,17.57,17.08,45925,79541000.0,2.88,3.0,0.51,2.27
2014-05-27,002550,17.45,18.08,18.38,17.31,68457,123081510.0,6.11,3.31,0.58,3.39
2014-05-28,002550,18.32,18.08,18.32,17.8,45767,82971337.0,2.88,0.0,0.0,2.26
2014-05-29,002550,18.15,18.84,19.15,18.1,91846,172836944.0,5.81,4.2,0.76,4.54
2014-05-30,002550,18.98,18.72,18.98,18.32,44329,82837186.0,3.5,-0.64,-0.12,2.19
2014-06-03,002550,18.81,18.46,19.18,18.42,39749,74951794.0,4.06,-1.39,-0.26,1.97
2014-06-04,002550,18.47,17.82,18.55,17.6,48159,86183776.0,5.15,-3.47,-0.64,2.38
2014-06-05,002550,17.83,18.6,18.64,17.72,38591,70487592.0,5.16,4.38,0.78,1.91
2014-06-06,002550,18.59,18.68,19.08,18.4,37770,71073572.0,3.66,0.43,0.08,1.87
2014-06-09,002550,18.6,18.87,19.08,18.45,28877,54632909.0,3.37,1.02,0.19,1.43
2014-06-10,002550,18.9,18.81,19.04,18.51,26318,49342238.0,2.81,-0.32,-0.06,1.3
2014-06-11,002550,18.78,18.93,19.02,18.63,28042,52854427.0,2.07,0.64,0.12,1.39
2014-06-12,002550,18.85,18.61,18.93,18.5,25861,48298347.0,2.27,-1.69,-0.32,1.28
2014-06-13,002550,18.61,18.88,19.1,18.48,27384,51539894.0,3.33,1.45,0.27,1.36
2014-06-16,002550,18.81,19.61,19.74,18.81,54308,105962343.0,4.93,3.87,0.73,2.69
2014-06-17,002550,19.6,19.7,20.15,19.43,54175,107843722.0,3.67,0.46,0.09,2.68
2014-06-18,002550,19.69,19.74,20.02,19.35,29483,57898052.0,3.4,0.2,0.04,1.46
2014-06-19,002550,19.8,19.23,19.8,18.8,39280,75386156.0,5.07,-2.58,-0.51,1.94
2014-06-20,002550,19.33,19.32,19.5,19.1,15995,30896050.0,2.08,0.47,0.09,0.79
2014-06-23,002550,19.32,20.01,20.08,19.32,43121,85765623.0,3.93,3.57,0.69,2.13
2014-06-24,002550,20.01,19.99,20.08,19.85,19409,38738770.0,1.15,-0.1,-0.02,0.96
2014-06-25,002550,19.99,19.63,19.99,19.32,30244,59269036.0,3.35,-1.8,-0.36,1.5
2014-06-26,002550,19.63,19.81,20.15,19.63,39434,78621759.0,2.65,0.92,0.18,1.95
2014-06-27,002550,19.79,19.65,19.79,19.35,44692,86985448.0,2.22,-0.81,-0.16,2.21
2014-06-30,002550,19.6,19.35,19.62,18.91,62000,119759609.0,3.61,-1.53,-0.3,3.02
2014-07-01,002550,19.38,19.37,19.47,19.17,23138,44737682.0,1.55,0.1,0.02,1.13
2014-07-02,002550,19.55,19.52,19.85,19.45,38793,76067341.0,2.07,0.77,0.15,1.89
2014-07-03,002550,19.54,19.87,20.26,19.3,53254,105913800.0,4.92,1.79,0.35,2.6
2014-07-04,002550,19.85,19.93,20.12,19.7,36068,71707787.0,2.11,0.3,0.06,1.76
2014-07-07,002550,20.56,20.38,20.78,20.02,54449,110928991.0,3.81,2.26,0.45,2.65
2014-07-08,002550,20.21,20.59,20.66,20.02,43733,89217371.0,3.14,1.03,0.21,2.13
2014-07-09,002550,20.66,20.2,20.78,20.18,42888,87670235.0,2.91,-1.89,-0.39,2.09
2014-07-10,002550,20.1,19.8,20.2,19.75,40893,81448225.0,2.23,-1.98,-0.4,1.99
2014-07-11,002550,19.82,19.86,19.93,19.6,24916,49298857.0,1.67,0.3,0.06,1.21
2014-07-14,002550,19.86,19.86,19.98,19.51,34722,68668757.0,2.37,0.0,0.0,1.69
2014-07-15,002550,19.84,19.51,19.84,19.28,37423,73127179.0,2.82,-1.76,-0.35,1.82
2014-07-16,002550,19.5,19.0,19.5,18.82,45475,86672640.0,3.49,-2.61,-0.51,2.22
2014-07-17,002550,18.95,19.0,19.12,18.66,26860,50731090.0,2.42,0.0,0.0,1.31
2014-07-18,002550,18.96,19.25,19.44,18.82,23459,45245731.0,3.26,1.32,0.25,1.14
2014-07-21,002550,19.27,19.34,19.45,19.0,18607,35766639.0,2.34,0.47,0.09,0.91
2014-07-22,002550,19.4,19.98,20.15,19.26,54278,107914722.0,4.6,3.31,0.64,2.65
2014-07-23,002550,19.9,19.68,20.1,19.37,27930,55174519.0,3.65,-1.5,-0.3,1.36
2014-07-24,002550,19.67,19.5,19.74,19.19,20467,39640223.0,2.79,-0.91,-0.18,1.0
2014-07-25,002550,19.45,19.34,19.46,18.99,25665,49076191.0,2.41,-0.82,-0.16,1.25
2014-07-28,002550,19.35,19.52,19.59,19.1,22394,43406441.0,2.53,0.93,0.18,1.09
2014-07-29,002550,19.5,19.8,19.88,19.49,29278,57624741.0,2.0,1.43,0.28,1.43
2014-07-30,002550,19.79,19.7,19.85,19.53,28236,55570155.0,1.62,-0.51,-0.1,1.38
2014-07-31,002550,19.55,19.5,19.7,19.26,41040,79707425.0,2.23,-1.02,-0.2,2.0
2014-08-01,002550,19.46,19.79,20.08,19.26,64931,128318876.0,4.21,1.49,0.29,3.17
2014-08-04,002550,19.78,19.94,20.05,19.7,33655,67100525.0,1.77,0.76,0.15,1.64
2014-08-05,002550,19.96,20.29,20.34,19.73,45043,90258652.0,3.06,1.76,0.35,2.2
2014-08-06,002550,20.23,20.26,20.4,20.03,23270,47071553.0,1.82,-0.15,-0.03,1.13
2014-08-07,002550,20.27,19.88,20.3,19.82,25574,51220272.0,2.37,-1.88,-0.38,1.25
2014-08-08,002550,19.9,19.9,20.05,19.86,20027,40013677.0,0.96,0.1,0.02,0.98
2014-08-11,002550,19.95,20.22,20.26,19.93,30048,60484163.0,1.66,1.61,0.32,1.46
2014-08-12,002550,20.28,20.87,21.12,20.22,54790,114202384.0,4.45,3.21,0.65,2.67
2014-08-13,002550,20.88,20.79,20.9,20.31,22317,46048225.0,2.83,-0.38,-0.08,1.09
2014-08-14,002550,20.78,20.68,20.95,20.56,20652,42878521.0,1.88,-0.53,-0.11,1.01
2014-08-15,002550,20.61,20.78,20.85,20.51,18410,38093227.0,1.64,0.48,0.1,0.9
2014-08-18,002550,21.16,20.87,21.17,20.71,28792,60047826.0,2.21,0.43,0.09,1.4
2014-08-19,002550,20.88,20.73,21.0,20.56,23145,47903327.0,2.11,-0.67,-0.14,1.13
2014-08-20,002550,20.7,20.95,20.96,20.5,24841,51379751.0,2.22,1.06,0.22,1.21
2014-08-21,002550,21.44,23.05,23.05,21.44,214404,486687616.0,7.68,10.02,2.1,10.45
2014-08-22,002550,22.22,22.89,23.1,22.22,119503,271307392.0,3.82,-0.69,-0.16,5.83
2014-08-25,002550,22.8,23.05,23.3,22.32,78362,179105595.0,4.28,0.7,0.16,3.82
2014-08-26,002550,23.05,23.51,24.5,22.8,137329,328285888.0,7.38,2.0,0.46,6.69
2014-08-27,002550,23.3,23.19,24.3,23.18,85530,201877799.0,4.76,-1.36,-0.32,4.17
2014-08-28,002550,23.25,22.42,23.25,22.39,49690,112697602.0,3.71,-3.32,-0.77,2.42
2014-08-29,002550,22.36,22.66,23.0,22.36,38254,86952438.0,2.85,1.07,0.24,1.86
2014-09-01,002550,22.86,22.65,22.86,21.98,89103,198788252.0,3.88,-0.04,-0.01,4.34
2014-09-02,002550,22.74,23.63,23.65,22.74,85084,199481650.0,4.02,4.33,0.98,4.15
2014-09-03,002550,24.0,23.77,24.1,23.4,70357,167565957.0,2.96,0.59,0.14,3.43
2014-09-04,002550,23.75,23.61,23.86,23.48,45708,107996386.0,1.6,-0.67,-0.16,2.23
2014-09-05,002550,23.63,24.73,24.96,23.6,104551,255646314.0,5.76,4.74,1.12,5.1
2014-09-09,002550,24.74,24.7,25.06,24.51,61299,151898381.0,2.22,-0.12,-0.03,2.99
2014-09-10,002550,24.69,24.69,24.83,24.1,41863,102499185.0,2.96,-0.04,-0.01,2.04
2014-09-11,002550,24.75,24.69,25.0,24.03,55293,135990861.0,3.93,0.0,0.0,2.7
2014-09-12,002550,24.58,24.72,24.75,24.22,35182,86410324.0,2.15,0.12,0.03,1.72
2014-09-15,002550,24.66,25.54,25.7,24.36,84090,212448857.0,5.42,3.32,0.82,4.1
2014-09-16,002550,25.53,24.2,25.8,23.96,86404,214002549.0,7.2,-5.25,-1.34,4.21
2014-09-17,002550,24.02,24.32,24.33,23.3,61229,145693981.0,4.26,0.5,0.12,2.98
2014-09-18,002550,24.33,24.79,25.25,24.1,54988,136011561.0,4.73,1.93,0.47,2.68
2014-09-19,002550,24.79,24.79,25.07,24.55,37550,93044478.0,2.1,0.0,0.0,1.83
2014-09-22,002550,24.79,24.31,24.79,24.11,27127,66010013.0,2.74,-1.94,-0.48,1.32
2014-09-23,002550,24.12,24.49,24.65,24.12,35822,87158859.0,2.18,0.74,0.18,1.75
2014-09-24,002550,24.7,25.21,25.58,24.7,85315,215703036.0,3.59,2.94,0.72,4.16
2014-09-25,002550,25.3,26.01,26.57,25.3,92257,240011107.0,5.04,3.17,0.8,4.5
2014-09-26,002550,25.93,26.34,27.0,25.6,58859,156378991.0,5.38,1.27,0.33,2.87
2014-09-29,002550,26.68,26.75,27.22,26.3,45916,122554426.0,3.49,1.56,0.41,2.24
2014-09-30,002550,26.75,26.62,26.99,26.31,41156,109539963.0,2.54,-0.49,-0.13,2.01
2014-10-08,002550,26.65,26.93,26.94,26.0,58225,154041662.0,3.53,1.16,0.31,2.84
2014-10-09,002550,26.9,26.81,26.96,26.43,38154,101836149.0,1.97,-0.45,-0.12,1.86
2014-10-10,002550,26.52,26.17,26.74,26.15,39445,103735239.0,2.2,-2.39,-0.64,1.92
2014-10-13,002550,26.09,25.86,26.09,25.11,63959,163006295.0,3.74,-1.18,-0.31,3.12
2014-10-14,002550,25.72,25.96,26.1,25.46,40060,103256324.0,2.47,0.39,0.1,1.95
2014-10-15,002550,25.81,26.7,26.86,25.57,56392,148113186.0,4.97,2.85,0.74,2.75
2014-10-16,002550,26.5,25.97,27.19,25.97,57569,152840278.0,4.57,-2.73,-0.73,2.81
2014-10-17,002550,25.8,24.99,25.96,24.68,51181,128542937.0,4.93,-3.77,-0.98,2.5
2014-10-20,002550,25.0,25.73,25.73,25.0,30772,78237584.0,2.92,2.96,0.74,1.5
2014-10-21,002550,25.73,25.56,26.19,25.4,38069,98203776.0,3.07,-0.66,-0.17,1.86
2014-10-22,002550,25.59,25.08,25.8,25.0,33218,83977805.0,3.13,-1.88,-0.48,1.62
2014-10-23,002550,25.2,24.6,25.44,24.3,58654,144675726.0,4.55,-1.91,-0.48,2.86
2014-10-24,002550,24.57,24.59,24.8,24.35,22149,54440270.0,1.83,-0.04,-0.01,1.08
2014-10-27,002550,24.75,25.39,25.74,24.63,39272,98965536.0,4.51,3.25,0.8,1.91
2014-10-28,002550,25.44,26.18,26.23,25.4,53129,137113689.0,3.27,3.11,0.79,2.59
2014-10-29,002550,26.33,26.24,26.62,26.0,60810,160278006.0,2.37,0.23,0.06,2.96
2014-10-30,002550,26.3,26.6,26.8,26.3,64042,169966053.0,1.91,1.37,0.36,3.12
2014-10-31,002550,26.7,26.39,26.85,26.0,38041,100084528.0,3.2,-0.79,-0.21,1.85
2014-11-03,002550,26.39,26.28,26.47,25.71,40671,105964264.0,2.88,-0.42,-0.11,1.98
2014-11-04,002550,26.2,25.81,26.31,25.56,31317,81186653.0,2.85,-1.79,-0.47,1.53
2014-11-05,002550,25.61,25.68,25.88,25.4,30260,77380095.0,1.86,-0.5,-0.13,1.48
2014-11-06,002550,25.52,25.67,25.76,25.43,17702,45306074.0,1.29,-0.04,-0.01,0.86
2014-11-07,002550,25.7,25.53,25.71,25.08,42302,107553061.0,2.45,-0.55,-0.14,2.06
2014-11-10,002550,25.48,25.52,25.85,25.1,39248,99803128.0,2.94,-0.04,-0.01,1.91
2014-11-11,002550,25.49,24.56,25.49,23.9,59790,147461693.0,6.23,-3.76,-0.96,2.91
2014-11-12,002550,24.3,24.67,24.89,24.2,20272,49968235.0,2.81,0.45,0.11,0.99
2014-11-13,002550,24.66,24.13,24.71,24.01,31166,75467237.0,2.84,-2.19,-0.54,1.52
2014-11-14,002550,24.0,23.99,24.35,23.8,30315,72894300.0,2.28,-0.58,-0.14,1.48
2014-11-17,002550,24.19,24.43,24.46,23.67,24894,60185164.0,3.29,1.83,0.44,1.21
2014-11-18,002550,24.36,24.35,24.44,24.05,17892,43300993.0,1.6,-0.33,-0.08,0.87
2014-11-19,002550,24.09,24.19,24.32,23.98,13887,33577938.0,1.4,-0.66,-0.16,0.68
2014-11-20,002550,24.1,24.39,24.57,23.98,24223,58887384.0,2.44,0.83,0.2,1.18
2014-11-21,002550,24.42,24.53,24.94,24.39,19435,47908233.0,2.26,0.57,0.14,0.95
2014-11-24,002550,24.51,24.15,24.74,23.81,42493,102457441.0,3.79,-1.55,-0.38,2.07
2014-11-25,002550,24.1,24.11,24.25,23.8,30427,73136856.0,1.86,-0.17,-0.04,1.48
2014-11-26,002550,24.15,24.04,24.2,23.53,57412,136691716.0,2.78,-0.29,-0.07,2.8
2014-11-27,002550,24.1,24.4,24.8,24.01,46416,113421111.0,3.29,1.5,0.36,2.26
2014-11-28,002550,24.4,24.51,24.65,24.29,51439,125911443.0,1.48,0.45,0.11,2.51
2014-12-01,002550,24.48,24.06,24.54,23.9,35809,86744574.0,2.61,-1.84,-0.45,1.75
2014-12-02,002550,23.95,24.43,24.49,23.95,25150,61049360.0,2.24,1.54,0.37,1.23
2014-12-03,002550,24.4,24.06,24.4,23.88,53765,129230977.0,2.13,-1.51,-0.37,2.62
2014-12-04,002550,24.06,24.33,24.48,24.0,51153,124093261.0,2.0,1.12,0.27,2.49
2014-12-05,002550,24.5,24.1,24.55,23.66,57579,138314225.0,3.66,-0.95,-0.23,2.81
2014-12-08,002550,24.1,23.65,24.19,23.55,50727,120293570.0,2.66,-1.87,-0.45,2.47
2014-12-09,002550,23.5,22.51,23.5,22.5,66446,152755920.0,4.23,-4.82,-1.14,3.24
2014-12-10,002550,22.45,23.16,23.4,22.15,32817,74866599.0,5.55,2.89,0.65,1.6
2014-12-11,002550,23.1,23.15,23.28,22.89,23906,55142116.0,1.68,-0.04,-0.01,1.17
2014-12-12,002550,23.18,23.27,23.3,22.94,19388,44800777.0,1.56,0.52,0.12,0.95
2014-12-15,002550,23.21,23.94,23.98,23.05,42636,100856357.0,4.0,2.88,0.67,2.08
2014-12-16,002550,23.94,23.83,24.03,23.68,24031,57253541.0,1.46,-0.46,-0.11,1.17
2014-12-17,002550,23.84,23.19,23.85,23.0,39952,92660870.0,3.57,-2.69,-0.64,1.95
2014-12-18,002550,23.0,22.62,23.18,22.49,41865,95399178.0,2.98,-2.46,-0.57,2.04
2014-12-19,002550,22.62,22.54,22.65,21.99,34484,76663259.0,2.92,-0.35,-0.08,1.68
2014-12-22,002550,22.54,21.55,22.54,21.31,32977,71473922.0,5.46,-4.39,-0.99,1.61
2014-12-23,002550,21.36,20.65,21.8,20.35,50984,107415078.0,6.73,-4.18,-0.9,2.49
2014-12-24,002550,20.75,21.15,21.28,20.75,41813,88025028.0,2.57,2.42,0.5,2.04
2014-12-25,002550,21.3,21.68,21.95,21.27,26418,57199361.0,3.22,2.51,0.53,1.29
2014-12-26,002550,21.65,21.34,21.78,21.22,19073,40822882.0,2.58,-1.57,-0.34,0.93
2014-12-29,002550,21.0,20.89,21.3,20.61,22535,47072049.0,3.23,-2.11,-0.45,1.1
2014-12-30,002550,20.9,20.05,20.95,19.96,52192,106079514.0,4.74,-4.02,-0.84,2.54
2014-12-31,002550,20.06,20.34,20.41,19.83,40361,81079034.0,2.89,1.45,0.29,2.0
2015-01-05,002550,20.34,20.45,20.53,19.7,45249,91207296.0,4.08,0.54,0.11,2.24
2015-01-06,002550,20.39,22.12,22.4,20.11,73500,157501897.0,11.2,8.17,1.67,3.64
2015-01-07,002550,21.97,21.73,22.02,21.45,30621,66366529.0,2.58,-1.76,-0.39,1.52
2015-01-08,002550,21.74,21.95,22.08,21.66,27951,61152928.0,1.93,1.01,0.22,1.38
2015-01-09,002550,21.8,21.8,22.11,21.73,25296,55438200.0,1.73,-0.68,-0.15,1.25
2015-01-12,002550,21.6,21.85,22.0,21.33,26520,57227725.0,3.07,0.23,0.05,1.31
2015-01-13,002550,21.7,22.09,22.29,21.7,26428,58241026.0,2.7,1.1,0.24,1.31
2015-01-14,002550,22.11,22.08,22.2,21.88,23586,51972631.0,1.45,-0.05,-0.01,1.17
2015-01-15,002550,22.09,22.43,22.89,22.0,39190,88330621.0,4.03,1.59,0.35,1.94
2015-01-16,002550,22.28,22.58,22.76,22.28,26224,59258491.0,2.14,0.67,0.15,1.3
2015-01-19,002550,22.3,22.91,23.57,21.96,74399,171993894.0,7.13,1.46,0.33,3.69
2015-01-20,002550,23.11,23.8,23.94,23.11,60491,143273949.0,3.62,3.88,0.89,3.0
2015-01-21,002550,23.9,23.96,23.98,23.5,67982,161848892.0,2.02,0.67,0.16,3.37
2015-01-22,002550,24.3,24.03,24.85,23.97,68027,165276093.0,3.67,0.29,0.07,3.37
2015-01-23,002550,23.9,24.02,24.05,23.6,49492,117902119.0,1.87,-0.04,-0.01,2.45
2015-01-26,002550,24.1,24.06,24.19,23.7,29313,70129579.0,2.04,0.17,0.04,1.45
2015-01-27,002550,24.06,24.12,24.32,23.81,42437,102307475.0,2.12,0.25,0.06,2.1
2015-01-28,002550,24.12,24.13,24.45,24.0,31652,76924293.0,1.87,0.04,0.01,1.57
2015-01-29,002550,24.11,23.92,24.11,23.65,27916,66554956.0,1.91,-0.87,-0.21,1.38
2015-01-30,002550,23.9,23.49,24.03,23.15,57586,134701329.0,3.68,-1.8,-0.43,2.85
2015-02-02,002550,23.4,23.75,23.89,23.28,40736,96356593.0,2.6,1.11,0.26,2.02
2015-02-03,002550,23.9,24.41,24.57,23.76,68615,166717836.0,3.41,2.78,0.66,3.4
2015-02-04,002550,24.37,24.36,24.49,24.15,26769,64943439.0,1.39,-0.2,-0.05,1.33
2015-02-05,002550,24.37,24.3,24.54,24.05,35848,87297736.0,2.01,-0.25,-0.06,1.78
2015-02-06,002550,24.28,23.99,24.28,23.65,20758,49551656.0,2.59,-1.28,-0.31,1.03
2015-02-09,002550,23.71,23.3,23.85,23.3,13201,31135080.0,2.29,-2.88,-0.69,0.65
2015-02-10,002550,23.29,22.86,23.45,22.7,30754,71102931.0,3.22,-1.89,-0.44,1.52
2015-02-11,002550,22.86,23.11,23.33,22.78,16996,39289233.0,2.41,1.09,0.25,0.84
2015-02-12,002550,23.0,22.9,23.3,22.62,32256,73845444.0,2.94,-0.91,-0.21,1.6
2015-02-13,002550,22.99,23.39,23.46,22.99,37945,88530597.0,2.05,2.14,0.49,1.88
2015-02-16,002550,23.5,23.63,23.78,23.41,30397,71791467.0,1.58,1.03,0.24,1.51
2015-02-17,002550,23.74,23.87,23.98,23.58,29100,69177769.0,1.69,1.02,0.24,1.44
2015-02-25,002550,23.99,23.99,24.35,23.65,28775,69183991.0,2.93,0.5,0.12,1.43
2015-02-26,002550,23.97,24.0,24.2,23.8,23716,56828405.0,1.67,0.04,0.01,1.17
2015-02-27,002550,24.0,24.23,24.26,23.88,32222,77775654.0,1.58,0.96,0.23,1.6
2015-03-02,002550,24.5,25.19,25.24,24.26,73334,182569107.0,4.04,3.96,0.96,3.63
2015-03-03,002550,25.09,24.88,25.53,24.75,56336,141867101.0,3.1,-1.23,-0.31,2.79
2015-03-04,002550,24.88,27.37,27.37,24.75,182229,482654704.0,10.53,10.01,2.49,9.03
2015-03-05,002550,27.4,27.66,28.0,27.0,103388,284453904.0,3.65,1.06,0.29,5.12
2015-03-06,002550,28.4,27.38,29.08,27.3,146063,409572032.0,6.44,-1.01,-0.28,7.24
2015-03-09,002550,27.03,27.48,27.6,26.8,58278,158271658.0,2.92,0.37,0.1,2.89
2015-03-10,002550,27.5,27.82,28.38,27.38,57228,159569483.0,3.64,1.24,0.34,2.83
2015-03-11,002550,27.7,27.04,27.7,26.8,67045,181343482.0,3.24,-2.8,-0.78,3.32
2015-03-12,002550,27.0,26.39,27.0,26.19,55825,148186164.0,3.0,-2.4,-0.65,2.77
2015-03-13,002550,26.48,26.84,26.93,26.27,38772,103180855.0,2.5,1.71,0.45,1.92
2015-03-16,002550,27.05,27.7,27.77,27.05,55631,153017354.0,2.68,3.2,0.86,2.76
2015-03-17,002550,27.76,27.6,27.87,27.39,60893,167859852.0,1.73,-0.36,-0.1,3.02
2015-03-18,002550,27.6,28.54,28.84,27.57,77556,220215367.0,4.6,3.41,0.94,3.84
2015-03-19,002550,28.59,28.68,28.8,28.28,67750,193139681.0,1.82,0.49,0.14,3.36
2015-03-20,002550,28.6,29.63,29.68,28.43,79146,230427480.0,4.36,3.31,0.95,3.92
2015-03-23,002550,29.94,30.2,30.75,29.47,80645,243030906.0,4.32,1.92,0.57,3.99
2015-03-24,002550,30.06,29.57,30.4,28.5,78720,233115401.0,6.29,-2.09,-0.63,3.9
2015-03-25,002550,29.56,29.92,30.18,28.73,78503,232677217.0,4.9,1.18,0.35,3.89
2015-03-26,002550,29.64,29.98,30.49,29.05,79517,236501735.0,4.81,0.2,0.06,3.94
2015-03-27,002550,29.9,31.0,31.0,29.5,70920,215630216.0,5.0,3.4,1.02,3.51
2015-03-30,002550,31.17,30.76,31.38,30.43,66650,205187481.0,3.06,-0.77,-0.24,3.3
2015-03-31,002550,30.8,31.92,32.96,30.5,94764,301039872.0,8.0,3.77,1.16,4.69
2015-04-01,002550,31.77,33.48,34.16,31.58,98510,326159952.0,8.08,4.89,1.56,4.88
2015-04-02,002550,34.0,33.61,35.3,32.9,89119,301585920.0,7.17,0.39,0.13,4.41
2015-04-03,002550,33.4,33.8,33.92,32.86,82167,275099520.0,3.15,0.57,0.19,4.07
2015-04-07,002550,34.02,35.05,35.26,34.01,82173,285409776.0,3.7,3.7,1.25,4.07
2015-04-08,002550,35.31,35.18,36.25,34.22,101605,359605088.0,5.79,0.37,0.13,5.03
2015-04-09,002550,35.47,34.2,35.48,32.51,74419,252989426.0,8.44,-2.79,-0.98,3.69
2015-04-10,002550,34.0,36.81,37.35,33.7,108157,382140272.0,10.67,7.63,2.61,5.36
2015-04-13,002550,37.0,39.85,39.99,36.88,103745,402311856.0,8.45,8.26,3.04,5.14
2015-04-14,002550,39.77,39.09,39.9,38.6,78372,306935856.0,3.26,-1.91,-0.76,3.88
2015-04-15,002550,39.3,36.88,39.3,35.5,108309,401538192.0,9.72,-5.65,-2.21,5.37
2015-04-16,002550,35.85,38.53,38.9,35.0,92637,345574720.0,10.57,4.47,1.65,4.59
2015-04-17,002550,39.79,37.45,39.79,37.16,87202,330173968.0,6.83,-2.8,-1.08,4.32
2015-04-20,002550,36.12,34.9,36.5,34.01,131818,463441120.0,6.65,-6.81,-2.55,6.53
2015-04-21,002550,34.83,36.07,36.13,34.0,63236,224315428.0,6.1,3.35,1.17,3.13
2015-04-22,002550,36.35,36.74,36.94,35.89,50749,185131452.0,2.91,1.86,0.67,2.51
2015-04-23,002550,36.56,36.42,36.7,35.61,62857,227184788.0,2.97,-0.87,-0.32,3.11
2015-04-24,002550,36.29,36.87,37.26,35.6,73473,268537776.0,4.56,1.24,0.45,3.64
2015-04-27,002550,36.86,37.85,39.0,36.8,101147,383382944.0,5.97,2.66,0.98,5.01
2015-04-28,002550,38.2,36.38,38.58,35.4,70092,256558325.0,8.4,-3.88,-1.47,3.47
2015-04-29,002550,36.4,36.48,36.79,36.03,51287,187100752.0,2.09,0.27,0.1,2.54
2015-04-30,002550,36.67,36.44,36.84,36.2,47174,172139152.0,1.75,-0.11,-0.04,2.34
2015-05-04,002550,36.4,35.55,36.4,35.19,39037,139096802.0,3.32,-2.44,-0.89,1.93
2015-05-05,002550,35.79,34.39,35.89,33.96,57535,200046951.0,5.43,-3.26,-1.16,2.85
2015-05-06,002550,34.46,34.4,34.98,33.4,50338,172640876.0,4.59,0.03,0.01,2.49
2015-05-07,002550,34.53,33.97,34.65,33.8,27393,93815117.0,2.47,-1.25,-0.43,1.36
2015-05-08,002550,34.31,35.49,35.51,34.3,42750,148498360.0,3.56,4.47,1.52,2.12
2015-05-11,002550,36.02,36.48,36.5,35.75,66132,239187577.0,2.11,2.79,0.99,3.28
2015-05-12,002550,36.62,38.71,39.98,36.45,105713,405851616.0,9.68,6.11,2.23,5.24
2015-05-13,002550,38.65,38.5,39.0,37.86,55926,214439790.0,2.94,-0.54,-0.21,2.77
2015-05-14,002550,38.58,39.4,39.89,38.2,57321,225036127.0,4.39,2.34,0.9,2.84
2015-05-15,002550,39.0,41.0,41.5,38.5,79991,320294144.0,7.61,4.06,1.6,3.96
2015-05-18,002550,41.5,43.85,45.0,41.42,85659,371343952.0,8.73,6.95,2.85,4.24
2015-05-19,002550,44.23,44.29,45.58,42.72,74377,331455568.0,6.52,1.0,0.44,3.68
2015-05-20,002550,45.08,45.75,46.29,45.08,59299,271042944.0,2.73,3.3,1.46,2.91
2015-05-21,002550,46.8,49.3,49.4,46.0,79585,382850368.0,7.43,7.76,3.55,3.91
2015-05-22,002550,50.89,49.8,51.96,47.5,93204,460380608.0,9.05,1.01,0.5,4.58
2015-05-25,002550,49.8,54.64,54.75,49.06,107787,562946192.0,11.43,9.72,4.84,5.3
2015-05-26,002550,27.54,28.94,29.6,26.49,338567,946891952.0,5.69,-47.04,-25.7,8.32
2015-05-27,002550,28.9,29.75,29.99,28.2,269462,785410000.0,6.19,2.8,0.81,6.62
2015-05-28,002550,29.82,28.13,31.55,27.9,324040,970373888.0,12.27,-5.45,-1.62,7.96
2015-05-29,002550,27.95,28.3,29.3,25.8,197401,554514928.0,12.44,0.6,0.17,4.85
2015-06-01,002550,28.8,29.2,29.3,28.3,177611,514637488.0,3.53,3.18,0.9,4.36
2015-06-02,002550,29.7,29.89,30.72,28.92,183832,546612240.0,6.16,2.36,0.69,4.52
2015-06-03,002550,30.0,29.4,30.35,28.58,163491,481100896.0,5.92,-1.64,-0.49,4.02
2015-06-04,002550,29.0,27.98,29.1,26.66,145137,408735456.0,8.3,-4.83,-1.42,3.57
2015-06-05,002550,28.9,29.32,29.73,28.5,199485,581484736.0,4.4,4.79,1.34,4.9
2015-06-08,002550,29.33,28.91,29.5,28.25,172556,497420048.0,4.26,-1.4,-0.41,4.24
2015-06-09,002550,29.09,31.57,31.8,28.81,270976,812394336.0,10.34,9.2,2.66,6.66
2015-06-10,002550,31.0,31.93,32.86,30.2,226400,726194976.0,8.43,1.14,0.36,5.56
2015-06-11,002550,31.71,33.61,33.98,31.48,195642,636371936.0,7.83,5.26,1.68,4.81
2015-06-12,002550,33.62,33.14,34.11,32.65,165289,551657328.0,4.34,-1.4,-0.47,4.06
2015-06-15,002550,33.1,30.89,33.1,30.4,218295,686363104.0,8.15,-6.79,-2.25,5.36
2015-06-16,002550,31.03,30.22,31.79,30.07,147734,455514480.0,5.57,-2.17,-0.67,3.63
2015-06-17,002550,30.3,30.18,30.75,27.58,180912,524531120.0,10.49,-0.13,-0.04,4.45
2015-06-18,002550,29.3,28.26,29.88,28.0,117619,341691168.0,6.23,-6.36,-1.92,2.89
2015-06-19,002550,27.68,25.43,27.75,25.43,137325,361528448.0,8.21,-10.01,-2.83,3.37
2015-06-23,002550,25.21,26.0,26.58,23.0,146476,365004672.0,14.08,2.24,0.57,3.6
2015-06-24,002550,26.75,25.76,26.75,25.0,138152,356418672.0,6.73,-0.92,-0.24,3.39
2015-06-25,002550,25.83,23.58,25.98,23.2,162656,398457008.0,10.79,-8.46,-2.18,4.0
2015-06-26,002550,22.9,21.22,22.9,21.22,114724,247549938.0,7.12,-10.01,-2.36,2.82
2015-06-29,002550,21.53,19.1,21.7,19.1,176800,347177136.0,12.25,-9.99,-2.12,4.34
2015-06-30,002550,18.63,21.01,21.01,17.19,257112,482860032.0,20.0,10.0,1.91,6.32
2015-07-01,002550,21.05,19.94,22.8,19.38,247209,532053280.0,16.28,-5.09,-1.07,6.07
2015-07-02,002550,20.1,17.95,20.65,17.95,251211,480755392.0,13.54,-9.98,-1.99,6.17
2015-07-03,002550,16.8,17.0,19.11,16.16,248088,425333088.0,16.43,-5.29,-0.95,6.1
2015-07-06,002550,18.7,16.89,18.7,15.5,295884,515461536.0,18.82,-0.65,-0.11,7.27
2015-07-07,002550,16.21,15.2,16.78,15.2,164957,256369870.0,9.35,-10.01,-1.69,4.05
2015-07-13,002550,16.72,16.72,16.72,16.72,4469,7472903.0,0.0,10.0,1.52,0.11
2015-07-14,002550,18.39,18.39,18.39,18.39,5653,10396492.0,0.0,9.99,1.67,0.14
2015-07-15,002550,20.23,18.31,20.23,16.89,390955,734833808.0,18.16,-0.44,-0.08,9.61
2015-07-16,002550,18.28,18.97,19.55,17.02,249366,466379504.0,13.82,3.6,0.66,6.13
2015-07-17,002550,19.01,20.65,20.86,19.01,243427,488148688.0,9.75,8.86,1.68,5.98
2015-07-20,002550,20.74,21.36,22.28,20.4,237198,502858480.0,9.1,3.44,0.71,5.83
2015-07-21,002550,20.82,21.1,21.45,20.51,168153,354094096.0,4.4,-1.22,-0.26,4.13
2015-07-22,002550,21.03,20.83,21.5,20.1,197779,411711504.0,6.64,-1.28,-0.27,4.86
2015-07-23,002550,20.8,21.53,21.7,20.51,199874,424025632.0,5.71,3.36,0.7,4.91
2015-07-24,002550,21.62,20.94,22.22,20.87,241773,523598096.0,6.27,-2.74,-0.59,5.94
2015-07-27,002550,20.01,18.85,20.7,18.85,214509,426346624.0,8.83,-9.98,-2.09,5.27
2015-07-28,002550,17.28,17.25,18.91,16.97,212755,373159056.0,10.29,-8.49,-1.6,5.23
2015-07-29,002550,17.71,18.44,18.5,16.93,134732,235834231.0,9.1,6.9,1.19,3.31
2015-07-30,002550,18.35,17.45,18.49,17.4,122895,223118263.0,5.91,-5.37,-0.99,3.02
2015-07-31,002550,16.91,16.98,17.69,16.72,97487,167227097.0,5.56,-2.69,-0.47,2.4
2015-08-03,002550,16.5,15.92,16.9,15.7,107648,174316312.0,7.07,-6.24,-1.06,2.65
2015-08-04,002550,16.0,17.49,17.51,16.0,151413,253386824.0,9.48,9.86,1.57,3.72
2015-08-05,002550,17.45,17.45,18.28,17.1,170726,301201520.0,6.75,-0.23,-0.04,4.2
2015-08-06,002550,17.01,17.25,17.64,16.8,79393,137473333.0,4.81,-1.15,-0.2,1.95
2015-08-07,002550,17.52,18.38,18.4,17.52,161885,290852576.0,5.1,6.55,1.13,3.98
2015-08-10,002550,18.5,19.4,19.64,18.26,182932,345383856.0,7.51,5.55,1.02,4.5
2015-08-11,002550,19.33,19.97,20.23,19.11,222284,436131600.0,5.77,2.94,0.57,5.46
2015-08-12,002550,19.8,19.28,19.97,19.2,151378,295466288.0,3.86,-3.46,-0.69,3.72
2015-08-13,002550,19.01,19.57,19.58,18.8,125804,241811045.0,4.05,1.5,0.29,3.09
2015-08-14,002550,19.65,19.54,19.82,19.35,120266,235460886.0,2.4,-0.15,-0.03,2.96
2015-08-17,002550,19.35,19.45,19.75,18.88,125689,241827105.0,4.45,-0.46,-0.09,3.09
2015-08-18,002550,19.51,17.51,19.52,17.51,151101,278545776.0,10.33,-9.97,-1.94,3.71
2015-08-19,002550,16.8,17.81,18.0,16.38,118521,202981742.0,9.25,1.71,0.3,2.91
2015-08-20,002550,17.51,17.09,17.7,16.83,85066,147245177.0,4.88,-4.04,-0.72,2.09
2015-08-21,002550,17.37,16.99,17.79,16.5,156218,270120256.0,7.55,-0.59,-0.1,3.84
2015-08-24,002550,15.92,15.29,16.29,15.29,118730,183435347.0,5.89,-10.01,-1.7,2.92
2015-08-25,002550,13.76,13.76,14.4,13.76,133809,184945680.0,4.19,-10.01,-1.53,3.29
2015-08-26,002550,13.89,12.78,14.21,12.4,194387,259116355.0,13.15,-7.12,-0.98,4.78
2015-08-27,002550,13.2,13.28,13.48,12.45,127386,166453675.0,8.06,3.91,0.5,3.13
2015-08-28,002550,13.48,14.27,14.38,13.38,149244,205127598.0,7.53,7.45,0.99,3.67
2015-08-31,002550,14.3,13.48,14.3,13.47,102563,141232380.0,5.82,-5.54,-0.79,2.52
2015-09-01,002550,13.16,12.22,13.18,12.18,111383,139783706.0,7.42,-9.35,-1.26,2.74
2015-09-02,002550,11.6,11.81,12.75,11.46,102994,123828596.0,10.56,-3.36,-0.41,2.53
2015-09-07,002550,12.01,12.36,12.87,12.01,106116,132184225.0,7.28,4.66,0.55,2.61
2015-09-08,002550,12.38,13.6,13.6,12.26,139346,179659528.0,10.84,10.03,1.24,3.42
2015-09-09,002550,13.9,14.29,14.8,13.66,192855,273967120.0,8.38,5.07,0.69,4.74
2015-09-10,002550,14.05,13.84,14.15,13.8,100085,139734986.0,2.45,-3.15,-0.45,2.46
2015-09-11,002550,13.83,13.85,14.03,13.58,83826,115776292.0,3.25,0.07,0.01,2.06
2015-09-14,002550,13.93,12.47,13.99,12.47,115199,150279719.0,10.97,-9.96,-1.38,2.83
2015-09-15,002550,12.24,11.76,12.59,11.66,80346,97303329.0,7.46,-5.69,-0.71,1.97
2015-09-16,002550,12.01,12.94,12.94,11.82,95919,118060397.0,9.52,10.03,1.18,2.36
2015-09-17,002550,13.1,12.91,13.63,12.9,131072,174103788.0,5.64,-0.23,-0.03,3.22
2015-09-18,002550,13.1,13.2,13.45,13.0,75981,100322129.0,3.49,2.25,0.29,1.87
2015-09-21,002550,13.0,14.0,14.0,12.83,127839,173337773.0,8.86,6.06,0.8,3.14
2015-09-22,002550,13.91,14.18,14.66,13.62,161512,227623691.0,7.43,1.29,0.18,3.97
2015-09-23,002550,13.85,13.71,14.15,13.55,112889,156295523.0,4.23,-3.31,-0.47,2.77
2015-09-24,002550,13.76,13.9,14.1,13.58,73772,102411198.0,3.79,1.39,0.19,1.81
2015-09-25,002550,13.77,13.27,13.91,13.11,79027,106447745.0,5.76,-4.53,-0.63,1.94
2015-09-28,002550,13.26,13.57,13.57,13.0,58835,78566143.0,4.3,2.26,0.3,1.45
2015-09-29,002550,13.3,13.09,13.43,12.91,86962,114646996.0,3.83,-3.54,-0.48,2.14
2015-09-30,002550,13.18,13.15,13.28,12.98,53474,70371989.0,2.29,0.46,0.06,1.31
2015-10-08,002550,13.7,13.98,14.07,13.58,136560,189242387.0,3.73,6.31,0.83,3.36
2015-10-09,002550,13.89,14.37,14.46,13.81,144795,205910262.0,4.65,2.79,0.39,3.56
2015-10-12,002550,14.48,15.15,15.47,14.48,163282,245014809.0,6.89,5.43,0.78,4.01
2015-10-13,002550,15.01,15.35,15.39,14.87,128308,194577913.0,3.43,1.32,0.2,3.15
2015-10-14,002550,15.2,14.8,15.3,14.78,107585,161242552.0,3.39,-3.58,-0.55,2.64
2015-10-15,002550,14.72,15.45,15.48,14.72,140018,211894040.0,5.14,4.39,0.65,3.44
2015-10-16,002550,15.57,15.64,15.7,15.11,157180,243190013.0,3.82,1.23,0.19,3.86
2015-10-19,002550,15.75,16.46,16.78,15.53,221376,355895232.0,7.99,5.24,0.82,5.44
2015-10-20,002550,16.31,16.5,16.56,16.1,126438,205712933.0,2.79,0.24,0.04,3.11
2015-10-21,002550,16.41,14.96,16.77,14.9,174689,278556640.0,11.33,-9.33,-1.54,4.29
2015-10-22,002550,15.0,16.46,16.46,15.0,364956,591823936.0,9.76,10.03,1.5,8.97
2015-10-23,002550,17.5,17.84,17.88,16.98,413678,720410944.0,5.47,8.38,1.38,10.17
2015-10-26,002550,17.9,17.46,17.9,16.86,253611,440868240.0,5.83,-2.13,-0.38,6.23
2015-10-27,002550,17.28,18.17,18.3,16.9,259811,456931232.0,8.02,4.07,0.71,6.38
2015-10-28,002550,17.82,17.19,18.25,17.05,184253,325900112.0,6.6,-5.39,-0.98,4.53
2015-10-29,002550,17.37,17.22,17.5,16.8,128265,219664187.0,4.07,0.17,0.03,3.15
2015-10-30,002550,17.28,16.8,17.28,16.58,95713,162118250.0,4.07,-2.44,-0.42,2.35
2015-11-02,002550,16.4,16.85,17.39,16.14,108104,183068764.0,7.44,0.3,0.05,2.66
2015-11-03,002550,16.76,16.68,16.98,16.38,71146,118619157.0,3.56,-1.01,-0.17,1.75
2015-11-04,002550,16.79,17.56,17.59,16.75,172389,298190784.0,5.04,5.28,0.88,4.24
2015-11-05,002550,17.55,17.25,17.65,17.05,146723,254328464.0,3.42,-1.77,-0.31,3.61
2015-11-06,002550,17.3,17.54,17.75,17.21,166383,290615584.0,3.13,1.68,0.29,4.09
2015-11-09,002550,17.39,17.37,17.54,16.96,233976,404651936.0,3.31,-0.97,-0.17,5.75
2015-11-10,002550,17.2,17.64,17.95,17.16,196777,346933568.0,4.55,1.55,0.27,4.84
2015-11-11,002550,17.68,18.88,18.9,17.61,294441,542011952.0,7.31,7.03,1.24,7.24
2015-11-12,002550,19.04,18.83,19.3,18.46,237012,446889008.0,4.45,-0.26,-0.05,5.82
2015-11-13,002550,18.58,19.39,19.74,18.4,302913,583256704.0,7.12,2.97,0.56,7.44
2015-11-16,002550,18.8,21.33,21.33,18.8,388595,805523872.0,13.05,10.01,1.94,9.55
2015-11-17,002550,21.94,22.34,23.05,21.34,399190,886940832.0,8.02,4.74,1.01,9.81
2015-11-18,002550,22.4,22.75,23.67,22.4,338184,773468048.0,5.68,1.84,0.41,8.31
2015-11-19,002550,22.52,25.03,25.03,22.52,334570,802976624.0,11.03,10.02,2.28,8.22
2015-11-20,002550,25.88,24.98,26.2,24.15,365269,917797568.0,8.19,-0.2,-0.05,8.98
2015-11-23,002550,24.57,23.4,24.85,23.2,288531,697468464.0,6.61,-6.33,-1.58,7.09
2015-11-24,002550,23.38,23.3,23.98,22.9,230409,537513536.0,4.62,-0.43,-0.1,5.66
2015-11-25,002550,23.34,24.07,24.13,22.9,216437,511308656.0,5.28,3.3,0.77,5.32
2015-11-26,002550,24.2,23.38,24.2,23.19,177562,418017232.0,4.2,-2.87,-0.69,4.36
2015-11-27,002550,23.23,22.55,23.67,21.5,191696,436421664.0,9.28,-3.55,-0.83,4.71
2015-11-30,002550,22.57,23.57,23.65,21.43,217726,494139776.0,9.84,4.52,1.02,5.35
2015-12-01,002550,23.66,23.27,23.86,22.64,158753,370250848.0,5.18,-1.27,-0.3,3.9
2015-12-02,002550,23.1,23.19,23.27,21.78,117485,265515933.0,6.4,-0.34,-0.08,2.89
2015-12-03,002550,23.09,23.67,23.92,22.93,129713,305124288.0,4.27,2.07,0.48,3.19
2015-12-04,002550,23.5,22.98,23.9,22.6,159000,367334800.0,5.49,-2.92,-0.69,3.91
2015-12-07,002550,22.88,22.94,23.13,22.49,121044,275278592.0,2.79,-0.17,-0.04,2.97
2015-12-08,002550,22.9,21.89,22.9,21.83,104923,232838367.0,4.66,-4.58,-1.05,2.58
2015-12-09,002550,21.8,21.73,21.89,21.2,98367,212201214.0,3.15,-0.73,-0.16,2.42
2015-12-10,002550,21.56,21.77,22.17,21.55,57491,125710261.0,2.85,0.18,0.04,1.41
2015-12-11,002550,21.71,21.97,22.1,21.61,50125,109688886.0,2.25,0.92,0.2,1.23
2015-12-14,002550,21.8,22.67,22.69,21.7,79147,176815185.0,4.51,3.19,0.7,1.94
2015-12-15,002550,22.75,22.5,23.0,22.23,87363,197482961.0,3.4,-0.75,-0.17,2.15
2015-12-16,002550,22.68,22.52,23.05,22.52,72863,165756912.0,2.36,0.09,0.02,1.79
2015-12-17,002550,22.6,22.8,22.88,22.43,113671,258345591.0,2.0,1.24,0.28,2.79
2015-12-18,002550,22.83,22.11,22.85,22.0,112325,250824541.0,3.73,-3.03,-0.69,2.76
2015-12-21,002550,21.79,22.11,22.5,21.77,88350,195718443.0,3.3,0.0,0.0,2.17
2015-12-22,002550,22.15,22.08,22.19,21.77,65045,142779109.0,1.9,-0.14,-0.03,1.6
2015-12-23,002550,22.45,23.4,24.0,22.18,222772,515381440.0,8.24,5.98,1.32,5.47
2015-12-24,002550,23.0,22.67,23.37,22.18,113358,257559237.0,5.09,-3.12,-0.73,2.79
2015-12-25,002550,22.79,23.65,23.79,22.21,161269,369419520.0,6.97,4.32,0.98,3.96
2015-12-28,002550,23.68,23.18,24.5,23.01,284014,673465920.0,6.3,-1.99,-0.47,6.98
2015-12-29,002550,22.97,22.4,22.97,22.0,161411,361293376.0,4.18,-3.36,-0.78,3.97
2015-12-30,002550,22.4,22.25,22.58,22.0,96138,213609552.0,2.59,-0.67,-0.15,2.36
2015-12-31,002550,22.2,22.1,22.8,22.09,91653,205444212.0,3.19,-0.67,-0.15,2.26
2016-01-04,002550,22.0,19.89,22.0,19.89,126343,259359208.0,9.55,-10.0,-2.21,3.11
2016-01-05,002550,18.2,18.09,19.4,17.9,174248,322669392.0,7.54,-9.05,-1.8,4.29
2016-01-06,002550,18.21,18.89,19.19,17.82,133062,245784413.0,7.57,4.42,0.8,3.28
2016-01-07,002550,18.34,17.03,18.34,17.0,33687,58677836.0,7.09,-9.85,-1.86,0.83
2016-01-08,002550,17.5,17.15,17.77,15.71,122668,208546200.0,12.1,0.7,0.12,3.02
2016-01-11,002550,16.58,15.44,16.99,15.44,122230,198011661.0,9.04,-9.97,-1.71,3.01
2016-01-12,002550,15.5,15.53,15.79,14.99,93102,143759655.0,5.18,0.58,0.09,2.29
2016-01-13,002550,15.65,15.0,15.91,14.99,75971,117949812.0,5.92,-3.41,-0.53,1.87
2016-01-14,002550,14.4,15.9,15.9,14.18,101958,153796278.0,11.47,6.0,0.9,2.51
2016-01-15,002550,15.8,15.09,15.9,15.0,67542,104270711.0,5.66,-5.09,-0.81,1.66
2016-01-18,002550,14.8,14.94,15.54,14.6,111115,169238226.0,6.23,-0.99,-0.15,2.73
2016-01-19,002550,15.0,15.59,15.75,14.89,98071,150383992.0,5.76,4.35,0.65,2.41
2016-01-20,002550,15.45,15.81,16.15,15.4,106661,169034870.0,4.81,1.41,0.22,2.63
2016-01-21,002550,15.53,15.06,16.03,15.01,97875,152153951.0,6.45,-4.74,-0.75,2.41
2016-01-22,002550,15.25,15.18,15.45,14.77,60733,91910932.0,4.52,0.8,0.12,1.49
2016-01-25,002550,15.4,15.47,15.75,15.28,57809,89646122.0,3.1,1.91,0.29,1.42
2016-01-26,002550,15.33,14.08,15.4,14.0,91645,136265103.0,9.05,-8.99,-1.39,2.26
2016-01-27,002550,14.5,13.96,14.5,13.18,75374,103485794.0,9.38,-0.85,-0.12,1.86
2016-01-28,002550,13.9,13.25,14.03,13.13,49921,68156475.0,6.45,-5.09,-0.71,1.23
2016-01-29,002550,13.4,13.93,14.08,13.13,60719,83324352.0,7.17,5.13,0.68,1.49
2016-02-01,002550,14.0,13.83,14.2,13.55,48114,66970439.0,4.67,-0.72,-0.1,1.18
2016-02-02,002550,13.9,14.32,14.49,13.89,46073,65824294.0,4.34,3.54,0.49,1.13
2016-02-03,002550,14.06,14.72,14.75,14.05,61150,88584588.0,4.89,2.79,0.4,1.51
2016-02-04,002550,14.8,14.97,15.13,14.66,57750,86341352.0,3.19,1.7,0.25,1.42
2016-02-05,002550,15.0,15.04,15.48,14.95,60052,91337482.0,3.54,0.47,0.07,1.48
2016-02-15,002550,14.38,15.11,15.22,14.38,55772,83181237.0,5.59,0.47,0.07,1.37
2016-02-16,002550,15.22,15.73,15.95,15.22,69215,108426300.0,4.83,4.1,0.62,1.7
2016-02-17,002550,15.7,15.75,15.86,15.33,63578,99646202.0,3.37,0.13,0.02,1.56
2016-02-18,002550,15.86,15.52,15.93,15.5,55251,86740134.0,2.73,-1.46,-0.23,1.36
2016-02-19,002550,15.44,15.43,15.64,15.28,48051,74346090.0,2.32,-0.58,-0.09,1.18
2016-02-22,002550,15.78,16.15,16.21,15.59,97354,155349876.0,4.02,4.67,0.72,2.4
2016-02-23,002550,16.22,17.68,17.77,16.2,262348,456630928.0,9.72,9.47,1.53,6.46
2016-02-24,002550,17.3,17.27,17.67,16.79,127012,218891219.0,4.98,-2.32,-0.41,3.13
2016-02-25,002550,17.22,15.56,17.45,15.54,128077,209028491.0,11.06,-9.9,-1.71,3.15
2016-02-26,002550,15.8,15.77,16.15,15.56,82945,131697379.0,3.79,1.35,0.21,2.04
2016-02-29,002550,15.68,14.7,15.68,14.38,67920,100263032.0,8.24,-6.79,-1.07,1.67
2016-03-01,002550,14.73,14.75,14.89,13.9,102494,148701881.0,6.73,0.34,0.05,2.52
2016-03-02,002550,14.68,15.49,15.53,14.58,104168,156630611.0,6.44,5.02,0.74,2.56
2016-03-03,002550,15.53,15.7,15.86,15.25,134474,209645300.0,3.94,1.36,0.21,3.31
2016-03-04,002550,15.64,14.73,15.73,14.48,100447,151453053.0,7.96,-6.18,-0.97,2.47
2016-03-07,002550,14.7,14.86,15.15,14.67,66535,99279561.0,3.26,0.88,0.13,1.64
2016-03-08,002550,14.76,14.83,14.9,14.01,65166,93925079.0,5.99,-0.2,-0.03,1.6
2016-03-09,002550,14.49,14.49,14.91,14.28,45653,66641397.0,4.25,-2.29,-0.34,1.12
2016-03-10,002550,14.5,14.42,14.79,14.32,39463,57536636.0,3.24,-0.48,-0.07,0.97
2016-03-11,002550,14.36,14.18,14.36,14.0,53181,75269269.0,2.5,-1.66,-0.24,1.31
2016-03-14,002550,14.4,14.88,15.0,14.34,77592,115019232.0,4.65,4.94,0.7,1.91
2016-03-15,002550,14.9,14.76,14.97,14.68,45504,67507982.0,1.95,-0.81,-0.12,1.12
2016-03-16,002550,14.98,14.62,15.09,14.5,35365,52227071.0,4.0,-0.95,-0.14,0.87
2016-03-17,002550,14.71,15.17,15.31,14.64,81134,121877062.0,4.58,3.76,0.55,2.0
2016-03-18,002550,15.18,15.76,15.87,15.18,98340,153806736.0,4.55,3.89,0.59,2.42
2016-03-21,002550,16.0,16.25,16.4,15.9,130303,210550219.0,3.17,3.11,0.49,3.21
2016-03-22,002550,16.09,16.03,16.25,15.96,77917,125415334.0,1.78,-1.35,-0.22,1.92
2016-03-23,002550,16.09,16.27,16.58,16.03,90114,146833569.0,3.43,1.5,0.24,2.22
2016-03-24,002550,16.1,16.04,16.12,15.8,79042,126321735.0,1.97,-1.41,-0.23,1.95
2016-03-25,002550,16.04,16.06,16.12,15.9,43697,69982602.0,1.37,0.12,0.02,1.08
2016-03-28,002550,16.13,16.1,16.78,16.04,86284,141546711.0,4.61,0.25,0.04,2.12
2016-03-29,002550,16.11,15.9,16.29,15.59,68269,108655621.0,4.35,-1.24,-0.2,1.68
2016-03-30,002550,16.02,16.37,16.43,15.95,79033,128062203.0,3.02,2.96,0.47,1.95
2016-03-31,002550,16.37,16.37,16.81,16.3,82870,136974513.0,3.12,0.0,0.0,2.04
2016-04-01,002550,16.3,16.58,16.6,15.98,79592,129168836.0,3.79,1.28,0.21,1.96
2016-04-05,002550,16.62,17.2,17.33,16.62,103253,175803992.0,4.28,3.74,0.62,2.54
2016-04-06,002550,17.07,17.05,17.22,16.82,66323,112919899.0,2.33,-0.87,-0.15,1.63
2016-04-07,002550,17.22,16.63,17.25,16.63,64602,108897782.0,3.64,-2.46,-0.42,1.59
2016-04-08,002550,16.49,16.5,16.5,16.21,46816,76446061.0,1.74,-0.78,-0.13,1.15
2016-04-11,002550,16.84,16.88,17.08,16.55,108422,181757663.0,3.21,2.3,0.38,2.67
2016-04-12,002550,16.87,16.96,17.2,16.68,85095,144017682.0,3.08,0.47,0.08,2.09
2016-04-13,002550,17.19,17.15,17.28,17.06,88204,151619420.0,1.3,1.12,0.19,2.17
2016-04-14,002550,17.18,17.18,17.33,17.03,54826,94034855.0,1.75,0.17,0.03,1.35
2016-04-15,002550,17.21,17.03,17.22,16.81,56977,96773755.0,2.39,-0.87,-0.15,1.4
2016-04-18,002550,16.9,16.6,16.9,16.3,65348,108147072.0,3.52,-2.52,-0.43,1.61
2016-04-19,002550,16.6,16.74,16.89,16.4,56703,94143832.0,2.95,0.84,0.14,1.4
2016-04-20,002550,16.74,15.9,16.81,15.41,80151,128402834.0,8.36,-5.02,-0.84,1.97
2016-04-21,002550,15.75,15.77,16.16,15.6,45252,72005710.0,3.52,-0.82,-0.13,1.11
2016-04-22,002550,15.82,15.95,16.14,15.63,60721,96625044.0,3.23,1.14,0.18,1.49
2016-04-25,002550,15.95,16.57,16.7,15.7,77525,126246058.0,6.27,3.89,0.62,1.91
2016-04-26,002550,16.6,16.74,16.95,16.49,85163,142736143.0,2.78,1.03,0.17,2.1
2016-04-27,002550,16.87,17.48,17.9,15.07,159562,277750016.0,16.91,4.42,0.74,3.93
2016-04-28,002550,17.55,17.27,17.65,16.86,106035,182743714.0,4.52,-1.2,-0.21,2.61
2016-04-29,002550,17.26,17.23,17.48,17.1,52097,90263851.0,2.2,-0.23,-0.04,1.28
2016-05-03,002550,17.21,17.79,17.88,17.03,93876,164382156.0,4.93,3.25,0.56,2.31
2016-05-04,002550,17.62,17.54,17.77,17.33,76916,135179157.0,2.47,-1.41,-0.25,1.89
2016-05-05,002550,17.46,17.4,17.64,17.2,50169,87188888.0,2.51,-0.8,-0.14,1.23
2016-05-06,002550,17.42,16.8,17.56,16.8,77418,132689807.0,4.37,-3.45,-0.6,1.91
2016-05-09,002550,16.62,16.36,16.74,16.21,57497,94303171.0,3.15,-2.62,-0.44,1.42
2016-05-10,002550,16.4,16.29,16.49,16.15,31480,51397163.0,2.08,-0.43,-0.07,0.77
2016-05-11,002550,16.37,16.48,16.72,16.2,63252,104233252.0,3.19,1.17,0.19,1.56
2016-05-12,002550,16.2,16.42,16.46,15.88,44374,71763933.0,3.52,-0.36,-0.06,1.09
2016-05-13,002550,16.42,16.39,16.74,16.31,34888,57585278.0,2.62,-0.18,-0.03,0.86
2016-05-16,002550,16.26,16.69,16.71,16.2,38189,62819811.0,3.11,1.83,0.3,0.94
2016-05-17,002550,16.82,16.86,16.88,16.5,49218,82341412.0,2.28,1.02,0.17,1.21
2016-05-18,002550,16.71,16.31,16.71,16.21,42271,69537879.0,2.97,-3.26,-0.55,1.04
2016-05-19,002550,16.31,16.29,16.63,16.29,33747,55473410.0,2.08,-0.12,-0.02,0.83
2016-05-20,002550,16.5,16.46,16.5,16.23,27741,45406557.0,1.66,1.04,0.17,0.68
2016-05-23,002550,16.55,16.97,16.97,16.42,55072,91761116.0,3.34,3.1,0.51,1.36
2016-05-24,002550,17.0,16.82,17.09,16.68,50777,85710798.0,2.42,-0.88,-0.15,1.25
2016-05-25,002550,17.0,16.7,17.09,16.64,38678,65215253.0,2.68,-0.71,-0.12,0.95
2016-05-26,002550,16.66,16.68,16.85,16.25,38021,62819125.0,3.59,-0.12,-0.02,0.93
2016-05-27,002550,16.71,16.86,16.96,16.69,40154,67673844.0,1.62,1.08,0.18,0.99
2016-05-30,002550,16.65,16.5,16.86,16.46,38190,63536537.0,2.37,-2.14,-0.36,0.94
2016-05-31,002550,8.21,8.4,8.44,8.09,167855,140373167.0,2.12,-49.09,-8.1,2.06
2016-06-01,002550,8.42,8.39,8.48,8.27,144797,121315138.0,2.5,-0.12,-0.01,1.78
2016-06-02,002550,8.37,9.02,9.18,8.35,380128,336063616.0,9.89,7.51,0.63,4.67
2016-06-03,002550,9.0,8.88,9.0,8.71,280649,248228857.0,3.22,-1.55,-0.14,3.45
2016-06-06,002550,8.85,8.88,9.07,8.73,162231,144158943.0,3.83,0.0,0.0,1.99
2016-06-07,002550,8.88,8.86,8.98,8.8,97701,86694165.0,2.03,-0.23,-0.02,1.2
2016-06-08,002550,8.88,8.86,8.95,8.68,112908,99288536.0,3.05,0.0,0.0,1.39
2016-06-13,002550,8.78,8.3,8.78,8.28,157353,134769556.0,5.64,-6.32,-0.56,1.93
2016-06-14,002550,8.3,8.32,8.4,8.16,73282,60732998.0,2.89,0.24,0.02,0.9
2016-06-15,002550,8.2,8.54,8.58,8.15,110862,93865287.0,5.17,2.64,0.22,1.36
2016-06-16,002550,8.57,8.38,8.6,8.33,116822,98511088.0,3.16,-1.87,-0.16,1.44
2016-06-17,002550,8.49,8.39,8.59,8.35,86316,73077588.0,2.86,0.12,0.01,1.06
2016-06-20,002550,8.4,8.33,8.5,8.2,96635,80166214.0,3.58,-0.72,-0.06,1.19
2016-06-21,002550,8.42,8.26,8.45,8.2,97150,80732705.0,3.0,-0.84,-0.07,1.19
2016-06-22,002550,8.22,8.34,8.34,8.21,64946,53706148.0,1.57,0.97,0.08,0.8
2016-06-23,002550,8.34,8.34,8.35,8.21,61120,50551024.0,1.68,0.0,0.0,0.75
2016-06-24,002550,8.32,8.19,8.38,7.9,107588,88287183.0,5.76,-1.8,-0.15,1.32
2016-06-27,002550,8.12,8.28,8.35,8.08,161389,132686391.0,3.3,1.1,0.09,1.98
2016-06-28,002550,8.26,8.41,8.41,8.16,146049,121467845.0,3.02,1.57,0.13,1.8
2016-06-29,002550,8.43,8.35,8.46,8.3,106250,88904174.0,1.9,-0.71,-0.06,1.31
2016-06-30,002550,8.36,8.34,8.4,8.27,76233,63333647.0,1.56,-0.12,-0.01,0.94
2016-07-01,002550,8.31,8.3,8.37,8.26,72851,60522984.0,1.32,-0.48,-0.04,0.9
2016-07-04,002550,8.3,8.42,8.45,8.26,222962,185828135.0,2.29,1.45,0.12,2.74
2016-07-05,002550,8.41,8.41,8.45,8.33,133220,111777238.0,1.43,-0.12,-0.01,1.64
2016-07-06,002550,8.39,8.34,8.39,8.29,138358,115231399.0,1.19,-0.83,-0.07,1.7
2016-07-07,002550,8.36,8.51,8.74,8.33,310688,265620484.0,4.92,2.04,0.17,3.82
2016-07-08,002550,8.53,8.46,8.53,8.4,147656,124723282.0,1.53,-0.59,-0.05,1.81
2016-07-11,002550,8.46,8.42,8.55,8.4,170112,144253088.0,1.77,-0.47,-0.04,2.09
2016-07-12,002550,8.42,8.51,8.54,8.37,177287,150001683.0,2.02,1.07,0.09,2.18
2016-07-13,002550,8.53,8.7,8.79,8.53,295723,256805856.0,3.06,2.23,0.19,3.63
2016-07-14,002550,8.74,8.73,8.88,8.64,171076,149387450.0,2.76,0.34,0.03,2.1
2016-07-15,002550,8.73,8.68,8.74,8.62,101774,88210387.0,1.37,-0.57,-0.05,1.25
2016-07-18,002550,8.66,8.6,8.69,8.55,94919,81736404.0,1.61,-0.92,-0.08,1.17
2016-07-19,002550,8.61,8.63,8.68,8.49,130262,111589084.0,2.21,0.35,0.03,1.6
2016-07-20,002550,8.62,8.56,8.62,8.49,128242,109638792.0,1.51,-0.81,-0.07,1.58
2016-07-21,002550,8.56,8.52,8.59,8.49,146950,125352548.0,1.17,-0.47,-0.04,1.81
2016-07-22,002550,8.5,8.33,8.52,8.3,190296,159644274.0,2.58,-2.23,-0.19,2.34
2016-07-25,002550,8.3,8.33,8.39,8.29,115048,95972291.0,1.2,0.0,0.0,1.41
2016-07-26,002550,8.35,8.43,8.49,8.33,125252,105471058.0,1.92,1.2,0.1,1.54
2016-07-27,002550,8.44,8.1,8.44,8.02,223651,183728729.0,4.98,-3.91,-0.33,2.75
2016-07-28,002550,8.1,8.09,8.16,7.93,140348,113156688.0,2.84,-0.12,-0.01,1.73
2016-07-29,002550,8.1,8.16,8.21,8.06,94176,76652788.0,1.85,0.87,0.07,1.16
2016-08-01,002550,8.16,8.09,8.16,7.98,81948,65964527.0,2.21,-0.86,-0.07,1.01
2016-08-02,002550,8.08,8.11,8.13,8.05,53646,43380394.0,0.99,0.25,0.02,0.66
2016-08-03,002550,8.1,8.08,8.12,8.05,53568,43309179.0,0.86,-0.37,-0.03,0.66
2016-08-04,002550,8.08,8.11,8.15,8.05,55512,44997166.0,1.24,0.37,0.03,0.68
2016-08-05,002550,8.1,8.14,8.18,8.08,64720,52678241.0,1.23,0.37,0.03,0.8
2016-08-08,002550,8.14,8.17,8.18,8.1,55731,45386785.0,0.98,0.37,0.03,0.69
2016-08-09,002550,8.16,8.28,8.3,8.15,80825,66555892.0,1.84,1.35,0.11,0.99
2016-08-10,002550,8.26,8.24,8.32,8.23,79888,66036184.0,1.09,-0.48,-0.04,0.98
2016-08-11,002550,8.2,8.15,8.26,8.15,82086,67237549.0,1.33,-1.09,-0.09,1.01
2016-08-12,002550,8.2,8.29,8.3,8.18,88110,72639443.0,1.47,1.72,0.14,1.08
2016-08-15,002550,8.3,8.52,8.62,8.27,219132,184670534.0,4.22,2.77,0.23,2.69
2016-08-16,002550,8.52,8.48,8.55,8.44,123513,104931681.0,1.29,-0.47,-0.04,1.52
2016-08-17,002550,8.49,8.46,8.51,8.42,74146,62749797.0,1.06,-0.24,-0.02,0.91
2016-08-18,002550,8.48,8.4,8.51,8.35,140392,118022080.0,1.89,-0.71,-0.06,1.73
2016-08-19,002550,8.42,8.39,8.46,8.37,91287,76715757.0,1.07,-0.12,-0.01,1.12
2016-08-22,002550,8.39,8.41,8.51,8.37,130474,110191865.0,1.67,0.24,0.02,1.6
2016-08-23,002550,8.42,8.42,8.47,8.38,81092,68284004.0,1.07,0.12,0.01,1.0
2016-08-24,002550,8.44,8.44,8.5,8.42,74784,63260654.0,0.95,0.24,0.02,0.92
2016-08-25,002550,8.4,8.36,8.4,8.28,102980,85766044.0,1.42,-0.95,-0.08,1.27
2016-08-26,002550,8.33,8.43,8.5,8.3,133259,112243698.0,2.39,0.84,0.07,1.64
2016-08-29,002550,8.44,8.45,8.53,8.4,97956,82864008.0,1.54,0.24,0.02,1.2
2016-08-30,002550,8.46,8.44,8.48,8.38,83976,70731526.0,1.18,-0.12,-0.01,1.03
2016-08-31,002550,8.45,8.39,8.45,8.37,73213,61491114.0,0.95,-0.59,-0.05,0.9
2016-09-01,002550,8.4,8.35,8.47,8.35,79409,66708836.0,1.43,-0.48,-0.04,0.98
2016-09-02,002550,8.35,8.3,8.37,8.25,87185,72438359.0,1.44,-0.6,-0.05,1.07
2016-09-05,002550,8.3,8.3,8.33,8.27,45610,37889819.0,0.72,0.0,0.0,0.56
2016-09-06,002550,8.3,8.39,8.4,8.27,130646,108995615.0,1.57,1.08,0.09,1.61
2016-09-07,002550,8.38,8.59,8.62,8.36,287485,244449357.0,3.1,2.38,0.2,3.53
2016-09-08,002550,8.58,8.6,8.67,8.53,162457,139582640.0,1.63,0.12,0.01,2.0
2016-09-09,002550,8.6,8.54,8.76,8.52,153963,133153037.0,2.79,-0.7,-0.06,1.89
2016-09-12,002550,8.39,8.36,8.53,8.35,114717,96777862.0,2.11,-2.11,-0.18,1.41
2016-09-13,002550,8.39,8.45,8.47,8.37,66052,55598139.0,1.2,1.08,0.09,0.81
2016-09-14,002550,8.41,8.72,8.85,8.39,345023,300507776.0,5.44,3.2,0.27,4.24
2016-09-19,002550,8.7,8.73,8.85,8.65,178769,156016317.0,2.29,0.11,0.01,2.2
2016-09-20,002550,8.73,8.74,8.8,8.64,128264,111654937.0,1.83,0.11,0.01,1.58
2016-09-21,002550,8.78,8.91,8.98,8.69,209201,184659641.0,3.32,1.95,0.17,2.57
2016-09-22,002550,8.92,8.83,8.97,8.8,146933,130456310.0,1.91,-0.9,-0.08,1.81
2016-09-23,002550,8.82,8.71,8.84,8.67,91961,80250104.0,1.93,-1.36,-0.12,1.13
2016-09-26,002550,8.69,8.42,8.69,8.42,149679,127945502.0,3.1,-3.33,-0.29,1.84
2016-09-27,002550,8.4,8.52,8.56,8.38,73551,62065365.0,2.14,1.19,0.1,0.9
2016-09-28,002550,8.49,8.42,8.52,8.4,61630,52076029.0,1.41,-1.17,-0.1,0.76
2016-09-29,002550,8.44,8.45,8.5,8.41,49081,41463896.0,1.07,0.36,0.03,0.6
2016-09-30,002550,8.41,8.49,8.49,8.41,37622,31858451.0,0.95,0.47,0.04,0.46
2016-10-10,002550,8.53,8.62,8.62,8.45,106937,91307191.0,2.0,1.53,0.13,1.31
2016-10-11,002550,8.62,8.57,8.62,8.49,110707,94649296.0,1.51,-0.58,-0.05,1.36
2016-10-12,002550,8.53,8.56,8.59,8.5,60125,51390521.0,1.05,-0.12,-0.01,0.74
2016-10-13,002550,8.56,8.51,8.58,8.49,86542,73691048.0,1.05,-0.58,-0.05,1.06
2016-10-14,002550,8.51,8.57,8.57,8.46,67160,57125267.0,1.29,0.71,0.06,0.83
2016-10-17,002550,8.57,8.44,8.57,8.43,73540,62548531.0,1.63,-1.52,-0.13,0.9
2016-10-18,002550,8.45,8.54,8.54,8.42,70891,60238014.0,1.42,1.18,0.1,0.87
2016-10-19,002550,8.54,8.48,8.57,8.44,95271,80854832.0,1.52,-0.7,-0.06,1.17
2016-10-20,002550,8.48,8.43,8.48,8.39,104940,88432418.0,1.06,-0.59,-0.05,1.29
2016-10-21,002550,8.43,8.36,8.45,8.28,95281,79690221.0,2.02,-0.83,-0.07,1.17
2016-10-24,002550,8.34,8.38,8.41,8.31,75133,62928201.0,1.2,0.24,0.02,0.92
2016-10-25,002550,8.38,8.4,8.41,8.36,65537,54942613.0,0.6,0.24,0.02,0.81
2016-10-26,002550,8.41,8.41,8.47,8.37,94497,79559361.0,1.19,0.12,0.01,1.16
2016-10-27,002550,8.43,8.4,8.46,8.38,42502,35754143.0,0.95,-0.12,-0.01,0.52
2016-10-28,002550,8.4,8.33,8.45,8.32,65750,55054553.0,1.55,-0.83,-0.07,0.81
2016-10-31,002550,8.31,8.33,8.34,8.3,41495,34516986.0,0.48,0.0,0.0,0.51
2016-11-01,002550,8.33,8.32,8.35,8.27,78930,65504848.0,0.96,-0.12,-0.01,0.97
2016-11-02,002550,8.34,8.28,8.34,8.25,74160,61439825.0,1.08,-0.48,-0.04,0.91
2016-11-03,002550,8.25,8.28,8.31,8.23,69296,57313672.0,0.97,0.0,0.0,0.85
2016-11-04,002550,8.28,8.23,8.28,8.18,86903,71585730.0,1.21,-0.6,-0.05,1.07
2016-11-07,002550,8.22,8.14,8.23,8.12,99396,81216540.0,1.34,-1.09,-0.09,1.22
2016-11-08,002550,8.17,8.17,8.2,8.14,74959,61219080.0,0.74,0.37,0.03,0.92
2016-11-09,002550,8.19,8.21,8.23,8.1,84329,68849816.0,1.59,0.49,0.04,1.04
2016-11-10,002550,8.25,8.24,8.27,8.22,74219,61194729.0,0.61,0.37,0.03,0.91
2016-11-11,002550,8.23,8.25,8.27,8.19,73910,60779539.0,0.97,0.12,0.01,0.91
2016-11-14,002550,8.25,8.27,8.33,8.24,105146,87114771.0,1.09,0.24,0.02,1.29
2016-11-15,002550,8.29,8.31,8.33,8.25,86252,71444610.0,0.97,0.48,0.04,1.06
2016-11-16,002550,8.3,8.29,8.34,8.27,72811,60415710.0,0.84,-0.24,-0.02,0.89
2016-11-17,002550,8.29,8.27,8.3,8.2,74202,61098012.0,1.21,-0.24,-0.02,0.91
2016-11-18,002550,8.24,8.23,8.26,8.21,48838,40193093.0,0.6,-0.48,-0.04,0.6
2016-11-21,002550,8.21,8.22,8.26,8.19,57120,46941921.0,0.85,-0.12,-0.01,0.7
2016-11-22,002550,8.23,8.23,8.25,8.21,53931,44350063.0,0.49,0.12,0.01,0.66
2016-11-23,002550,8.25,8.28,8.33,8.22,132712,109993638.0,1.34,0.61,0.05,1.63
2016-11-24,002550,8.26,8.19,8.27,8.17,102918,84457319.0,1.21,-1.09,-0.09,1.27
2016-11-25,002550,8.2,8.18,8.21,8.1,68530,55912250.0,1.34,-0.12,-0.01,0.84
2016-11-28,002550,8.18,8.16,8.22,8.14,95334,77882620.0,0.98,-0.24,-0.02,1.17
2016-11-29,002550,8.14,8.13,8.16,8.12,84667,68866211.0,0.49,-0.37,-0.03,1.04
2016-11-30,002550,8.13,8.13,8.17,8.1,61392,49868213.0,0.86,0.0,0.0,0.75
2016-12-01,002550,8.15,8.13,8.16,8.09,75443,61287140.0,0.86,0.0,0.0,0.93
2016-12-02,002550,8.13,8.04,8.13,8.03,91253,73721233.0,1.23,-1.11,-0.09,1.12
2016-12-05,002550,8.0,8.01,8.06,7.95,62167,49762156.0,1.37,-0.37,-0.03,0.76
2016-12-06,002550,8.02,7.93,8.04,7.89,113084,89823961.0,1.87,-1.0,-0.08,1.39
2016-12-07,002550,7.93,7.96,7.96,7.9,53752,42680732.0,0.76,0.38,0.03,0.66
2016-12-08,002550,7.97,7.95,7.97,7.91,42097,33408518.0,0.75,-0.13,-0.01,0.52
2016-12-09,002550,7.96,7.92,7.96,7.91,33807,26794864.0,0.63,-0.38,-0.03,0.42
2016-12-12,002550,7.92,7.47,7.95,7.45,157314,120373107.0,6.31,-5.68,-0.45,1.93
2016-12-13,002550,7.47,7.46,7.51,7.36,52090,38729849.0,2.01,-0.13,-0.01,0.64
2016-12-14,002550,7.46,7.39,7.48,7.38,49524,36754832.0,1.34,-0.94,-0.07,0.61
2016-12-15,002550,7.37,7.43,7.49,7.36,46234,34361559.0,1.76,0.54,0.04,0.57
2016-12-16,002550,7.43,7.47,7.47,7.4,35854,26703255.0,0.94,0.54,0.04,0.44
2016-12-19,002550,7.45,7.44,7.47,7.42,32896,24469159.0,0.67,-0.4,-0.03,0.4
2016-12-20,002550,7.44,7.41,7.45,7.39,36905,27332779.0,0.81,-0.4,-0.03,0.45
2016-12-21,002550,7.41,7.43,7.46,7.4,38439,28538967.0,0.81,0.27,0.02,0.47
2016-12-22,002550,7.48,7.57,7.67,7.46,124211,94153604.0,2.83,1.88,0.14,1.53
2016-12-23,002550,7.56,7.48,7.59,7.47,53268,40060292.0,1.59,-1.19,-0.09,0.65
2016-12-26,002550,7.48,7.46,7.5,7.38,44110,32746635.0,1.6,-0.27,-0.02,0.54
2016-12-27,002550,7.46,7.34,7.46,7.33,155668,114842472.0,1.74,-1.61,-0.12,1.91
2016-12-28,002550,7.35,7.15,7.35,7.1,180133,129577149.0,3.41,-2.59,-0.19,2.21
2016-12-29,002550,7.15,7.1,7.16,7.03,57629,40903129.0,1.82,-0.7,-0.05,0.71
2016-12-30,002550,7.12,7.22,7.28,7.1,97036,69800646.0,2.54,1.69,0.12,1.19
2017-01-03,002550,7.24,7.18,7.25,7.14,72459,52039673.0,1.52,-0.55,-0.04,0.89
2017-01-04,002550,7.17,7.21,7.23,7.1,128449,91819422.0,1.81,0.42,0.03,1.58
2017-01-05,002550,7.18,7.19,7.22,7.17,88089,63394291.0,0.69,-0.28,-0.02,1.08
2017-01-06,002550,7.21,7.1,7.21,7.08,74942,53456596.0,1.81,-1.25,-0.09,0.92
2017-01-09,002550,7.1,7.12,7.15,7.07,45354,32254311.0,1.13,0.28,0.02,0.56
2017-01-10,002550,7.12,7.13,7.14,7.09,41496,29538134.0,0.7,0.14,0.01,0.51
2017-01-11,002550,7.12,7.05,7.15,7.04,51710,36634013.0,1.54,-1.12,-0.08,0.64
2017-01-12,002550,7.04,7.01,7.08,7.0,43485,30603086.0,1.13,-0.57,-0.04,0.53
2017-01-13,002550,7.0,6.84,7.01,6.83,71732,49566242.0,2.57,-2.43,-0.17,0.88
2017-01-16,002550,6.83,6.62,6.83,6.49,94509,62976937.0,4.97,-3.22,-0.22,1.16
2017-01-17,002550,6.58,6.6,6.66,6.46,85989,56303749.0,3.02,-0.3,-0.02,1.06
2017-01-18,002550,6.61,6.59,6.63,6.53,37847,24920307.0,1.52,-0.15,-0.01,0.47
2017-01-19,002550,6.57,6.61,6.62,6.55,35687,23562797.0,1.06,0.3,0.02,0.44
2017-01-20,002550,6.62,6.69,6.72,6.59,43353,28896492.0,1.97,1.21,0.08,0.53
2017-01-23,002550,6.69,6.71,6.77,6.67,43457,29229887.0,1.49,0.3,0.02,0.53
2017-01-24,002550,6.71,6.68,6.74,6.67,24942,16725245.0,1.04,-0.45,-0.03,0.31
2017-01-25,002550,6.64,6.69,6.7,6.62,35739,23855046.0,1.2,0.15,0.01,0.44
2017-01-26,002550,6.7,6.75,6.77,6.67,27468,18506440.0,1.49,0.9,0.06,0.34
2017-02-03,002550,6.75,6.68,6.77,6.68,39059,26222027.0,1.33,-1.04,-0.07,0.48
2017-02-06,002550,6.7,6.82,6.84,6.69,52336,35506463.0,2.25,2.1,0.14,0.64
2017-02-07,002550,6.82,6.75,6.82,6.74,46918,31747512.0,1.17,-1.03,-0.07,0.58
2017-02-08,002550,6.76,6.79,6.8,6.74,34356,23272156.0,0.89,0.59,0.04,0.42
2017-02-09,002550,6.79,6.84,6.85,6.79,56618,38669094.0,0.88,0.74,0.05,0.7
2017-02-10,002550,6.83,6.83,6.9,6.82,53712,36856710.0,1.17,-0.15,-0.01,0.66
2017-02-13,002550,6.87,6.89,6.92,6.85,65640,45191479.0,1.02,0.88,0.06,0.8
2017-02-14,002550,6.89,6.84,6.92,6.82,59629,40800056.0,1.45,-0.73,-0.05,0.73
2017-02-15,002550,6.84,6.79,6.86,6.77,60741,41437992.0,1.32,-0.73,-0.05,0.74
2017-02-16,002550,6.76,6.81,6.81,6.73,47874,32424765.0,1.18,0.29,0.02,0.58
2017-02-17,002550,6.8,6.76,6.82,6.73,47970,32469723.0,1.32,-0.73,-0.05,0.58
2017-02-20,002550,6.73,6.78,6.8,6.72,34016,23019356.0,1.18,0.3,0.02,0.41
2017-02-21,002550,6.78,6.89,6.9,6.78,90412,62014213.0,1.77,1.62,0.11,1.1
2017-02-22,002550,6.89,6.92,6.93,6.85,65016,44820820.0,1.16,0.44,0.03,0.79
2017-02-23,002550,6.89,7.09,7.16,6.85,169368,118816068.0,4.48,2.46,0.17,2.06
2017-02-24,002550,7.05,7.01,7.06,6.96,77699,54458460.0,1.41,-1.13,-0.08,0.98
2017-02-27,002550,7.0,6.97,7.04,6.96,55685,39010646.0,1.14,-0.57,-0.04,0.65
2017-02-28,002550,6.97,6.94,7.01,6.88,43097,29881861.0,1.87,-0.43,-0.03,0.5
2017-03-01,002550,6.96,6.97,7.01,6.93,43943,30679515.0,1.15,0.43,0.03,0.51
2017-03-02,002550,6.98,6.9,6.99,6.9,37886,26258709.0,1.29,-1.0,-0.07,0.44
2017-03-03,002550,6.9,6.87,6.92,6.82,47961,32851088.0,1.45,-0.43,-0.03,0.56
2017-03-06,002550,6.85,6.95,6.95,6.84,43112,29839083.0,1.6,1.16,0.08,0.51
2017-03-07,002550,6.93,6.97,6.98,6.93,41560,28947291.0,0.72,0.29,0.02,0.49
2017-03-08,002550,6.97,6.98,7.02,6.96,43157,30150473.0,0.86,0.14,0.01,0.51
2017-03-09,002550,6.95,6.87,6.98,6.87,44771,30874233.0,1.58,-1.58,-0.11,0.52
2017-03-10,002550,6.86,6.87,6.93,6.85,35002,24081756.0,1.16,0.0,0.0,0.41
2017-03-13,002550,6.87,6.88,6.89,6.8,41910,28697026.0,1.31,0.15,0.01,0.49
2017-03-14,002550,6.91,6.88,6.92,6.86,33867,23360410.0,0.87,0.0,0.0,0.4
2017-03-15,002550,6.88,7.0,7.07,6.87,126358,88587087.0,2.91,1.74,0.12,1.48
2017-03-16,002550,6.98,7.28,7.28,6.97,303783,218864609.0,4.43,4.0,0.28,3.56
2017-03-17,002550,7.28,7.13,7.28,7.11,174072,124803413.0,2.34,-2.06,-0.15,2.04
2017-03-20,002550,7.12,7.16,7.2,7.07,79645,56751338.0,1.82,0.42,0.03,0.93
2017-03-21,002550,7.13,7.08,7.16,7.05,67744,48005544.0,1.54,-1.12,-0.08,0.79
2017-03-22,002550,7.08,6.99,7.08,6.94,99250,69516646.0,1.98,-1.27,-0.09,1.16
2017-03-23,002550,6.97,6.93,7.0,6.86,106754,73985586.0,2.0,-0.86,-0.06,1.25
2017-03-24,002550,6.91,6.96,6.98,6.88,53651,37267943.0,1.44,0.43,0.03,0.63
2017-03-27,002550,6.97,6.93,6.97,6.89,57982,40100041.0,1.15,-0.43,-0.03,0.68
2017-03-28,002550,6.91,6.94,6.98,6.89,56209,38939659.0,1.3,0.14,0.01,0.66
2017-03-29,002550,6.93,6.87,6.95,6.87,65886,45383038.0,1.15,-1.01,-0.07,0.77
2017-03-30,002550,6.86,6.67,6.86,6.66,97733,65852384.0,2.91,-2.91,-0.2,1.15
2017-03-31,002550,6.67,6.69,6.72,6.66,42347,28351379.0,0.9,0.3,0.02,0.5
2017-04-05,002550,6.7,6.79,6.8,6.7,53278,36045333.0,1.49,1.49,0.1,0.62
2017-04-06,002550,6.79,6.79,6.82,6.75,38383,26044573.0,1.03,0.0,0.0,0.45
2017-04-07,002550,6.79,6.76,6.8,6.74,52466,35470305.0,0.88,-0.44,-0.03,0.61
2017-04-10,002550,6.77,6.68,6.78,6.66,71424,47795388.0,1.78,-1.18,-0.08,0.84
2017-04-11,002550,6.68,6.7,6.72,6.62,53988,35997317.0,1.5,0.3,0.02,0.63
2017-04-12,002550,6.68,6.68,6.74,6.66,54521,36526949.0,1.19,-0.3,-0.02,0.64
2017-04-13,002550,6.68,6.73,6.73,6.68,29879,20052803.0,0.75,0.75,0.05,0.35
2017-04-14,002550,6.73,6.67,6.76,6.66,34139,22845805.0,1.49,-0.89,-0.06,0.4
2017-04-17,002550,6.66,6.59,6.66,6.58,47088,31105826.0,1.2,-1.2,-0.08,0.55
2017-04-18,002550,6.59,6.55,6.63,6.54,33537,22055800.0,1.37,-0.61,-0.04,0.39
2017-04-19,002550,6.55,6.44,6.55,6.36,49310,31766720.0,2.9,-1.68,-0.11,0.58
2017-04-20,002550,6.44,6.46,6.53,6.38,34090,22005637.0,2.33,0.31,0.02,0.4
2017-04-21,002550,6.5,6.44,6.5,6.42,25292,16329225.0,1.24,-0.31,-0.02,0.3
2017-04-24,002550,6.43,6.25,6.43,6.2,60316,37722908.0,3.57,-2.95,-0.19,0.71
2017-04-25,002550,6.25,6.3,6.35,6.25,41412,26086686.0,1.6,0.8,0.05,0.49
2017-04-26,002550,6.3,6.31,6.35,6.29,20345,12861625.0,0.95,0.16,0.01,0.24
2017-04-27,002550,6.31,6.33,6.34,6.22,39208,24587579.0,1.9,0.32,0.02,0.46
2017-04-28,002550,6.3,6.4,6.4,6.3,31954,20374757.0,1.58,1.11,0.07,0.37
2017-05-02,002550,6.4,6.43,6.44,6.38,22899,14674312.0,0.94,0.47,0.03,0.27
2017-05-03,002550,6.44,6.43,6.45,6.39,21707,13915477.0,0.93,0.0,0.0,0.25
2017-05-04,002550,6.42,6.38,6.44,6.37,23060,14757721.0,1.09,-0.78,-0.05,0.27
2017-05-05,002550,6.39,6.3,6.39,6.3,27384,17326860.0,1.41,-1.25,-0.08,0.32
2017-05-08,002550,6.29,6.24,6.32,6.23,22633,14189354.0,1.43,-0.95,-0.06,0.27
2017-05-09,002550,6.23,6.34,6.4,6.22,28202,17821662.0,2.88,1.6,0.1,0.33
2017-05-10,002550,6.34,6.25,6.41,6.24,31849,20176579.0,2.68,-1.42,-0.09,0.37
2017-05-11,002550,6.05,6.12,6.2,6.01,67600,41149823.0,3.04,-2.08,-0.13,0.79
2017-05-12,002550,6.15,6.11,6.15,6.1,28238,17287412.0,0.82,-0.16,-0.01,0.33
2017-05-15,002550,6.12,6.11,6.16,6.1,21351,13061467.0,0.98,0.0,0.0,0.25
2017-05-16,002550,6.11,6.16,6.19,6.04,39313,24036098.0,2.45,0.82,0.05,0.46
2017-05-17,002550,6.15,6.2,6.25,6.14,32033,19902823.0,1.79,0.65,0.04,0.38
2017-05-18,002550,6.19,6.19,6.26,6.16,36849,22898646.0,1.61,-0.16,-0.01,0.43
2017-05-19,002550,6.16,6.2,6.22,6.16,19240,11895630.0,0.97,0.16,0.01,0.23
2017-05-22,002550,6.19,6.08,6.22,6.05,29858,18309429.0,2.74,-1.94,-0.12,0.35
2017-05-23,002550,6.08,5.92,6.11,5.91,54527,32798718.0,3.29,-2.63,-0.16,0.64
2017-05-24,002550,5.92,5.94,5.96,5.85,35000,20652868.0,1.86,0.34,0.02,0.41
2017-05-25,002550,5.94,6.03,6.05,5.88,57460,34217804.0,2.86,1.52,0.09,0.67
2017-05-26,002550,6.03,6.04,6.06,6.0,23313,14054374.0,1.0,0.17,0.01,0.27
2017-05-31,002550,6.07,6.0,6.14,5.99,44866,27207798.0,2.48,-0.66,-0.04,0.53
2017-06-01,002550,5.91,5.83,5.95,5.8,33137,19482861.0,2.5,-2.83,-0.17,0.39
2017-06-02,002550,5.83,5.95,5.98,5.82,32272,19012087.0,2.74,2.06,0.12,0.38
2017-06-05,002550,5.89,5.97,5.98,5.89,31507,18712490.0,1.51,0.34,0.02,0.37
2017-06-06,002550,5.97,5.97,6.04,5.93,26664,15970273.0,1.84,0.0,0.0,0.31
2017-06-07,002550,5.97,6.07,6.08,5.97,41418,25021876.0,1.84,1.68,0.1,0.49
2017-06-08,002550,6.06,6.04,6.08,6.03,23597,14275960.0,0.82,-0.49,-0.03,0.28
2017-06-09,002550,6.06,6.02,6.07,6.0,37063,22320142.0,1.16,-0.33,-0.02,0.43
2017-06-12,002550,6.02,5.93,6.02,5.92,42464,25324245.0,1.66,-1.5,-0.09,0.5
2017-06-13,002550,5.93,5.98,6.01,5.9,26826,16029426.0,1.85,0.84,0.05,0.31
2017-06-14,002550,5.96,5.95,6.0,5.94,26524,15830189.0,1.0,-0.5,-0.03,0.31
2017-06-15,002550,5.97,6.05,6.06,5.95,52876,31829480.0,1.85,1.68,0.1,0.62
2017-06-16,002550,6.05,6.02,6.05,5.99,33334,20049501.0,0.99,-0.5,-0.03,0.39
2017-06-19,002550,6.04,6.07,6.08,6.01,42977,26010758.0,1.16,0.83,0.05,0.5
2017-06-20,002550,6.07,6.05,6.09,6.03,43578,26401820.0,0.99,-0.33,-0.02,0.51
2017-06-21,002550,6.05,6.02,6.07,5.98,63700,38269377.0,1.49,-0.5,-0.03,0.75
2017-06-22,002550,6.02,5.97,6.02,5.97,48264,28909922.0,0.83,-0.83,-0.05,0.57
2017-06-23,002550,5.96,5.93,5.97,5.86,67662,39959850.0,1.84,-0.67,-0.04,0.79
2017-06-26,002550,5.92,5.94,5.94,5.88,72442,42810608.0,1.01,0.17,0.01,0.85
2017-06-27,002550,5.93,5.93,5.94,5.89,80379,47479081.0,0.84,-0.17,-0.01,0.94
2017-06-28,002550,5.92,5.88,5.92,5.87,56878,33512907.0,0.84,-0.84,-0.05,0.67
2017-06-29,002550,5.88,5.9,5.92,5.88,35157,20737410.0,0.68,0.34,0.02,0.41
2017-06-30,002550,5.89,5.94,5.95,5.86,67908,40090910.0,1.53,0.68,0.04,0.8
2017-07-03,002550,5.94,5.94,5.95,5.89,92489,54644466.0,1.01,0.0,0.0,1.08
2017-07-04,002550,5.93,5.9,5.94,5.89,96005,56746257.0,0.84,-0.67,-0.04,1.12
2017-07-05,002550,5.9,6.02,6.08,5.88,125567,75050334.0,3.39,2.03,0.12,1.47
2017-07-06,002550,6.01,5.97,6.03,5.93,87130,52058976.0,1.66,-0.83,-0.05,1.02
2017-07-07,002550,6.02,6.01,6.04,5.97,76106,45737351.0,1.17,0.67,0.04,0.89
2017-07-10,002550,6.02,6.0,6.02,5.96,63509,38051357.0,1.0,-0.17,-0.01,0.74
2017-07-11,002550,6.0,5.96,6.02,5.96,55149,32991983.0,1.0,-0.67,-0.04,0.65
2017-07-12,002550,5.95,5.9,5.97,5.86,73960,43665002.0,1.85,-1.01,-0.06,0.87
2017-07-13,002550,5.9,5.89,5.91,5.83,56858,33369240.0,1.36,-0.17,-0.01,0.67
2017-07-14,002550,5.87,5.86,5.91,5.84,48477,28435904.0,1.19,-0.51,-0.03,0.57
2017-07-17,002550,5.87,5.61,5.87,5.58,102038,58074994.0,4.95,-4.27,-0.25,1.2
2017-07-18,002550,5.62,5.57,5.66,5.49,87885,48757673.0,3.03,-0.71,-0.04,1.03
2017-07-19,002550,5.56,5.63,5.64,5.54,49404,27626706.0,1.8,1.08,0.06,0.58
2017-07-20,002550,5.63,5.68,5.73,5.63,40144,22799922.0,1.78,0.89,0.05,0.47
2017-07-21,002550,5.68,5.66,5.68,5.64,23359,13218354.0,0.7,-0.35,-0.02,0.27
2017-07-24,002550,5.65,5.68,5.74,5.63,31854,18094064.0,1.94,0.35,0.02,0.37
2017-07-25,002550,5.7,5.69,5.72,5.66,29832,16979884.0,1.06,0.18,0.01,0.35
2017-07-26,002550,5.69,5.69,5.7,5.65,28317,16042931.0,0.88,0.0,0.0,0.33
2017-07-27,002550,5.67,5.76,5.8,5.64,66370,38028181.0,2.81,1.23,0.07,0.78
2017-07-28,002550,5.76,5.73,5.76,5.71,36808,21105011.0,0.87,-0.52,-0.03,0.43
2017-07-31,002550,5.73,5.72,5.74,5.68,37820,21616769.0,1.05,-0.17,-0.01,0.44
2017-08-01,002550,5.72,5.72,5.74,5.69,34329,19623294.0,0.87,0.0,0.0,0.4
2017-08-02,002550,5.73,5.68,5.73,5.68,36170,20621902.0,0.87,-0.7,-0.04,0.42
2017-08-03,002550,5.68,5.68,5.71,5.64,35023,19867774.0,1.23,0.0,0.0,0.41
2017-08-04,002550,5.67,5.67,5.71,5.65,44457,25249799.0,1.06,-0.18,-0.01,0.52
2017-08-07,002550,5.67,5.74,5.74,5.66,39957,22828244.0,1.41,1.23,0.07,0.47
2017-08-08,002550,5.71,5.74,5.75,5.7,39714,22752586.0,0.87,0.0,0.0,0.47
2017-08-09,002550,5.74,6.09,6.27,5.73,354683,212842979.0,9.41,6.1,0.35,4.16
2017-08-10,002550,6.0,5.97,6.13,5.92,188711,113372937.0,3.45,-1.97,-0.12,2.21
2017-08-11,002550,5.94,5.97,6.06,5.9,120754,71931068.0,2.68,0.0,0.0,1.41
2017-08-14,002550,5.96,6.02,6.07,5.95,86783,52235607.0,2.01,0.84,0.05,1.02
2017-08-15,002550,6.03,5.97,6.04,5.93,70281,41916704.0,1.83,-0.83,-0.05,0.82
2017-08-16,002550,5.98,5.98,6.02,5.94,60074,35944877.0,1.34,0.17,0.01,0.7
2017-08-17,002550,6.0,6.06,6.13,5.95,87940,53313560.0,3.01,1.34,0.08,1.03
2017-08-18,002550,6.02,6.05,6.07,6.0,53734,32455538.0,1.16,-0.17,-0.01,0.63
2017-08-21,002550,6.05,6.06,6.1,6.0,68622,41506157.0,1.65,0.17,0.01,0.8
2017-08-22,002550,6.04,5.98,6.05,5.96,83727,50220246.0,1.49,-1.32,-0.08,0.98
2017-08-23,002550,5.99,5.98,6.02,5.94,43044,25710518.0,1.34,0.0,0.0,0.5
2017-08-24,002550,5.98,5.95,6.0,5.95,30496,18206359.0,0.84,-0.5,-0.03,0.36
2017-08-25,002550,5.95,6.01,6.01,5.94,36531,21883923.0,1.18,1.01,0.06,0.43
2017-08-28,002550,6.01,6.13,6.15,5.97,134376,81651089.0,3.0,2.0,0.12,1.57
2017-08-29,002550,6.09,6.06,6.14,6.05,83897,51051096.0,1.47,-1.14,-0.07,0.98
2017-08-30,002550,6.06,6.06,6.08,6.03,42808,25948453.0,0.83,0.0,0.0,0.5
2017-08-31,002550,6.04,6.06,6.08,6.02,57218,34565111.0,0.99,0.0,0.0,0.67
2017-09-01,002550,6.06,6.07,6.1,6.03,52458,31786733.0,1.16,0.17,0.01,0.61
2017-09-04,002550,6.09,6.08,6.11,6.05,51234,31153348.0,0.99,0.16,0.01,0.6
2017-09-05,002550,6.08,6.11,6.12,6.06,53740,32766734.0,0.99,0.49,0.03,0.63
2017-09-06,002550,6.12,6.1,6.12,6.07,52469,31998223.0,0.82,-0.16,-0.01,0.61
2017-09-07,002550,6.08,6.12,6.2,6.07,86759,53224465.0,2.13,0.33,0.02,1.02
2017-09-08,002550,6.11,6.15,6.16,6.08,52860,32384227.0,1.31,0.49,0.03,0.62
2017-09-11,002550,6.17,6.16,6.23,6.13,71399,44076724.0,1.63,0.16,0.01,0.84
2017-09-12,002550,6.19,6.11,6.19,6.1,61457,37674308.0,1.46,-0.81,-0.05,0.72
2017-09-13,002550,6.11,6.29,6.31,6.08,152755,95127304.0,3.76,2.95,0.18,1.79
2017-09-14,002550,6.35,6.37,6.58,6.34,436568,280542192.0,3.82,1.27,0.08,5.12
2017-09-15,002550,6.35,6.28,6.36,6.26,118985,74878392.0,1.57,-1.41,-0.09,1.39
2017-09-18,002550,6.25,6.28,6.31,6.22,68394,42867042.0,1.43,0.0,0.0,0.8
2017-09-19,002550,6.27,6.22,6.31,6.22,62936,39364244.0,1.43,-0.96,-0.06,0.74
2017-09-20,002550,6.22,6.25,6.28,6.19,55822,34804172.0,1.45,0.48,0.03,0.65
2017-09-21,002550,6.25,6.23,6.29,6.23,41076,25702400.0,0.96,-0.32,-0.02,0.48
2017-09-22,002550,6.23,6.13,6.24,6.07,90390,55475792.0,2.73,-1.61,-0.1,1.06
2017-09-25,002550,6.09,6.09,6.15,6.08,33981,20807788.0,1.14,-0.65,-0.04,0.4
2017-09-26,002550,6.09,6.06,6.1,6.04,54986,33358648.0,0.99,-0.49,-0.03,0.64
2017-09-27,002550,6.07,6.1,6.12,6.04,36138,21972476.0,1.32,0.66,0.04,0.42
2017-09-28,002550,6.11,6.08,6.14,6.07,37945,23189979.0,1.15,-0.33,-0.02,0.44
2017-09-29,002550,6.09,6.11,6.13,6.07,35442,21582840.0,0.99,0.49,0.03,0.42
2017-10-09,002550,6.18,6.15,6.21,6.1,68984,42309581.0,1.8,0.65,0.04,0.81
2017-10-10,002550,6.16,6.31,6.32,6.13,136321,85357146.0,3.09,2.6,0.16,1.6
2017-10-11,002550,6.33,6.24,6.37,6.23,90851,57146748.0,2.22,-1.11,-0.07,1.06
2017-10-12,002550,6.27,6.24,6.29,6.19,50125,31216725.0,1.6,0.0,0.0,0.59
2017-10-13,002550,6.24,6.26,6.26,6.22,37760,23581667.0,0.64,0.32,0.02,0.44
2017-10-16,002550,6.26,6.1,6.28,6.1,73935,45490293.0,2.88,-2.56,-0.16,0.87
2017-10-17,002550,6.1,6.08,6.13,6.06,47725,29090574.0,1.15,-0.33,-0.02,0.56
2017-10-18,002550,6.09,6.1,6.14,6.07,34323,20956230.0,1.15,0.33,0.02,0.4
2017-10-19,002550,6.1,6.09,6.12,6.07,41469,25280946.0,0.82,-0.16,-0.01,0.49
2017-10-20,002550,6.1,6.15,6.15,6.08,27667,16941086.0,1.15,0.99,0.06,0.32
2017-10-23,002550,6.18,6.17,6.2,6.16,33831,20896051.0,0.65,0.33,0.02,0.4
2017-10-24,002550,6.13,6.12,6.15,6.07,57899,35461837.0,1.3,-0.81,-0.05,0.68
2017-10-25,002550,6.12,6.15,6.16,6.11,35541,21790710.0,0.82,0.49,0.03,0.42
2017-10-26,002550,6.16,6.23,6.24,6.12,64431,39902248.0,1.95,1.3,0.08,0.75
2017-10-27,002550,6.23,6.17,6.23,6.15,40706,25150970.0,1.28,-0.96,-0.06,0.48
2017-10-30,002550,6.17,6.05,6.18,6.0,62914,38236868.0,2.92,-1.94,-0.12,0.74
2017-10-31,002550,6.06,6.03,6.09,6.0,44598,26921310.0,1.49,-0.33,-0.02,0.52
2017-11-01,002550,6.03,6.02,6.06,6.0,23709,14288332.0,1.0,-0.17,-0.01,0.28
2017-11-02,002550,6.0,5.94,6.02,5.92,63884,38095030.0,1.66,-1.33,-0.08,0.75
2017-11-03,002550,5.92,5.86,5.94,5.84,48625,28580324.0,1.68,-1.35,-0.08,0.57
2017-11-06,002550,5.86,5.92,5.92,5.86,26219,15431351.0,1.02,1.02,0.06,0.31
2017-11-07,002550,5.91,5.9,5.94,5.87,26433,15557286.0,1.18,-0.34,-0.02,0.31
2017-11-08,002550,5.89,5.88,5.9,5.86,30159,17744418.0,0.68,-0.34,-0.02,0.35
2017-11-09,002550,5.88,5.91,5.91,5.86,27883,16429676.0,0.85,0.51,0.03,0.33
2017-11-10,002550,5.9,5.88,5.91,5.87,26609,15668584.0,0.68,-0.51,-0.03,0.31
2017-11-13,002550,5.89,5.86,5.89,5.85,28536,16731542.0,0.68,-0.34,-0.02,0.33
2017-11-14,002550,5.86,5.79,5.86,5.79,36870,21459059.0,1.19,-1.19,-0.07,0.43
2017-11-15,002550,5.79,5.81,5.83,5.77,27823,16124544.0,1.04,0.35,0.02,0.33
2017-11-16,002550,5.79,5.77,5.8,5.76,23487,13575446.0,0.69,-0.69,-0.04,0.28
2017-11-17,002550,5.78,5.63,5.78,5.62,66328,37641928.0,2.77,-2.43,-0.14,0.78
2017-11-20,002550,5.62,5.58,5.62,5.51,34268,19009135.0,1.95,-0.89,-0.05,0.4
2017-11-21,002550,5.59,5.55,5.6,5.53,27154,15105590.0,1.25,-0.54,-0.03,0.32
2017-11-22,002550,5.53,5.56,5.6,5.5,35388,19601757.0,1.8,0.18,0.01,0.41
2017-11-23,002550,5.56,5.52,5.59,5.52,24750,13745119.0,1.26,-0.72,-0.04,0.29
2017-11-24,002550,5.52,5.6,5.65,5.5,38510,21452777.0,2.72,1.45,0.08,0.45
2017-11-27,002550,5.58,5.53,5.61,5.53,43114,23986629.0,1.43,-1.25,-0.07,0.51
2017-11-28,002550,5.53,5.58,5.58,5.53,24850,13827602.0,0.9,0.9,0.05,0.29
2017-11-29,002550,5.57,5.55,5.58,5.53,19819,10994781.0,0.9,-0.54,-0.03,0.23
2017-11-30,002550,5.55,5.56,5.59,5.53,26167,14562574.0,1.08,0.18,0.01,0.31
2017-12-01,002550,5.58,5.57,5.59,5.53,16336,9099350.0,1.08,0.18,0.01,0.19
2017-12-04,002550,5.56,5.54,5.58,5.53,18362,10193987.0,0.9,-0.54,-0.03,0.22
2017-12-05,002550,5.54,5.42,5.56,5.41,44668,24473373.0,2.71,-2.17,-0.12,0.53
2017-12-06,002550,5.39,5.44,5.45,5.37,21998,11890397.0,1.48,0.37,0.02,0.26
2017-12-07,002550,5.43,5.45,5.48,5.43,13048,7119819.0,0.92,0.18,0.01,0.15
2017-12-08,002550,5.46,5.48,5.48,5.45,12381,6772623.0,0.55,0.55,0.03,0.15
2017-12-11,002550,5.48,5.48,5.49,5.46,15471,8474645.0,0.55,0.0,0.0,0.18
2017-12-12,002550,5.48,5.41,5.49,5.4,15762,8567183.0,1.64,-1.28,-0.07,0.19
2017-12-13,002550,5.44,5.45,5.46,5.41,15351,8347621.0,0.92,0.74,0.04,0.18
2017-12-14,002550,5.42,5.46,5.46,5.42,33451,18184232.0,0.73,0.18,0.01,0.39
2017-12-15,002550,5.45,5.55,5.65,5.44,65835,36459394.0,3.85,1.65,0.09,0.78
2017-12-18,002550,5.53,5.49,5.54,5.48,33068,18232258.0,1.08,-1.08,-0.06,0.39
2017-12-19,002550,5.51,5.55,5.55,5.5,17680,9776825.0,0.91,1.09,0.06,0.21
2017-12-20,002550,5.54,5.49,5.56,5.48,17343,9547675.0,1.44,-1.08,-0.06,0.2
2017-12-21,002550,5.47,5.44,5.49,5.38,16639,9031834.0,2.0,-0.91,-0.05,0.2
2017-12-22,002550,5.43,5.44,5.48,5.41,14605,7939126.0,1.29,0.0,0.0,0.17
2017-12-25,002550,5.44,5.38,5.45,5.36,21895,11790113.0,1.65,-1.1,-0.06,0.26
2017-12-26,002550,5.38,5.38,5.41,5.36,18152,9766057.0,0.93,0.0,0.0,0.21
2017-12-27,002550,5.38,5.38,5.4,5.37,16741,9006442.0,0.56,0.0,0.0,0.2
2017-12-28,002550,5.38,5.39,5.42,5.37,14839,8006968.0,0.93,0.19,0.01,0.18
2017-12-29,002550,5.39,5.43,5.44,5.39,16782,9072969.0,0.93,0.74,0.04,0.2
2018-01-02,002550,5.43,5.43,5.46,5.41,20263,11026970.0,0.92,0.0,0.0,0.24
2018-01-03,002550,5.45,5.48,5.48,5.41,25497,13918630.0,1.29,0.92,0.05,0.3
2018-01-04,002550,5.46,5.5,5.5,5.45,22806,12491146.0,0.91,0.36,0.02,0.27
2018-01-05,002550,5.48,5.55,5.55,5.48,27596,15227014.0,1.27,0.91,0.05,0.33
2018-01-08,002550,5.54,5.49,5.54,5.46,28725,15770109.0,1.44,-1.08,-0.06,0.34
2018-01-09,002550,5.49,5.53,5.58,5.47,38050,21053604.0,2.0,0.73,0.04,0.45
2018-01-10,002550,5.5,5.47,5.51,5.45,27016,14792159.0,1.08,-1.08,-0.06,0.32
2018-01-11,002550,5.46,5.48,5.5,5.43,16570,9054012.0,1.28,0.18,0.01,0.2
2018-01-12,002550,5.47,5.47,5.51,5.46,16565,9087240.0,0.91,-0.18,-0.01,0.2
2018-01-15,002550,5.48,5.44,5.48,5.39,39991,21679244.0,1.65,-0.55,-0.03,0.47
2018-01-16,002550,5.44,5.41,5.44,5.37,23525,12728708.0,1.29,-0.55,-0.03,0.28
2018-01-17,002550,5.42,5.41,5.43,5.38,25427,13723791.0,0.92,0.0,0.0,0.3
2018-01-18,002550,5.41,5.41,5.42,5.38,19823,10696321.0,0.74,0.0,0.0,0.23
2018-01-19,002550,5.41,5.42,5.43,5.39,21433,11588915.0,0.74,0.18,0.01,0.25
2018-01-22,002550,5.42,5.58,5.62,5.39,108263,60140890.0,4.24,2.95,0.16,1.28
2018-01-23,002550,5.58,5.66,5.69,5.55,98684,55729154.0,2.51,1.43,0.08,1.16
2018-01-24,002550,5.63,5.62,5.66,5.59,46704,26224897.0,1.24,-0.71,-0.04,0.55
2018-01-25,002550,5.62,5.54,5.66,5.54,64535,36068484.0,2.14,-1.42,-0.08,0.76
2018-01-26,002550,5.54,5.54,5.58,5.5,24947,13828072.0,1.44,0.0,0.0,0.29
2018-01-29,002550,5.54,5.42,5.54,5.39,43893,24010254.0,2.71,-2.17,-0.12,0.52
2018-01-30,002550,5.47,5.48,5.59,5.43,35842,19652581.0,2.95,1.11,0.06,0.42
2018-01-31,002550,5.47,5.41,5.49,5.38,30798,16668216.0,2.01,-1.28,-0.07,0.36
2018-02-01,002550,5.41,5.28,5.43,5.26,45086,23975286.0,3.14,-2.4,-0.13,0.53
2018-02-02,002550,5.29,5.29,5.32,5.25,18917,9980001.0,1.33,0.19,0.01,0.22
2018-02-05,002550,5.28,5.33,5.37,5.26,30043,16031022.0,2.08,0.76,0.04,0.35
2018-02-06,002550,5.29,5.23,5.32,5.22,35702,18754752.0,1.88,-1.88,-0.1,0.42
2018-02-07,002550,5.26,5.23,5.3,5.21,22827,11950442.0,1.72,0.0,0.0,0.27
2018-02-08,002550,5.24,5.27,5.29,5.22,15769,8288992.0,1.34,0.76,0.04,0.19
2018-02-09,002550,5.24,5.15,5.25,5.14,51338,26618583.0,2.09,-2.28,-0.12,0.61
2018-02-12,002550,5.18,5.25,5.27,5.17,18182,9491255.0,1.94,1.94,0.1,0.21
2018-02-13,002550,5.29,5.3,5.31,5.23,26509,14002725.0,1.52,0.95,0.05,0.31
2018-02-14,002550,5.3,5.27,5.3,5.24,9979,5251751.0,1.13,-0.57,-0.03,0.12
2018-02-22,002550,5.29,5.31,5.34,5.26,13150,6965258.0,1.52,0.76,0.04,0.16
2018-02-23,002550,5.31,5.27,5.31,5.27,10522,5560154.0,0.75,-0.75,-0.04,0.12
2018-02-26,002550,5.27,5.33,5.33,5.26,21172,11232075.0,1.33,1.14,0.06,0.25
2018-02-27,002550,5.33,5.3,5.36,5.29,19289,10255620.0,1.31,-0.56,-0.03,0.23
2018-02-28,002550,5.28,5.49,5.54,5.28,107197,58336634.0,4.91,3.58,0.19,1.27
2018-03-01,002550,5.44,5.5,5.52,5.43,48209,26476625.0,1.64,0.18,0.01,0.57
2018-03-02,002550,5.5,5.57,5.58,5.47,63763,35408572.0,2.0,1.27,0.07,0.75
2018-03-05,002550,5.62,5.79,5.82,5.57,137866,78572195.0,4.49,3.95,0.22,1.63
2018-03-06,002550,5.75,5.87,5.91,5.7,118677,69036958.0,3.63,1.38,0.08,1.4
2018-03-07,002550,5.86,5.75,5.86,5.75,71037,41150755.0,1.87,-2.04,-0.12,0.84
2018-03-08,002550,5.76,5.8,5.83,5.75,43922,25447444.0,1.39,0.87,0.05,0.49
2018-03-09,002550,5.77,5.92,5.93,5.74,91914,53644547.0,3.28,2.07,0.12,1.02
2018-03-12,002550,5.89,5.93,6.03,5.89,69711,41525161.0,2.36,0.17,0.01,0.77
2018-03-13,002550,5.9,5.85,5.92,5.81,57836,33860201.0,1.85,-1.35,-0.08,0.64
2018-03-14,002550,5.84,5.8,5.85,5.77,71176,41215540.0,1.37,-0.85,-0.05,0.79
2018-03-15,002550,5.8,5.8,5.88,5.74,72883,42264576.0,2.41,0.0,0.0,0.81
2018-03-16,002550,5.81,5.95,6.1,5.79,164352,98245707.0,5.34,2.59,0.15,1.82
2018-03-19,002550,5.98,5.96,6.02,5.91,59686,35693045.0,1.85,0.17,0.01,0.66
2018-03-20,002550,5.92,6.03,6.04,5.86,84280,50619644.0,3.02,1.17,0.07,0.93
2018-03-21,002550,6.03,5.99,6.04,5.97,50955,30562851.0,1.16,-0.66,-0.04,0.56
2018-03-22,002550,5.96,5.96,6.0,5.92,35588,21187630.0,1.34,-0.5,-0.03,0.39
2018-03-23,002550,5.86,5.7,5.9,5.66,124700,72200341.0,4.03,-4.36,-0.26,1.38
2018-03-26,002550,5.68,5.9,5.9,5.61,74739,43485063.0,5.09,3.51,0.2,0.83
2018-03-27,002550,5.88,6.01,6.08,5.88,123717,74351410.0,3.39,1.86,0.11,1.37
2018-03-28,002550,5.97,6.0,6.04,5.94,95862,57474603.0,1.66,-0.17,-0.01,1.06
2018-03-29,002550,6.01,6.01,6.03,5.94,49395,29545749.0,1.5,0.17,0.01,0.55
2018-03-30,002550,6.01,6.07,6.09,5.97,73065,44128778.0,2.0,1.0,0.06,0.81
2018-04-02,002550,6.07,6.01,6.09,6.01,41897,25293370.0,1.32,-0.99,-0.06,0.46
2018-04-03,002550,5.96,5.97,6.01,5.93,40454,24145561.0,1.33,-0.67,-0.04,0.45
2018-04-04,002550,6.01,6.12,6.23,6.0,127104,78279940.0,3.85,2.51,0.15,1.41
2018-04-09,002550,6.08,6.16,6.18,6.07,54134,33186711.0,1.8,0.65,0.04,0.6
2018-04-10,002550,6.12,6.07,6.15,6.0,62170,37655638.0,2.44,-1.46,-0.09,0.69
2018-04-11,002550,6.06,6.08,6.16,6.06,49951,30430248.0,1.65,0.16,0.01,0.55
2018-04-12,002550,6.05,6.21,6.25,6.02,106905,66049798.0,3.78,2.14,0.13,1.18
2018-04-13,002550,6.28,6.13,6.37,6.06,114364,71209227.0,4.99,-1.29,-0.08,1.27
2018-04-16,002550,6.07,6.11,6.15,6.06,71950,43895716.0,1.47,-0.33,-0.02,0.8
2018-04-17,002550,6.13,6.09,6.17,6.06,70691,43129703.0,1.8,-0.33,-0.02,0.78
2018-04-18,002550,6.09,6.03,6.12,5.93,76263,45888393.0,3.12,-0.99,-0.06,0.84
2018-04-19,002550,6.02,6.03,6.07,5.98,47662,28752744.0,1.49,0.0,0.0,0.53
2018-04-20,002550,6.05,5.96,6.15,5.96,54235,32880764.0,3.15,-1.16,-0.07,0.6
2018-04-23,002550,5.93,5.85,6.02,5.79,71086,41705703.0,3.86,-1.85,-0.11,0.79
2018-04-24,002550,5.85,5.93,5.95,5.85,24971,14778658.0,1.71,1.37,0.08,0.28
2018-04-25,002550,5.93,6.18,6.22,5.9,119566,73113362.0,5.4,4.22,0.25,1.32
2018-04-26,002550,6.18,6.19,6.29,6.13,144054,89871544.0,2.59,0.16,0.01,1.59
2018-04-27,002550,6.16,6.43,6.46,6.16,242498,154452029.0,4.85,3.88,0.24,2.68
2018-05-02,002550,6.44,6.42,6.55,6.33,117171,75473716.0,3.42,-0.16,-0.01,1.3
2018-05-03,002550,6.4,6.44,6.46,6.33,81596,52259499.0,2.02,0.31,0.02,0.9
2018-05-04,002550,6.46,6.42,6.54,6.38,98171,63389691.0,2.48,-0.31,-0.02,1.09
2018-05-07,002550,6.36,6.51,6.53,6.35,130592,83914038.0,2.8,1.4,0.09,1.45
2018-05-08,002550,6.46,6.45,6.51,6.44,45717,29562435.0,1.08,-0.92,-0.06,0.51
2018-05-09,002550,6.46,6.42,6.47,6.37,63848,40989562.0,1.55,-0.47,-0.03,0.71
2018-05-10,002550,6.43,6.49,6.5,6.36,66558,42784239.0,2.18,1.09,0.07,0.74
2018-05-11,002550,6.51,6.51,6.67,6.42,184118,120678889.0,3.85,0.31,0.02,2.04
2018-05-14,002550,6.47,6.34,6.52,6.3,106556,67978997.0,3.38,-2.61,-0.17,1.18
2018-05-15,002550,6.34,6.43,6.47,6.31,70934,45336690.0,2.52,1.42,0.09,0.78
2018-05-16,002550,6.42,6.55,6.63,6.39,209829,137192396.0,3.73,1.87,0.12,2.32
2018-05-17,002550,6.47,6.42,6.57,6.38,61164,39577192.0,2.9,-1.98,-0.13,0.68
2018-05-18,002550,6.49,6.7,6.78,6.46,243133,161741455.0,4.98,4.36,0.28,2.69
2018-05-21,002550,6.81,6.75,6.85,6.64,172150,115594114.0,3.13,0.75,0.05,1.9
2018-05-22,002550,6.71,6.83,6.86,6.67,163756,111179951.0,2.81,1.19,0.08,1.81
2018-05-23,002550,6.83,6.8,6.92,6.78,137861,94541597.0,2.05,-0.44,-0.03,1.53
2018-05-24,002550,6.81,6.81,6.84,6.68,79236,53619595.0,2.35,0.15,0.01,0.88
2018-05-25,002550,6.83,6.74,6.95,6.68,79948,54165493.0,3.96,-1.03,-0.07,0.88
2018-05-28,002550,6.72,6.77,6.78,6.64,141177,94860503.0,2.08,0.45,0.03,1.56
2018-05-29,002550,6.77,6.54,6.83,6.54,129061,86584050.0,4.28,-3.4,-0.23,1.43
2018-05-30,002550,6.41,6.42,6.64,6.4,134155,87248692.0,3.67,-1.83,-0.12,1.48
2018-05-31,002550,6.51,6.48,6.58,6.38,86923,56173934.0,3.12,0.93,0.06,0.96
2018-06-01,002550,6.42,6.25,6.54,6.19,179598,113037145.0,5.4,-3.55,-0.23,1.99
2018-06-04,002550,6.27,6.09,6.29,6.06,137513,84321893.0,3.68,-2.56,-0.16,1.52
2018-06-05,002550,6.09,6.2,6.21,6.08,83153,51400713.0,2.13,1.81,0.11,0.92
2018-06-06,002550,6.24,6.3,6.3,6.17,70191,43764744.0,2.1,1.61,0.1,0.78
2018-06-07,002550,6.3,6.14,6.31,6.13,72103,44663150.0,2.86,-2.54,-0.16,0.8
2018-06-08,002550,6.19,6.16,6.19,6.09,46944,28762729.0,1.63,0.33,0.02,0.52
2018-06-11,002550,6.17,6.09,6.19,6.03,61183,37274578.0,2.6,-1.14,-0.07,0.68
2018-06-12,002550,6.09,6.09,6.11,5.97,65848,39757083.0,2.3,0.0,0.0,0.73
2018-06-13,002550,6.09,6.07,6.23,6.03,75314,46034700.0,3.28,-0.33,-0.02,0.83
2018-06-14,002550,6.08,6.03,6.14,6.0,52736,31902180.0,2.31,-0.66,-0.04,0.58
2018-06-15,002550,6.02,5.92,6.02,5.88,62881,37332442.0,2.32,-1.82,-0.11,0.7
2018-06-19,002550,5.89,5.52,5.89,5.39,111840,63049141.0,8.45,-6.76,-0.4,1.24
2018-06-20,002550,5.46,5.68,5.76,5.45,48220,27142997.0,5.62,2.9,0.16,0.53
2018-06-21,002550,5.66,5.47,5.66,5.4,47484,26359623.0,4.58,-3.7,-0.21,0.53
2018-06-22,002550,5.46,5.53,5.58,5.39,35115,19371136.0,3.47,1.1,0.06,0.39
2018-06-25,002550,5.54,5.56,5.63,5.54,29716,16593068.0,1.63,0.54,0.03,0.33
2018-06-26,002550,5.49,5.6,5.65,5.46,43114,24044654.0,3.42,0.72,0.04,0.48
2018-06-27,002550,5.6,5.5,5.63,5.49,62028,34329226.0,2.5,-1.79,-0.1,0.69
2018-06-28,002550,5.52,5.49,5.57,5.46,50477,27900982.0,2.0,-0.18,-0.01,0.56
2018-06-29,002550,5.47,5.59,5.65,5.41,59210,32827355.0,4.37,1.82,0.1,0.66
2018-07-02,002550,5.66,5.55,5.75,5.52,59557,33540468.0,4.11,-0.72,-0.04,0.66
2018-07-03,002550,5.54,5.65,5.65,5.45,54591,30238792.0,3.6,1.8,0.1,0.6
2018-07-04,002550,5.99,5.84,6.0,5.74,195305,114239398.0,4.6,3.36,0.19,2.16
2018-07-05,002550,5.8,5.5,5.83,5.5,112457,63222303.0,5.65,-5.82,-0.34,1.24
2018-07-06,002550,5.55,5.57,5.68,5.47,85921,47759303.0,3.82,1.27,0.07,0.95
2018-07-09,002550,5.59,5.73,5.75,5.54,98585,55963094.0,3.77,2.87,0.16,1.09
2018-07-10,002550,5.71,5.7,5.74,5.62,73805,41911036.0,2.09,-0.52,-0.03,0.82
2018-07-11,002550,5.64,5.55,5.67,5.51,57953,32276154.0,2.81,-2.63,-0.15,0.64
2018-07-12,002550,5.57,5.74,5.74,5.54,88840,50523819.0,3.6,3.42,0.19,0.98
2018-07-13,002550,5.72,5.77,5.82,5.69,61442,35397481.0,2.26,0.52,0.03,0.68
2018-07-16,002550,5.77,5.72,5.77,5.7,37125,21238781.0,1.21,-0.87,-0.05,0.41
2018-07-17,002550,5.72,5.72,5.75,5.65,34047,19386464.0,1.75,0.0,0.0,0.38
2018-07-18,002550,5.73,5.55,5.78,5.55,77893,44045496.0,4.02,-2.97,-0.17,0.86
2018-07-19,002550,5.54,5.5,5.59,5.41,65097,35787577.0,3.24,-0.9,-0.05,0.72
2018-07-20,002550,5.5,5.54,5.54,5.4,46307,25343473.0,2.55,0.73,0.04,0.51
2018-07-23,002550,5.44,5.31,5.44,5.24,128377,68064632.0,3.61,-4.15,-0.23,1.42
2018-07-24,002550,5.29,5.34,5.38,5.26,136513,72673559.0,2.26,0.56,0.03,1.51
2018-07-25,002550,5.34,5.36,5.37,5.27,84891,45189518.0,1.87,0.37,0.02,0.94
2018-07-26,002550,5.34,5.35,5.38,5.32,59832,31992491.0,1.12,-0.19,-0.01,0.66
2018-07-27,002550,5.35,5.33,5.38,5.31,54787,29237153.0,1.31,-0.37,-0.02,0.61
2018-07-30,002550,5.33,5.22,5.33,5.2,56546,29712337.0,2.44,-2.06,-0.11,0.63
2018-07-31,002550,5.21,5.23,5.25,5.19,28417,14843065.0,1.15,0.19,0.01,0.31
2018-08-01,002550,5.29,5.27,5.33,5.23,52432,27698115.0,1.91,0.76,0.04,0.58
2018-08-02,002550,5.25,5.15,5.28,5.04,50550,26028766.0,4.55,-2.28,-0.12,0.56
2018-08-03,002550,5.12,5.08,5.15,5.08,24082,12292064.0,1.36,-1.36,-0.07,0.27
2018-08-06,002550,5.12,5.02,5.12,5.0,32837,16537272.0,2.36,-1.18,-0.06,0.36
2018-08-07,002550,5.05,5.03,5.08,4.92,96275,47993242.0,3.19,0.2,0.01,1.07
2018-08-08,002550,4.99,4.9,5.0,4.89,58759,28971497.0,2.19,-2.58,-0.13,0.65
2018-08-09,002550,4.87,4.91,4.93,4.76,114513,55551855.0,3.47,0.2,0.01,1.27
2018-08-10,002550,4.87,4.9,4.93,4.85,63765,31203968.0,1.63,-0.2,-0.01,0.71
2018-08-13,002550,4.86,4.89,4.89,4.79,49066,23733551.0,2.04,-0.2,-0.01,0.54
2018-08-14,002550,4.91,4.93,4.96,4.9,40062,19743485.0,1.23,0.82,0.04,0.44
2018-08-15,002550,4.92,4.8,4.93,4.8,46696,22629759.0,2.64,-2.64,-0.13,0.52
2018-08-16,002550,4.78,4.73,4.8,4.7,33383,15839920.0,2.08,-1.46,-0.07,0.37
2018-08-17,002550,4.75,4.59,4.79,4.57,62650,29213915.0,4.65,-2.96,-0.14,0.69
2018-08-20,002550,4.58,4.6,4.63,4.52,33400,15253706.0,2.4,0.22,0.01,0.37
2018-08-21,002550,4.6,4.64,4.67,4.59,28075,13026882.0,1.74,0.87,0.04,0.31
2018-08-22,002550,4.64,4.67,4.75,4.64,31306,14681967.0,2.37,0.65,0.03,0.35
2018-08-23,002550,4.68,4.64,4.68,4.59,35028,16228692.0,1.93,-0.64,-0.03,0.39
2018-08-24,002550,4.63,4.61,4.65,4.58,25920,11972365.0,1.51,-0.65,-0.03,0.29
2018-08-27,002550,4.6,4.71,4.73,4.6,43160,20242061.0,2.82,2.17,0.1,0.48
2018-08-28,002550,4.73,4.8,4.81,4.7,45511,21650543.0,2.34,1.91,0.09,0.5
2018-08-29,002550,4.79,4.75,4.9,4.73,33455,15932746.0,3.54,-1.04,-0.05,0.37
2018-08-30,002550,4.73,4.64,4.76,4.64,28827,13535276.0,2.53,-2.32,-0.11,0.32
2018-08-31,002550,4.68,4.63,4.68,4.6,18502,8564854.0,1.72,-0.22,-0.01,0.2
2018-09-03,002550,4.62,4.64,4.65,4.56,21780,10009281.0,1.94,0.22,0.01,0.24
2018-09-04,002550,4.63,4.76,4.8,4.61,52327,24825034.0,4.09,2.59,0.12,0.58
2018-09-05,002550,4.75,4.72,4.81,4.71,28854,13737599.0,2.1,-0.84,-0.04,0.32
2018-09-06,002550,4.72,4.73,4.74,4.64,34036,15998882.0,2.12,0.21,0.01,0.38
2018-09-07,002550,4.72,4.72,4.78,4.7,22124,10497282.0,1.69,-0.21,-0.01,0.24
2018-09-10,002550,4.65,4.69,4.77,4.65,26071,12316421.0,2.54,-0.64,-0.03,0.29
2018-09-11,002550,4.69,4.68,4.74,4.64,19318,9050612.0,2.13,-0.21,-0.01,0.21
2018-09-12,002550,4.73,4.71,4.75,4.66,27573,12966459.0,1.92,0.64,0.03,0.31
2018-09-13,002550,4.73,4.74,4.76,4.68,21932,10341311.0,1.7,0.64,0.03,0.24
2018-09-14,002550,4.74,4.73,4.75,4.72,12749,6036779.0,0.63,-0.21,-0.01,0.14
2018-09-17,002550,4.74,4.67,4.74,4.67,12851,6024353.0,1.48,-1.27,-0.06,0.14
2018-09-18,002550,4.67,4.7,4.71,4.65,17388,8133773.0,1.28,0.64,0.03,0.19
2018-09-19,002550,4.68,4.73,4.75,4.68,23553,11118666.0,1.49,0.64,0.03,0.26
2018-09-20,002550,4.72,4.74,4.77,4.72,20464,9707662.0,1.06,0.21,0.01,0.23
2018-09-21,002550,4.76,4.81,4.83,4.73,40150,19240571.0,2.11,1.48,0.07,0.44
2018-09-25,002550,4.79,4.8,4.81,4.76,15044,7205664.0,1.04,-0.21,-0.01,0.17
2018-09-26,002550,4.79,4.78,4.82,4.76,30294,14508148.0,1.25,-0.42,-0.02,0.34
2018-09-27,002550,4.78,4.78,4.83,4.78,25697,12340554.0,1.05,0.0,0.0,0.28
2018-09-28,002550,4.79,4.78,4.79,4.74,18211,8672374.0,1.05,0.0,0.0,0.2
2018-10-08,002550,4.71,4.58,4.71,4.58,31539,14684205.0,2.72,-4.18,-0.2,0.35
2018-10-09,002550,4.59,4.56,4.64,4.55,22448,10299989.0,1.97,-0.44,-0.02,0.25
2018-10-10,002550,4.56,4.54,4.62,4.5,22936,10435475.0,2.63,-0.44,-0.02,0.25
2018-10-11,002550,4.49,4.12,4.49,4.09,69681,29660821.0,8.81,-9.25,-0.42,0.77
2018-10-12,002550,4.11,4.1,4.15,3.95,35767,14493466.0,4.85,-0.49,-0.02,0.4
2018-10-15,002550,4.11,4.02,4.14,4.0,28626,11636351.0,3.41,-1.95,-0.08,0.32
2018-10-16,002550,4.02,3.81,4.05,3.78,43729,17251012.0,6.72,-5.22,-0.21,0.48
2018-10-17,002550,3.86,3.87,3.9,3.7,44668,17040204.0,5.25,1.57,0.06,0.49
2018-10-18,002550,3.83,3.78,3.84,3.76,24877,9454172.0,2.07,-2.33,-0.09,0.28
2018-10-19,002550,3.76,3.8,3.84,3.7,58987,22295844.0,3.7,0.53,0.02,0.65
2018-10-22,002550,3.83,3.98,4.01,3.83,86928,34220963.0,4.74,4.74,0.18,0.96
2018-10-23,002550,4.0,3.89,4.0,3.86,44269,17375634.0,3.52,-2.26,-0.09,0.49
2018-10-24,002550,3.89,3.9,3.94,3.86,35244,13743063.0,2.06,0.26,0.01,0.39
2018-10-25,002550,3.84,3.89,3.89,3.81,28751,11048998.0,2.05,-0.26,-0.01,0.32
2018-10-26,002550,3.91,3.94,3.97,3.89,42882,16847418.0,2.06,1.29,0.05,0.47
2018-10-29,002550,3.9,3.95,4.0,3.89,30467,12037340.0,2.79,0.25,0.01,0.34
2018-10-30,002550,3.94,3.99,4.0,3.9,32953,13052693.0,2.53,1.01,0.04,0.36
2018-10-31,002550,4.0,4.02,4.04,3.97,34731,13959027.0,1.75,0.75,0.03,0.38
2018-11-01,002550,4.01,4.0,4.07,4.0,39166,15813079.0,1.74,-0.5,-0.02,0.43
2018-11-02,002550,4.04,4.08,4.09,4.04,43114,17526253.0,1.25,2.0,0.08,0.48
2018-11-05,002550,4.08,4.13,4.18,4.04,76023,31233658.0,3.43,1.23,0.05,0.84
2018-11-06,002550,4.13,4.1,4.14,4.06,40376,16493522.0,1.94,-0.73,-0.03,0.45
2018-11-07,002550,4.11,4.1,4.15,4.09,36391,14986468.0,1.46,0.0,0.0,0.4
2018-11-08,002550,4.12,4.1,4.14,4.08,25187,10347286.0,1.46,0.0,0.0,0.28
2018-11-09,002550,4.08,4.06,4.09,4.05,24534,9985104.0,0.98,-0.98,-0.04,0.27
2018-11-12,002550,4.08,4.15,4.15,4.05,40529,16670202.0,2.46,2.22,0.09,0.45
2018-11-13,002550,4.13,4.28,4.31,4.11,82652,35006003.0,4.82,3.13,0.13,0.91
2018-11-14,002550,4.25,4.29,4.38,4.24,83087,35925264.0,3.27,0.23,0.01,0.92
2018-11-15,002550,4.3,4.36,4.37,4.27,65568,28409010.0,2.33,1.63,0.07,0.73
2018-11-16,002550,4.38,4.37,4.42,4.34,48663,21301763.0,1.83,0.23,0.01,0.54
2018-11-19,002550,4.39,4.37,4.42,4.32,37550,16342702.0,2.29,0.0,0.0,0.42
2018-11-20,002550,4.34,4.23,4.37,4.2,64203,27457836.0,3.89,-3.2,-0.14,0.71
2018-11-21,002550,4.2,4.22,4.26,4.17,68604,28871242.0,2.13,-0.24,-0.01,0.76
2018-11-22,002550,4.26,4.3,4.3,4.23,63131,26921484.0,1.66,1.9,0.08,0.7
2018-11-23,002550,4.3,4.1,4.3,4.09,58429,24307893.0,4.88,-4.65,-0.2,0.65
2018-11-26,002550,4.1,4.13,4.14,4.07,25397,10458350.0,1.71,0.73,0.03,0.28
2018-11-27,002550,4.14,4.13,4.17,4.12,26587,11021990.0,1.21,0.0,0.0,0.29
2018-11-28,002550,4.13,4.15,4.15,4.05,33512,13774562.0,2.42,0.48,0.02,0.37
2018-11-29,002550,4.14,4.07,4.19,4.06,37186,15379786.0,3.13,-1.93,-0.08,0.41
2018-11-30,002550,4.04,4.08,4.1,4.02,29068,11803025.0,1.97,0.25,0.01,0.32
2018-12-03,002550,4.15,4.17,4.2,4.12,49091,20425948.0,1.96,2.21,0.09,0.54
2018-12-04,002550,4.17,4.21,4.22,4.15,42620,17842573.0,1.68,0.96,0.04,0.47
2018-12-05,002550,4.15,4.22,4.25,4.13,45139,18889128.0,2.85,0.24,0.01,0.5
2018-12-06,002550,4.2,4.14,4.2,4.13,34215,14231216.0,1.66,-1.9,-0.08,0.38
2018-12-07,002550,4.17,4.08,4.17,4.06,44797,18365254.0,2.66,-1.45,-0.06,0.5
2018-12-10,002550,4.08,4.0,4.08,3.99,32328,12968170.0,2.21,-1.96,-0.08,0.36
2018-12-11,002550,3.99,4.02,4.03,3.99,19486,7818334.0,1.0,0.5,0.02,0.22
2018-12-12,002550,4.02,4.02,4.04,4.0,23597,9486835.0,1.0,0.0,0.0,0.26
2018-12-13,002550,4.04,4.03,4.06,4.01,26290,10619051.0,1.24,0.25,0.01,0.29
2018-12-14,002550,4.03,4.02,4.07,4.0,35392,14252110.0,1.74,-0.25,-0.01,0.39
2018-12-17,002550,3.98,3.96,4.0,3.92,27382,10812300.0,1.99,-1.49,-0.06,0.3
2018-12-18,002550,3.96,3.93,3.96,3.89,21355,8374490.0,1.77,-0.76,-0.03,0.24
2018-12-19,002550,3.93,3.88,3.94,3.86,24916,9681847.0,2.04,-1.27,-0.05,0.28
2018-12-20,002550,3.87,3.92,3.95,3.86,22186,8678446.0,2.32,1.03,0.04,0.25
2018-12-21,002550,3.9,3.89,3.9,3.85,21506,8326292.0,1.28,-0.77,-0.03,0.24
2018-12-24,002550,3.86,3.89,3.91,3.84,20361,7884442.0,1.8,0.0,0.0,0.23
2018-12-25,002550,3.85,3.83,3.86,3.78,24176,9230594.0,2.06,-1.54,-0.06,0.27
2018-12-26,002550,3.85,3.78,3.85,3.77,24996,9495478.0,2.09,-1.31,-0.05,0.28
2018-12-27,002550,3.82,3.74,3.83,3.74,29476,11185879.0,2.38,-1.06,-0.04,0.33
2018-12-28,002550,3.75,3.8,3.8,3.73,19238,7245255.0,1.87,1.6,0.06,0.21
2019-01-02,002550,3.81,3.77,3.83,3.76,15997,6048951.0,1.84,-0.79,-0.03,0.18
2019-01-03,002550,3.77,3.76,3.8,3.74,17180,6463532.0,1.59,-0.27,-0.01,0.19
2019-01-04,002550,3.72,3.83,3.83,3.7,29654,11207931.0,3.46,1.86,0.07,0.33
2019-01-07,002550,3.83,3.9,3.91,3.82,28645,11078129.0,2.35,1.83,0.07,0.32
2019-01-08,002550,3.87,3.92,3.93,3.87,18860,7358133.0,1.54,0.51,0.02,0.21
2019-01-09,002550,3.93,3.97,4.0,3.91,47029,18681015.0,2.3,1.28,0.05,0.52
2019-01-10,002550,3.96,3.98,4.01,3.96,26579,10570486.0,1.26,0.25,0.01,0.29
2019-01-11,002550,3.98,3.99,4.0,3.95,26485,10520741.0,1.26,0.25,0.01,0.29
2019-01-14,002550,4.0,4.05,4.06,3.98,45161,18165826.0,2.01,1.5,0.06,0.5
2019-01-15,002550,4.04,4.03,4.05,3.99,30251,12153817.0,1.48,-0.49,-0.02,0.33
2019-01-16,002550,4.03,4.06,4.07,4.02,22822,9247119.0,1.24,0.74,0.03,0.25
2019-01-17,002550,4.05,3.98,4.06,3.98,28072,11306857.0,1.97,-1.97,-0.08,0.31
2019-01-18,002550,4.01,4.03,4.04,3.99,26297,10561492.0,1.26,1.26,0.05,0.29
2019-01-21,002550,4.05,4.06,4.09,4.02,31094,12627400.0,1.74,0.74,0.03,0.34
2019-01-22,002550,4.07,4.01,4.07,4.0,18724,7549752.0,1.72,-1.23,-0.05,0.21
2019-01-23,002550,4.0,4.01,4.04,3.98,18908,7580294.0,1.5,0.0,0.0,0.21
2019-01-24,002550,4.01,4.02,4.03,3.98,25166,10085043.0,1.25,0.25,0.01,0.28
2019-01-25,002550,4.01,4.0,4.04,3.98,22747,9126526.0,1.49,-0.5,-0.02,0.25
2019-01-28,002550,4.0,3.96,4.01,3.96,24329,9685244.0,1.25,-1.0,-0.04,0.27
2019-01-29,002550,3.96,3.86,3.97,3.85,29986,11672027.0,3.03,-2.53,-0.1,0.33
2019-01-30,002550,3.87,3.83,3.88,3.82,20437,7847432.0,1.55,-0.78,-0.03,0.23
2019-01-31,002550,3.85,3.8,3.85,3.79,21299,8131765.0,1.57,-0.78,-0.03,0.24
2019-02-01,002550,3.81,3.88,3.88,3.8,18765,7213220.0,2.11,2.11,0.08,0.21
2019-02-11,002550,3.87,3.94,3.94,3.87,33398,13041477.0,1.8,1.55,0.06,0.37
2019-02-12,002550,3.94,4.09,4.1,3.93,74496,30185440.0,4.31,3.81,0.15,0.82
2019-02-13,002550,4.07,4.09,4.12,4.04,59002,24057952.0,1.96,0.0,0.0,0.65
2019-02-14,002550,4.1,4.13,4.17,4.09,53457,22080552.0,1.96,0.98,0.04,0.59
2019-02-15,002550,4.13,4.14,4.18,4.1,51794,21475107.0,1.94,0.24,0.01,0.57
2019-02-18,002550,4.15,4.24,4.25,4.15,68269,28762934.0,2.42,2.42,0.1,0.76
2019-02-19,002550,4.24,4.18,4.29,4.15,98296,41226404.0,3.3,-1.42,-0.06,1.09
2019-02-20,002550,4.19,4.18,4.2,4.15,36261,15141526.0,1.2,0.0,0.0,0.4
2019-02-21,002550,4.2,4.13,4.22,4.12,79667,33197426.0,2.39,-1.2,-0.05,0.88
2019-02-22,002550,4.11,4.18,4.18,4.11,43192,17915207.0,1.69,1.21,0.05,0.48
2019-02-25,002550,4.21,4.35,4.37,4.18,124265,53449531.0,4.55,4.07,0.17,1.37
2019-02-26,002550,4.36,4.44,4.6,4.31,187091,83610903.0,6.67,2.07,0.09,2.07
2019-02-27,002550,4.44,4.46,4.48,4.39,127191,56389377.0,2.03,0.45,0.02,1.41
2019-02-28,002550,4.47,4.63,4.67,4.44,195600,89549759.0,5.16,3.81,0.17,2.16
2019-03-01,002550,4.65,4.55,4.67,4.48,117086,53080047.0,4.1,-1.73,-0.08,1.3
2019-03-04,002550,4.55,4.68,4.71,4.55,194204,90379325.0,3.52,2.86,0.13,2.15
2019-03-05,002550,4.66,4.77,4.83,4.62,141996,67463095.0,4.49,1.92,0.09,1.57
2019-03-06,002550,4.79,4.88,4.91,4.7,173614,83445416.0,4.4,2.31,0.11,1.92
2019-03-07,002550,4.92,5.37,5.37,4.86,387146,201795579.0,10.45,10.04,0.49,4.28
2019-03-08,002550,5.57,5.26,5.9,5.16,708087,389473632.0,13.78,-2.05,-0.11,7.83
2019-03-11,002550,5.45,5.36,5.65,5.14,611854,325475840.0,9.7,1.9,0.1,6.77
2019-03-12,002550,5.36,5.3,5.43,5.16,649348,341031280.0,5.04,-1.12,-0.06,7.19
2019-03-13,002550,5.33,5.16,5.48,5.13,507394,267484904.0,6.6,-2.64,-0.14,5.61
2019-03-14,002550,5.08,4.85,5.14,4.76,336136,165752531.0,7.36,-6.01,-0.31,3.72
2019-03-15,002550,4.86,4.92,4.97,4.85,172534,84577091.0,2.47,1.44,0.07,1.91
2019-03-18,002550,4.92,5.04,5.04,4.85,192846,95687847.0,3.86,2.44,0.12,2.13
2019-03-19,002550,5.01,5.02,5.05,4.95,161051,80514778.0,1.98,-0.4,-0.02,1.78
2019-03-20,002550,5.01,4.95,5.01,4.87,161925,80029778.0,2.79,-1.39,-0.07,1.79
2019-03-21,002550,4.96,5.01,5.02,4.93,174372,87069304.0,1.82,1.21,0.06,1.93
2019-03-22,002550,5.03,4.97,5.03,4.91,138573,68657310.0,2.4,-0.8,-0.04,1.53
2019-03-25,002550,4.89,4.96,5.06,4.84,151604,75389128.0,4.43,-0.2,-0.01,1.68
2019-03-26,002550,4.95,4.82,5.01,4.8,156173,76237236.0,4.23,-2.82,-0.14,1.73
2019-03-27,002550,4.84,5.0,5.01,4.81,167291,81737796.0,4.15,3.73,0.18,1.85
2019-03-28,002550,4.99,4.91,5.07,4.91,157910,78934330.0,3.2,-1.8,-0.09,1.75
2019-03-29,002550,4.91,5.09,5.14,4.82,252960,126856448.0,6.52,3.67,0.18,2.8
2019-04-01,002550,5.14,5.19,5.21,5.12,282820,146234015.0,1.77,1.96,0.1,3.13
2019-04-02,002550,5.21,5.13,5.22,5.12,190318,98337190.0,1.93,-1.16,-0.06,2.11
2019-04-03,002550,5.11,5.21,5.27,5.08,225614,117077822.0,3.7,1.56,0.08,2.5
2019-04-04,002550,5.21,5.16,5.23,5.11,231269,119425389.0,2.3,-0.96,-0.05,2.56
2019-04-08,002550,5.2,5.12,5.22,5.03,195431,100162927.0,3.68,-0.78,-0.04,2.16
2019-04-09,002550,5.1,5.26,5.28,5.05,263435,136952920.0,4.49,2.73,0.14,2.91
2019-04-10,002550,5.3,5.36,5.39,5.23,336451,178969037.0,3.04,1.9,0.1,3.72
2019-04-11,002550,5.42,5.21,5.58,5.2,349963,188499034.0,7.09,-2.8,-0.15,3.87
2019-04-12,002550,5.15,5.09,5.2,5.0,213096,108469464.0,3.84,-2.3,-0.12,2.36
2019-04-15,002550,5.13,5.01,5.17,5.01,132957,67715780.0,3.14,-1.57,-0.08,1.47
2019-04-16,002550,5.0,5.11,5.11,4.97,109407,55253464.0,2.79,2.0,0.1,1.21
2019-04-17,002550,5.1,5.17,5.17,5.07,131062,67051712.0,1.96,1.17,0.06,1.45
2019-04-18,002550,5.22,5.32,5.49,5.14,320316,169813157.0,6.77,2.9,0.15,3.54
2019-04-19,002550,5.26,5.3,5.32,5.17,160029,84040601.0,2.82,-0.38,-0.02,1.77
2019-04-22,002550,5.27,5.21,5.35,5.17,151172,79664010.0,3.4,-1.7,-0.09,1.67
2019-04-23,002550,5.19,5.12,5.21,5.08,153427,78724321.0,2.5,-1.73,-0.09,1.7
2019-04-24,002550,5.14,5.17,5.17,5.08,90959,46646775.0,1.76,0.98,0.05,1.01
2019-04-25,002550,5.18,5.05,5.25,5.02,134237,69173919.0,4.45,-2.32,-0.12,1.49
2019-04-26,002550,5.01,5.01,5.09,4.98,106584,53581198.0,2.18,-0.79,-0.04,1.18
2019-04-29,002550,5.0,4.82,5.02,4.8,120443,58829060.0,4.39,-3.79,-0.19,1.33
2019-04-30,002550,4.84,4.83,4.88,4.76,83823,40537022.0,2.49,0.21,0.01,0.93
2019-05-06,002550,4.69,4.37,4.69,4.35,146534,65863025.0,7.04,-9.52,-0.46,1.62
2019-05-07,002550,4.45,4.49,4.5,4.37,95964,42534738.0,2.97,2.75,0.12,1.06
2019-05-08,002550,4.45,4.79,4.82,4.39,206115,96431858.0,9.58,6.68,0.3,2.28
2019-05-09,002550,4.73,4.92,4.93,4.68,225332,108397059.0,5.22,2.71,0.13,2.49
2019-05-10,002550,4.96,4.84,4.96,4.66,230027,110692424.0,6.1,-1.63,-0.08,2.55
2019-05-13,002550,4.75,4.74,4.84,4.72,84679,40420614.0,2.48,-2.07,-0.1,0.94
2019-05-14,002550,4.7,4.63,4.76,4.62,80330,37640619.0,2.95,-2.32,-0.11,0.89
2019-05-15,002550,4.69,4.74,4.75,4.65,56856,26699838.0,2.16,2.38,0.11,0.63
2019-05-16,002550,4.73,4.74,4.76,4.69,66853,31599640.0,1.48,0.0,0.0,0.74
2019-05-17,002550,4.75,4.57,4.75,4.55,81952,38101681.0,4.22,-3.59,-0.17,0.91
2019-05-20,002550,4.59,4.64,4.65,4.43,70953,32087029.0,4.81,1.53,0.07,0.79
2019-05-21,002550,4.65,4.65,4.69,4.61,66677,31020374.0,1.72,0.22,0.01,0.74
2019-05-22,002550,4.69,4.64,4.69,4.6,46109,21447975.0,1.94,-0.22,-0.01,0.51
2019-05-23,002550,4.66,4.54,4.67,4.53,48638,22244217.0,3.02,-2.16,-0.1,0.54
2019-05-24,002550,4.51,4.55,4.55,4.5,31041,14047667.0,1.1,0.22,0.01,0.34
2019-05-27,002550,4.55,4.66,4.67,4.5,61856,28367450.0,3.74,2.42,0.11,0.68
2019-05-28,002550,4.56,4.51,4.57,4.49,54978,24919913.0,1.72,-3.22,-0.15,0.61
2019-05-29,002550,4.51,4.51,4.53,4.48,29286,13199950.0,1.11,0.0,0.0,0.32
2019-05-30,002550,4.51,4.49,4.51,4.44,31233,13938693.0,1.55,-0.44,-0.02,0.35
2019-05-31,002550,4.47,4.45,4.5,4.45,34612,15472324.0,1.11,-0.89,-0.04,0.38
2019-06-03,002550,4.43,4.41,4.46,4.35,38674,17030699.0,2.47,-0.9,-0.04,0.43
2019-06-04,002550,4.41,4.35,4.41,4.33,39066,16976217.0,1.81,-1.36,-0.06,0.43
2019-06-05,002550,4.37,4.34,4.4,4.33,24573,10708402.0,1.61,-0.23,-0.01,0.27
2019-06-06,002550,4.34,4.2,4.34,4.19,39407,16726940.0,3.46,-3.23,-0.14,0.44
2019-06-10,002550,4.2,4.23,4.25,4.19,26399,11133967.0,1.43,0.71,0.03,0.29
2019-06-11,002550,4.25,4.38,4.39,4.23,41879,18172167.0,3.78,3.55,0.15,0.46
2019-06-12,002550,4.39,4.32,4.39,4.31,29357,12740373.0,1.83,-1.37,-0.06,0.32
2019-06-13,002550,4.32,4.35,4.35,4.29,27694,11980843.0,1.39,0.69,0.03,0.31
2019-06-14,002550,4.44,4.51,4.7,4.44,189628,86560513.0,5.98,3.68,0.16,2.1
2019-06-17,002550,4.46,4.6,4.65,4.46,103924,47710087.0,4.21,2.0,0.09,1.15
2019-06-18,002550,4.6,4.51,4.61,4.49,59478,26889003.0,2.61,-1.96,-0.09,0.66
2019-06-19,002550,4.58,4.59,4.65,4.56,104295,48085813.0,2.0,1.77,0.08,1.15
2019-06-20,002550,4.6,4.65,4.67,4.57,100843,46763274.0,2.18,1.31,0.06,1.11
2019-06-21,002550,4.63,4.65,4.69,4.63,81376,37892540.0,1.29,0.0,0.0,0.9
2019-06-24,002550,4.65,4.67,4.68,4.64,66167,30827515.0,0.86,0.43,0.02,0.73
2019-06-25,002550,4.67,4.65,4.68,4.61,58408,27131927.0,1.5,-0.43,-0.02,0.65
2019-06-26,002550,4.64,4.73,4.74,4.63,64206,30215724.0,2.37,1.72,0.08,0.71
2019-06-27,002550,4.72,4.72,4.75,4.7,52727,24889907.0,1.06,-0.21,-0.01,0.58
2019-06-28,002550,4.71,4.64,4.74,4.62,61630,28821280.0,2.54,-1.69,-0.08,0.68
2019-07-01,002550,4.72,4.7,4.73,4.67,64188,30161466.0,1.29,1.29,0.06,0.71
2019-07-02,002550,4.69,4.78,4.78,4.68,72723,34550639.0,2.13,1.7,0.08,0.8
2019-07-03,002550,4.76,4.74,4.79,4.72,70846,33747415.0,1.46,-0.84,-0.04,0.78
2019-07-04,002550,4.78,4.8,4.8,4.75,65582,31334802.0,1.05,1.27,0.06,0.72
2019-07-05,002550,4.8,4.82,4.83,4.75,58491,28002968.0,1.67,0.42,0.02,0.65
2019-07-08,002550,4.82,4.71,4.82,4.69,75175,35728084.0,2.7,-2.28,-0.11,0.83
2019-07-09,002550,4.7,4.74,4.76,4.68,50214,23742427.0,1.7,0.64,0.03,0.55
2019-07-10,002550,4.74,4.76,4.8,4.74,65116,31078416.0,1.27,0.42,0.02,0.72
2019-07-11,002550,4.79,4.87,4.89,4.77,77558,37555429.0,2.52,2.31,0.11,0.86
2019-07-12,002550,4.88,4.89,4.92,4.85,87906,42976814.0,1.44,0.41,0.02,0.97
2019-07-15,002550,4.91,4.97,4.97,4.84,88286,43475233.0,2.66,1.64,0.08,0.98
2019-07-16,002550,4.98,5.04,5.05,4.95,88931,44630764.0,2.01,1.41,0.07,0.98
2019-07-17,002550,5.04,4.94,5.05,4.92,92972,46176271.0,2.58,-1.98,-0.1,1.03
2019-07-18,002550,4.94,4.83,4.96,4.83,75818,37152259.0,2.63,-2.23,-0.11,0.84
2019-07-19,002550,4.89,4.96,4.97,4.82,72047,35560019.0,3.11,2.69,0.13,0.8
2019-07-22,002550,4.96,4.8,4.97,4.76,87593,42605743.0,4.23,-3.23,-0.16,0.97
2019-07-23,002550,4.85,4.8,4.87,4.78,39436,19009522.0,1.88,0.0,0.0,0.44
2019-07-24,002550,4.85,4.8,4.89,4.75,53518,25790791.0,2.92,0.0,0.0,0.59
2019-07-25,002550,4.83,4.73,4.83,4.71,49618,23509870.0,2.5,-1.46,-0.07,0.55
2019-07-26,002550,4.72,4.67,4.73,4.66,37441,17513797.0,1.48,-1.27,-0.06,0.41
2019-07-29,002550,4.65,4.77,4.77,4.65,55444,26177959.0,2.57,2.14,0.1,0.61
2019-07-30,002550,4.74,4.75,4.78,4.72,36453,17317039.0,1.26,-0.42,-0.02,0.4
2019-07-31,002550,4.73,4.79,4.82,4.72,44880,21489319.0,2.11,0.84,0.04,0.5
2019-08-01,002550,4.79,4.85,4.86,4.77,50499,24406063.0,1.88,1.25,0.06,0.56
2019-08-02,002550,4.76,4.8,4.85,4.75,46851,22541704.0,2.06,-1.03,-0.05,0.52
2019-08-05,002550,4.79,4.8,4.88,4.77,54345,26274760.0,2.29,0.0,0.0,0.6
2019-08-06,002550,4.71,4.65,4.76,4.6,77027,36028416.0,3.33,-3.13,-0.15,0.85
2019-08-07,002550,4.7,4.7,4.74,4.67,57471,27116607.0,1.51,1.08,0.05,0.64
2019-08-08,002550,4.71,4.8,4.8,4.71,41288,19731030.0,1.91,2.13,0.1,0.46
2019-08-09,002550,4.82,4.86,4.89,4.78,79846,38695781.0,2.29,1.25,0.06,0.88
2019-08-12,002550,4.9,4.89,4.94,4.81,48980,23855858.0,2.67,0.62,0.03,0.54
2019-08-13,002550,4.84,4.76,4.87,4.72,54571,26034695.0,3.07,-2.66,-0.13,0.6
2019-08-14,002550,4.8,4.75,4.82,4.73,31357,14942700.0,1.89,-0.21,-0.01,0.35
2019-08-15,002550,4.69,4.8,4.8,4.64,44205,20811319.0,3.37,1.05,0.05,0.49
2019-08-16,002550,4.77,4.76,4.82,4.75,36686,17577729.0,1.46,-0.83,-0.04,0.41
2019-08-19,002550,4.77,4.87,4.88,4.75,60182,29072348.0,2.73,2.31,0.11,0.67
2019-08-20,002550,4.88,4.85,4.93,4.83,56068,27292377.0,2.05,-0.41,-0.02,0.62
2019-08-21,002550,4.84,4.83,4.89,4.81,42460,20586300.0,1.65,-0.41,-0.02,0.47
2019-08-22,002550,4.84,4.78,4.85,4.73,41642,19908170.0,2.48,-1.04,-0.05,0.46
2019-08-23,002550,4.77,4.98,4.98,4.75,124481,60943596.0,4.81,4.18,0.2,1.38
2019-08-26,002550,4.88,5.03,5.08,4.85,189346,94559650.0,4.62,1.0,0.05,2.09
2019-08-27,002550,5.01,5.07,5.17,5.01,176594,90012915.0,3.18,0.8,0.04,1.95
2019-08-28,002550,5.05,4.95,5.05,4.93,110002,54664265.0,2.37,-2.37,-0.12,1.22
2019-08-29,002550,4.95,4.95,4.97,4.9,50393,24866853.0,1.41,0.0,0.0,0.56
2019-08-30,002550,4.94,4.83,4.98,4.83,60208,29456626.0,3.03,-2.42,-0.12,0.67
2019-09-02,002550,4.81,4.89,4.91,4.8,70130,34162230.0,2.28,1.24,0.06,0.77
2019-09-03,002550,4.88,4.95,4.96,4.85,75576,37081944.0,2.25,1.23,0.06,0.84
2019-09-04,002550,4.92,4.98,4.99,4.92,57717,28641213.0,1.41,0.61,0.03,0.64
2019-09-05,002550,4.98,5.0,5.07,4.98,86273,43418827.0,1.81,0.4,0.02,0.95
2019-09-06,002550,5.0,5.08,5.12,5.0,98046,49692116.0,2.4,1.6,0.08,1.08
2019-09-09,002550,5.08,5.16,5.22,5.06,123906,63926590.0,3.15,1.57,0.08,1.37
2019-09-10,002550,5.17,5.18,5.22,5.12,109029,56389880.0,1.94,0.39,0.02,1.2
2019-09-11,002550,5.2,5.09,5.22,5.06,106755,54709647.0,3.09,-1.74,-0.09,1.18
2019-09-12,002550,5.14,5.07,5.18,5.03,80126,40729809.0,2.95,-0.39,-0.02,0.89
2019-09-16,002550,5.09,5.05,5.11,5.03,61976,31392835.0,1.58,-0.39,-0.02,0.68
2019-09-17,002550,5.05,4.89,5.05,4.87,97454,48185638.0,3.56,-3.17,-0.16,1.08
2019-09-18,002550,4.89,4.87,4.94,4.85,51173,24993901.0,1.84,-0.41,-0.02,0.57
2019-09-19,002550,4.87,4.95,4.95,4.86,39433,19369236.0,1.85,1.64,0.08,0.44
2019-09-20,002550,4.95,4.91,4.97,4.89,38649,19036106.0,1.62,-0.81,-0.04,0.43
2019-09-23,002550,4.89,4.88,4.91,4.84,35488,17260864.0,1.43,-0.61,-0.03,0.39
2019-09-24,002550,4.87,4.89,4.94,4.87,32979,16192239.0,1.43,0.2,0.01,0.36
2019-09-25,002550,4.9,4.78,4.91,4.78,45812,22073093.0,2.66,-2.25,-0.11,0.51
2019-09-26,002550,4.78,4.67,4.81,4.66,46335,21856540.0,3.14,-2.3,-0.11,0.51
2019-09-27,002550,4.69,4.66,4.73,4.64,49696,23218666.0,1.93,-0.21,-0.01,0.55
2019-09-30,002550,4.66,4.66,4.72,4.65,20630,9661240.0,1.5,0.0,0.0,0.23
2019-10-08,002550,4.66,4.68,4.72,4.66,20263,9519103.0,1.29,0.43,0.02,0.22
2019-10-09,002550,4.67,4.74,4.75,4.65,18483,8690529.0,2.14,1.28,0.06,0.2
2019-10-10,002550,4.74,4.83,4.85,4.73,36624,17619589.0,2.53,1.9,0.09,0.4
2019-10-11,002550,4.84,4.82,4.85,4.79,20081,9677340.0,1.24,-0.21,-0.01,0.22
2019-10-14,002550,4.86,4.84,4.87,4.83,27361,13260042.0,0.83,0.41,0.02,0.3
2019-10-15,002550,4.84,4.84,4.87,4.8,23650,11444442.0,1.45,0.0,0.0,0.26
2019-10-16,002550,4.84,4.8,4.85,4.8,19387,9358825.0,1.03,-0.83,-0.04,0.21
2019-10-17,002550,4.79,4.76,4.85,4.74,23769,11381730.0,2.29,-0.83,-0.04,0.26
2019-10-18,002550,4.79,4.75,4.84,4.72,31036,14838821.0,2.52,-0.21,-0.01,0.34
2019-10-21,002550,4.73,4.73,4.76,4.66,23907,11223088.0,2.11,-0.42,-0.02,0.26
2019-10-22,002550,4.74,4.82,4.82,4.7,25478,12110252.0,2.54,1.9,0.09,0.28
2019-10-23,002550,4.85,4.77,4.86,4.77,32515,15663198.0,1.87,-1.04,-0.05,0.36
2019-10-24,002550,4.76,4.72,4.79,4.71,19712,9350546.0,1.68,-1.05,-0.05,0.22
2019-10-25,002550,4.71,4.74,4.75,4.67,26474,12450536.0,1.69,0.42,0.02,0.29
2019-10-28,002550,4.73,4.76,4.76,4.7,32138,15234632.0,1.27,0.42,0.02,0.36
2019-10-29,002550,4.74,4.68,4.76,4.68,27818,13101792.0,1.68,-1.68,-0.08,0.31
2019-10-30,002550,4.68,4.62,4.68,4.61,35249,16310709.0,1.5,-1.28,-0.06,0.39
2019-10-31,002550,4.62,4.51,4.63,4.5,47233,21465838.0,2.81,-2.38,-0.11,0.52
2019-11-01,002550,4.5,4.53,4.54,4.46,29442,13274300.0,1.77,0.44,0.02,0.33
2019-11-04,002550,4.53,4.58,4.6,4.52,27122,12405463.0,1.77,1.1,0.05,0.3
2019-11-05,002550,4.59,4.54,4.59,4.51,25873,11769112.0,1.75,-0.87,-0.04,0.29
2019-11-06,002550,4.72,4.76,4.96,4.72,167154,80441342.0,5.29,4.85,0.22,1.85
2019-11-07,002550,4.69,4.67,4.72,4.63,84063,39205758.0,1.89,-1.89,-0.09,0.93
2019-11-08,002550,4.68,4.6,4.71,4.59,53234,24659743.0,2.57,-1.5,-0.07,0.59
2019-11-11,002550,4.6,4.5,4.6,4.48,38316,17332334.0,2.61,-2.17,-0.1,0.42
2019-11-12,002550,4.48,4.55,4.55,4.47,26733,12069529.0,1.78,1.11,0.05,0.3
2019-11-13,002550,4.57,4.5,4.58,4.5,23107,10464698.0,1.76,-1.1,-0.05,0.26
2019-11-14,002550,4.5,4.49,4.53,4.45,36589,16376392.0,1.78,-0.22,-0.01,0.4
2019-11-15,002550,4.49,4.46,4.5,4.46,19777,8851831.0,0.89,-0.67,-0.03,0.22
2019-11-18,002550,4.48,4.5,4.54,4.46,20011,9022471.0,1.79,0.9,0.04,0.22
2019-11-19,002550,4.5,4.53,4.53,4.4,23626,10649945.0,2.89,0.67,0.03,0.26
2019-11-20,002550,4.51,4.49,4.54,4.47,26513,11943208.0,1.55,-0.88,-0.04,0.29
2019-11-21,002550,4.49,4.47,4.49,4.45,20476,9136418.0,0.89,-0.45,-0.02,0.23
2019-11-22,002550,4.46,4.48,4.51,4.44,24805,11080910.0,1.57,0.22,0.01,0.27
2019-11-25,002550,4.48,4.45,4.5,4.41,17526,7786796.0,2.01,-0.67,-0.03,0.19
2019-11-26,002550,4.45,4.45,4.46,4.43,14517,6449167.0,0.67,0.0,0.0,0.16
2019-11-27,002550,4.45,4.45,4.48,4.44,13823,6161148.0,0.9,0.0,0.0,0.15
2019-11-28,002550,4.46,4.43,4.47,4.41,17791,7896188.0,1.35,-0.45,-0.02,0.2
2019-11-29,002550,4.43,4.4,4.44,4.37,20502,8997756.0,1.58,-0.68,-0.03,0.23
2019-12-02,002550,4.4,4.42,4.42,4.36,17786,7814556.0,1.36,0.45,0.02,0.2
2019-12-03,002550,4.42,4.4,4.42,4.37,14299,6273421.0,1.13,-0.45,-0.02,0.16
2019-12-04,002550,4.38,4.38,4.41,4.37,14112,6190870.0,0.91,-0.45,-0.02,0.16
2019-12-05,002550,4.38,4.42,4.42,4.38,22096,9713334.0,0.91,0.91,0.04,0.24
2019-12-06,002550,4.42,4.46,4.47,4.41,26454,11760320.0,1.36,0.9,0.04,0.29
2019-12-09,002550,4.46,4.45,4.46,4.43,15525,6905852.0,0.67,-0.22,-0.01,0.17
2019-12-10,002550,4.43,4.45,4.46,4.43,21333,9476696.0,0.67,0.0,0.0,0.24
2019-12-11,002550,4.45,4.44,4.46,4.44,19520,8677599.0,0.45,-0.22,-0.01,0.22
2019-12-12,002550,4.45,4.38,4.45,4.37,26327,11579259.0,1.8,-1.35,-0.06,0.29
2019-12-13,002550,4.39,4.43,4.43,4.38,23887,10530620.0,1.14,1.14,0.05,0.26
2019-12-16,002550,4.44,4.47,4.47,4.38,42157,18675887.0,2.03,0.9,0.04,0.47
2019-12-17,002550,4.48,4.57,4.57,4.46,70686,31987926.0,2.46,2.24,0.1,0.78
2019-12-18,002550,4.58,4.54,4.58,4.54,51126,23308030.0,0.88,-0.66,-0.03,0.56
2019-12-19,002550,4.54,4.58,4.6,4.53,38440,17538888.0,1.54,0.88,0.04,0.42
2019-12-20,002550,4.58,4.52,4.59,4.51,32832,14921842.0,1.75,-1.31,-0.06,0.36
2019-12-23,002550,4.51,4.45,4.54,4.45,27145,12181904.0,1.99,-1.55,-0.07,0.3
2019-12-24,002550,4.45,4.48,4.48,4.44,22821,10180071.0,0.9,0.67,0.03,0.25
2019-12-25,002550,4.47,4.57,4.57,4.45,42817,19349196.0,2.68,2.01,0.09,0.47
2019-12-26,002550,4.58,4.56,4.58,4.52,34364,15630877.0,1.31,-0.22,-0.01,0.38
2019-12-27,002550,4.56,4.5,4.57,4.5,39668,18001496.0,1.54,-1.32,-0.06,0.44
2019-12-30,002550,4.49,4.51,4.54,4.43,36159,16237304.0,2.44,0.22,0.01,0.4
2019-12-31,002550,4.5,4.58,4.62,4.5,59697,27296757.0,2.66,1.55,0.07,0.66
2020-01-02,002550,4.6,4.62,4.64,4.58,68913,31758178.0,1.31,0.87,0.04,0.76
2020-01-03,002550,4.63,4.63,4.64,4.6,53030,24470884.0,0.87,0.22,0.01,0.59
2020-01-06,002550,4.61,4.62,4.65,4.58,52825,24405961.0,1.51,-0.22,-0.01,0.58
2020-01-07,002550,4.62,4.66,4.66,4.59,58614,27108923.0,1.52,0.87,0.04,0.65
2020-01-08,002550,4.63,4.58,4.65,4.56,54219,25006972.0,1.93,-1.72,-0.08,0.6
2020-01-09,002550,4.59,4.68,4.68,4.59,63290,29428173.0,1.97,2.18,0.1,0.7
2020-01-10,002550,4.7,4.69,4.7,4.65,51097,23895634.0,1.07,0.21,0.01,0.56
2020-01-13,002550,4.68,4.73,4.75,4.68,47647,22451411.0,1.49,0.85,0.04,0.53
2020-01-14,002550,4.73,4.77,4.83,4.71,72466,34654691.0,2.54,0.85,0.04,0.8
2020-01-15,002550,4.76,4.73,4.8,4.71,52559,24922142.0,1.89,-0.84,-0.04,0.58
2020-01-16,002550,4.73,4.78,4.79,4.69,65690,31129552.0,2.11,1.06,0.05,0.73
2020-01-17,002550,4.78,4.77,4.83,4.75,55718,26644989.0,1.67,-0.21,-0.01,0.62
2020-01-20,002550,4.77,4.8,4.81,4.73,65668,31380722.0,1.68,0.63,0.03,0.73
2020-01-21,002550,4.82,4.87,4.95,4.82,151701,74091583.0,2.71,1.46,0.07,1.68
2020-01-22,002550,4.89,4.74,4.9,4.7,96628,45976491.0,4.11,-2.67,-0.13,1.07
2020-01-23,002550,4.63,4.52,4.63,4.45,132199,59998395.0,3.8,-4.64,-0.22,1.46
2020-02-03,002550,4.25,4.12,4.44,4.08,160764,67651199.0,7.96,-8.85,-0.4,1.78
2020-02-04,002550,4.17,4.52,4.52,4.17,197009,86316818.0,8.5,9.71,0.4,2.18
2020-02-05,002550,4.53,4.73,4.75,4.44,219664,101235759.0,6.86,4.65,0.21,2.43
2020-02-06,002550,4.69,4.76,4.95,4.63,312565,151343508.0,6.77,0.63,0.03,3.45
2020-02-07,002550,4.78,4.65,4.88,4.63,213536,101000643.0,5.25,-2.31,-0.11,2.36
2020-02-10,002550,4.64,4.49,4.64,4.45,148118,66777199.0,4.09,-3.44,-0.16,1.64
2020-02-11,002550,4.49,4.48,4.52,4.41,72256,32190440.0,2.45,-0.22,-0.01,0.8
2020-02-12,002550,4.47,4.49,4.54,4.46,67379,30246083.0,1.79,0.22,0.01,0.74
2020-02-13,002550,4.5,4.39,4.5,4.38,79835,35231825.0,2.67,-2.23,-0.1,0.88
2020-02-14,002550,4.4,4.39,4.44,4.36,46462,20445421.0,1.82,0.0,0.0,0.51
2020-02-17,002550,4.4,4.46,4.46,4.4,70648,31350161.0,1.37,1.59,0.07,0.78
2020-02-18,002550,4.47,4.47,4.48,4.42,61781,27528319.0,1.35,0.22,0.01,0.68
2020-02-19,002550,4.45,4.41,4.48,4.41,71229,31574118.0,1.57,-1.34,-0.06,0.79
2020-02-20,002550,4.42,4.44,4.44,4.38,70097,30939289.0,1.36,0.68,0.03,0.77
2020-02-21,002550,4.42,4.42,4.44,4.39,85283,37674473.0,1.13,-0.45,-0.02,0.94
2020-02-24,002550,4.46,4.66,4.75,4.46,261384,121128046.0,6.56,5.43,0.24,2.89
2020-02-25,002550,4.59,4.75,4.75,4.54,256126,119888558.0,4.51,1.93,0.09,2.83
2020-02-26,002550,4.67,4.6,4.72,4.6,125201,58236695.0,2.53,-3.16,-0.15,1.38
2020-02-27,002550,4.62,4.6,4.67,4.57,71793,33161607.0,2.17,0.0,0.0,0.79
2020-02-28,002550,4.56,4.6,4.68,4.52,166750,76558639.0,3.48,0.0,0.0,1.84
2020-03-02,002550,4.62,4.72,4.75,4.57,146697,68540295.0,3.91,2.61,0.12,1.62
2020-03-03,002550,4.75,4.73,4.8,4.66,137034,64723440.0,2.97,0.21,0.01,1.51
2020-03-04,002550,4.71,4.7,4.74,4.66,87056,40824223.0,1.69,-0.63,-0.03,0.96
2020-03-05,002550,4.73,4.75,4.78,4.71,116446,55250822.0,1.49,1.06,0.05,1.29
2020-03-06,002550,4.72,4.8,4.85,4.71,129564,62228317.0,2.95,1.05,0.05,1.43
2020-03-09,002550,4.81,4.74,4.89,4.72,147728,70852012.0,3.54,-1.25,-0.06,1.63
2020-03-10,002550,4.67,4.77,4.78,4.57,134631,62931608.0,4.43,0.63,0.03,1.49
2020-03-11,002550,4.77,4.76,4.8,4.7,91622,43482125.0,2.1,-0.21,-0.01,1.01
2020-03-12,002550,4.74,4.71,4.75,4.64,102764,48109683.0,2.31,-1.05,-0.05,1.14
2020-03-13,002550,4.6,4.57,4.64,4.5,103762,47367249.0,2.97,-2.97,-0.14,1.15
2020-03-16,002550,4.62,4.62,4.85,4.61,225234,106379337.0,5.25,1.09,0.05,2.49
2020-03-17,002550,4.65,4.45,4.65,4.36,164793,73516466.0,6.28,-3.68,-0.17,1.82
2020-03-18,002550,4.49,4.41,4.51,4.4,75885,33827014.0,2.47,-0.9,-0.04,0.84
2020-03-19,002550,4.42,4.42,4.44,4.33,64589,28327038.0,2.49,0.23,0.01,0.71
2020-03-20,002550,4.44,4.51,4.58,4.43,82333,37002060.0,3.39,2.04,0.09,0.91
2020-03-23,002550,4.48,4.43,4.56,4.42,52003,23316033.0,3.1,-1.77,-0.08,0.57
2020-03-24,002550,4.48,4.5,4.51,4.42,49661,22220098.0,2.03,1.58,0.07,0.55
2020-03-25,002550,4.55,4.68,4.75,4.52,134018,62075358.0,5.11,4.0,0.18,1.48
2020-03-26,002550,4.67,4.71,4.79,4.65,112946,53355241.0,2.99,0.64,0.03,1.25
2020-03-27,002550,4.76,4.69,4.86,4.69,158318,75613050.0,3.61,-0.42,-0.02,1.75
2020-03-30,002550,4.69,4.65,4.8,4.63,123685,58165912.0,3.62,-0.85,-0.04,1.37
2020-03-31,002550,4.69,4.73,4.75,4.63,102173,47942976.0,2.58,1.72,0.08,1.13
2020-04-01,002550,4.69,4.58,4.74,4.57,96626,45024173.0,3.59,-3.17,-0.15,1.07
2020-04-02,002550,4.53,4.56,4.57,4.48,76660,34661529.0,1.97,-0.44,-0.02,0.85
2020-04-03,002550,4.54,4.92,4.98,4.54,404775,196328795.0,9.65,7.89,0.36,4.47
2020-04-07,002550,4.98,5.12,5.26,4.92,430049,219822489.0,6.91,4.07,0.2,4.75
2020-04-08,002550,5.1,5.19,5.3,5.05,343727,177909360.0,4.88,1.37,0.07,3.8
2020-04-09,002550,5.2,5.1,5.28,5.08,208185,106835136.0,3.85,-1.73,-0.09,2.3
2020-04-10,002550,5.12,5.0,5.21,4.95,250537,127094356.0,5.1,-1.96,-0.1,2.77
2020-04-13,002550,5.03,5.04,5.16,4.97,192677,97432275.0,3.8,0.8,0.04,2.13
2020-04-14,002550,5.04,5.09,5.15,4.92,212940,107336162.0,4.56,0.99,0.05,2.35
2020-04-15,002550,4.96,5.0,5.14,4.85,349372,173918193.0,5.7,-1.77,-0.09,3.86
2020-04-16,002550,4.99,5.17,5.23,4.96,454381,232968155.0,5.4,3.4,0.17,5.02
2020-04-17,002550,5.14,4.87,5.15,4.86,387559,191806466.0,5.61,-5.8,-0.3,4.28
2020-04-20,002550,4.85,4.81,4.87,4.76,193084,92797587.0,2.26,-1.23,-0.06,2.13
2020-04-21,002550,4.8,4.76,4.8,4.69,155634,73700002.0,2.29,-1.04,-0.05,1.72
2020-04-22,002550,4.7,4.78,4.78,4.64,135226,63581550.0,2.94,0.42,0.02,1.49
2020-04-23,002550,4.82,4.76,4.94,4.73,198862,95900789.0,4.39,-0.42,-0.02,2.2
2020-04-24,002550,4.74,4.54,4.75,4.52,191637,88117876.0,4.83,-4.62,-0.22,2.12
2020-04-27,002550,4.57,4.53,4.58,4.46,79843,36165455.0,2.64,-0.22,-0.01,0.88
2020-04-28,002550,4.56,4.44,4.57,4.36,91291,40662413.0,4.64,-1.99,-0.09,1.01
2020-04-29,002550,4.45,4.46,4.47,4.41,42567,18944390.0,1.35,0.45,0.02,0.47
2020-04-30,002550,4.49,4.5,4.51,4.45,72848,32605862.0,1.35,0.9,0.04,0.81
2020-05-06,002550,4.41,4.52,4.52,4.41,57492,25777421.0,2.44,0.44,0.02,0.64
2020-05-07,002550,4.5,4.52,4.52,4.48,41372,18605845.0,0.88,0.0,0.0,0.46
2020-05-08,002550,4.53,4.59,4.63,4.52,67452,30911647.0,2.43,1.55,0.07,0.75
2020-05-11,002550,4.58,4.57,4.67,4.49,65523,30170564.0,3.92,-0.44,-0.02,0.72
2020-05-12,002550,4.57,4.55,4.62,4.52,43048,19649514.0,2.19,-0.44,-0.02,0.48
2020-05-13,002550,4.53,4.51,4.55,4.47,52012,23460365.0,1.76,-0.88,-0.04,0.57
2020-05-14,002550,4.5,4.45,4.52,4.43,59072,26361550.0,2.0,-1.33,-0.06,0.65
2020-05-15,002550,4.46,4.45,4.48,4.43,34167,15206798.0,1.12,0.0,0.0,0.38
2020-05-18,002550,4.42,4.43,4.46,4.41,36856,16341137.0,1.12,-0.45,-0.02,0.41
2020-05-19,002550,4.45,4.45,4.47,4.43,28944,12879465.0,0.9,0.45,0.02,0.32
2020-05-20,002550,4.45,4.45,4.49,4.44,33931,15144548.0,1.12,0.0,0.0,0.37
2020-05-21,002550,4.49,4.53,4.62,4.48,86868,39466504.0,3.15,1.8,0.08,0.96
2020-05-22,002550,4.52,4.4,4.56,4.35,99097,43943584.0,4.64,-2.87,-0.13,1.1
2020-05-25,002550,4.39,4.43,4.44,4.37,33262,14680665.0,1.59,0.68,0.03,0.37
2020-05-26,002550,4.43,4.52,4.53,4.39,76077,34060140.0,3.16,2.03,0.09,0.84
2020-05-27,002550,4.35,4.18,4.35,4.17,99252,41951249.0,3.98,-7.52,-0.34,1.1
2020-05-28,002550,4.17,4.17,4.21,4.15,45733,19078668.0,1.44,-0.24,-0.01,0.51
2020-05-29,002550,4.18,4.17,4.2,4.15,29768,12409577.0,1.2,0.0,0.0,0.33
2020-06-01,002550,4.15,4.23,4.26,4.15,51833,21852960.0,2.64,1.44,0.06,0.57
2020-06-02,002550,4.23,4.24,4.27,4.2,42145,17857426.0,1.65,0.24,0.01,0.47
2020-06-03,002550,4.25,4.25,4.34,4.25,56535,24228846.0,2.12,0.24,0.01,0.62
2020-06-04,002550,4.26,4.28,4.3,4.25,38140,16317195.0,1.18,0.71,0.03,0.42
2020-06-05,002550,4.28,4.24,4.29,4.2,41266,17450226.0,2.1,-0.93,-0.04,0.45
2020-06-08,002550,4.25,4.26,4.28,4.21,51581,21909164.0,1.65,0.47,0.02,0.57
2020-06-09,002550,4.26,4.29,4.32,4.24,40044,17143669.0,1.88,0.7,0.03,0.44
2020-06-10,002550,4.29,4.28,4.32,4.27,36628,15699928.0,1.17,-0.23,-0.01,0.4
2020-06-11,002550,4.28,4.22,4.31,4.2,53790,22880237.0,2.57,-1.4,-0.06,0.59
2020-06-12,002550,4.18,4.31,4.35,4.15,148975,63927805.0,4.74,2.13,0.09,1.64
2020-06-15,002550,4.31,4.36,4.41,4.3,88291,38575761.0,2.55,1.16,0.05,0.97
2020-06-16,002550,4.35,4.34,4.38,4.3,75750,32836617.0,1.83,-0.46,-0.02,0.83
2020-06-17,002550,4.35,4.56,4.68,4.32,227926,102709257.0,8.29,5.07,0.22,2.5
2020-06-18,002550,4.55,4.47,4.55,4.44,98332,43950359.0,2.41,-1.97,-0.09,1.08
2020-06-19,002550,4.47,4.46,4.57,4.43,74261,33337879.0,3.13,-0.22,-0.01,0.82
2020-06-22,002550,4.47,4.44,4.52,4.43,57439,25584317.0,2.02,-0.45,-0.02,0.63
2020-06-23,002550,4.46,4.45,4.48,4.43,48264,21505185.0,1.13,0.23,0.01,0.53
2020-06-24,002550,4.47,4.38,4.48,4.37,57948,25491198.0,2.47,-1.57,-0.07,0.64
2020-06-29,002550,4.36,4.32,4.41,4.31,54711,23796739.0,2.28,-1.37,-0.06,0.6
2020-06-30,002550,4.35,4.32,4.36,4.29,69754,30167963.0,1.62,0.0,0.0,0.77
2020-07-01,002550,4.32,4.33,4.35,4.28,52910,22828125.0,1.62,0.23,0.01,0.58
2020-07-02,002550,4.33,4.38,4.38,4.28,83570,36328541.0,2.31,1.15,0.05,0.92
2020-07-03,002550,4.38,4.44,4.45,4.35,71749,31704790.0,2.28,1.37,0.06,0.79
2020-07-06,002550,4.43,4.61,4.62,4.43,160530,72732519.0,4.28,3.83,0.17,1.76
2020-07-07,002550,4.65,4.8,4.95,4.6,331952,159809026.0,7.59,4.12,0.19,3.64
2020-07-08,002550,4.78,4.8,4.85,4.7,149809,71207933.0,3.13,0.0,0.0,1.64
2020-07-09,002550,4.84,4.84,4.85,4.78,168387,81188200.0,1.46,0.83,0.04,1.85
2020-07-10,002550,4.84,4.82,4.92,4.78,128717,62239188.0,2.89,-0.41,-0.02,1.41
2020-07-13,002550,4.81,4.87,4.9,4.77,164638,79808604.0,2.7,1.04,0.05,1.81
2020-07-14,002550,4.9,4.81,4.98,4.72,205862,99807196.0,5.34,-1.23,-0.06,2.26
2020-07-15,002550,4.8,4.81,4.97,4.76,177258,86099243.0,4.37,0.0,0.0,1.95
2020-07-16,002550,4.86,4.57,4.86,4.54,173017,80952789.0,6.65,-4.99,-0.24,1.9
2020-07-17,002550,4.59,4.63,4.65,4.51,87107,39983281.0,3.06,1.31,0.06,0.96
2020-07-20,002550,4.63,4.73,4.73,4.58,83270,38827292.0,3.24,2.16,0.1,0.91
2020-07-21,002550,4.71,4.77,4.79,4.71,93474,44396512.0,1.69,0.85,0.04,1.03
2020-07-22,002550,4.85,4.77,4.89,4.74,111722,53799755.0,3.14,0.0,0.0,1.23
2020-07-23,002550,4.71,4.8,4.81,4.68,94290,44804188.0,2.73,0.63,0.03,1.04
2020-07-24,002550,4.8,4.65,4.93,4.61,150642,71898037.0,6.67,-3.13,-0.15,1.65
2020-07-27,002550,4.65,4.62,4.69,4.51,109593,50369522.0,3.87,-0.65,-0.03,1.2
2020-07-28,002550,4.6,4.58,4.7,4.55,88597,40919430.0,3.25,-0.87,-0.04,0.97
2020-07-29,002550,4.57,4.71,4.71,4.55,120558,55918035.0,3.49,2.84,0.13,1.32
2020-07-30,002550,4.72,4.73,4.84,4.7,139998,66819787.0,2.97,0.42,0.02,1.54
2020-07-31,002550,4.71,4.84,4.87,4.64,184196,87522877.0,4.86,2.33,0.11,2.02
2020-08-03,002550,4.9,4.9,4.94,4.85,179259,87735051.0,1.86,1.24,0.06,1.97
2020-08-04,002550,4.92,4.9,4.97,4.85,182436,89609027.0,2.45,0.0,0.0,2.0
2020-08-05,002550,4.89,5.08,5.1,4.82,276621,137948534.0,5.71,3.67,0.18,3.04
2020-08-06,002550,5.45,5.59,5.59,5.45,158274,88245115.0,2.76,10.04,0.51,1.74
2020-08-07,002550,6.15,6.15,6.15,6.03,632920,389133920.0,2.15,10.02,0.56,6.95
2020-08-10,002550,6.2,5.68,6.27,5.67,1202868,713546480.0,9.76,-7.64,-0.47,13.21
2020-08-11,002550,5.54,5.25,5.7,5.2,711015,387186560.0,8.8,-7.57,-0.43,7.81
2020-08-12,002550,5.28,5.38,5.47,5.12,462453,245966331.0,6.67,2.48,0.13,5.08
2020-08-13,002550,5.3,5.19,5.38,5.16,286657,149931585.0,4.09,-3.53,-0.19,3.15
2020-08-14,002550,5.16,5.19,5.22,5.1,202638,104562757.0,2.31,0.0,0.0,2.22
2020-08-17,002550,5.16,5.22,5.3,5.15,191307,100117121.0,2.89,0.58,0.03,2.1
2020-08-18,002550,5.23,5.29,5.36,5.2,189032,99765041.0,3.07,1.34,0.07,2.08
2020-08-19,002550,5.29,5.16,5.3,5.16,187412,97457812.0,2.65,-2.46,-0.13,2.06
2020-08-20,002550,5.19,5.09,5.2,5.09,124665,63995181.0,2.13,-1.36,-0.07,1.37
2020-08-21,002550,5.1,5.09,5.14,5.06,89234,45490335.0,1.57,0.0,0.0,0.98
2020-08-24,002550,5.09,5.02,5.09,4.94,141766,71012275.0,2.95,-1.38,-0.07,1.56
2020-08-25,002550,5.02,4.96,5.08,4.94,103006,51568524.0,2.79,-1.2,-0.06,1.13
2020-08-26,002550,4.96,4.9,5.08,4.87,129136,64267709.0,4.23,-1.21,-0.06,1.42
2020-08-27,002550,4.9,4.95,4.96,4.81,85510,41998707.0,3.06,1.02,0.05,0.94
2020-08-28,002550,4.93,5.04,5.04,4.89,95812,47916951.0,3.03,1.82,0.09,1.05
2020-08-31,002550,5.08,5.01,5.08,4.98,127332,63918325.0,1.98,-0.6,-0.03,1.4
2020-09-01,002550,5.0,4.94,5.01,4.9,97999,48463797.0,2.2,-1.4,-0.07,1.08
2020-09-02,002550,5.0,4.98,5.0,4.89,111650,55118888.0,2.23,0.81,0.04,1.23
2020-09-03,002550,4.98,4.94,5.02,4.92,85172,42363709.0,2.01,-0.8,-0.04,0.94
2020-09-04,002550,4.88,4.98,4.99,4.85,88907,43570397.0,2.83,0.81,0.04,0.98
2020-09-07,002550,4.95,4.95,5.05,4.95,113467,56583905.0,2.01,-0.6,-0.03,1.25
2020-09-08,002550,4.99,5.09,5.1,4.97,158191,79888952.0,2.63,2.83,0.14,1.74
2020-09-09,002550,5.03,4.99,5.09,4.97,116941,58770113.0,2.36,-1.96,-0.1,1.28
2020-09-10,002550,5.02,4.85,5.03,4.79,110448,54452766.0,4.81,-2.81,-0.14,1.21
2020-09-11,002550,4.8,4.89,4.91,4.77,55142,26722819.0,2.89,0.82,0.04,0.61
2020-09-14,002550,4.89,4.82,4.93,4.78,69101,33446363.0,3.07,-1.43,-0.07,0.76
2020-09-15,002550,4.82,4.78,4.83,4.73,67322,32067797.0,2.07,-0.83,-0.04,0.74
2020-09-16,002550,4.77,4.73,4.77,4.7,56163,26568718.0,1.46,-1.05,-0.05,0.62
2020-09-17,002550,4.7,4.81,4.83,4.66,90032,42683794.0,3.59,1.69,0.08,0.99
2020-09-18,002550,4.8,4.85,4.85,4.75,83670,40240605.0,2.08,0.83,0.04,0.92
2020-09-21,002550,4.86,4.81,4.86,4.78,44523,21394949.0,1.65,-0.82,-0.04,0.49
2020-09-22,002550,4.78,4.76,4.86,4.75,52208,25124840.0,2.29,-1.04,-0.05,0.57
2020-09-23,002550,4.77,4.84,4.87,4.75,67803,32702267.0,2.52,1.68,0.08,0.74
2020-09-24,002550,4.74,4.64,4.74,4.63,89334,41780318.0,2.27,-4.13,-0.2,0.98
2020-09-25,002550,4.64,4.62,4.68,4.61,42118,19558450.0,1.51,-0.43,-0.02,0.46
2020-09-28,002550,4.63,4.55,4.65,4.55,33834,15474242.0,2.16,-1.52,-0.07,0.37
2020-09-29,002550,4.56,4.54,4.6,4.52,24555,11185931.0,1.76,-0.22,-0.01,0.27
2020-09-30,002550,4.55,4.56,4.59,4.53,20747,9452365.0,1.32,0.44,0.02,0.23
2020-10-09,002550,4.59,4.66,4.69,4.59,37676,17524549.0,2.19,2.19,0.1,0.41
2020-10-12,002550,4.66,4.74,4.76,4.66,57604,27160145.0,2.15,1.72,0.08,0.63
2020-10-13,002550,4.74,4.72,4.79,4.71,41640,19729725.0,1.69,-0.42,-0.02,0.46
2020-10-14,002550,4.72,4.67,4.73,4.65,39942,18697723.0,1.69,-1.06,-0.05,0.44
2020-10-15,002550,4.64,4.64,4.66,4.61,31648,14659456.0,1.07,-0.64,-0.03,0.35
2020-10-16,002550,4.64,4.68,4.68,4.62,31637,14705709.0,1.29,0.86,0.04,0.35
2020-10-19,002550,4.66,4.64,4.74,4.63,40207,18821913.0,2.35,-0.85,-0.04,0.44
2020-10-20,002550,4.63,4.69,4.69,4.55,29809,13790275.0,3.02,1.08,0.05,0.33
2020-10-21,002550,4.68,4.64,4.69,4.61,21875,10152493.0,1.71,-1.07,-0.05,0.24
2020-10-22,002550,4.63,4.6,4.63,4.57,26651,12221798.0,1.29,-0.86,-0.04,0.29
2020-10-23,002550,4.59,4.55,4.62,4.55,21203,9699176.0,1.52,-1.09,-0.05,0.23
2020-10-26,002550,4.56,4.52,4.57,4.5,32668,14798800.0,1.54,-0.66,-0.03,0.36
2020-10-27,002550,4.54,4.55,4.56,4.49,26154,11814214.0,1.55,0.66,0.03,0.29
2020-10-28,002550,4.54,4.51,4.55,4.48,24055,10835679.0,1.54,-0.88,-0.04,0.26
2020-10-29,002550,4.46,4.5,4.51,4.45,34632,15519257.0,1.33,-0.22,-0.01,0.38
2020-10-30,002550,4.5,4.34,4.51,4.32,56301,24825544.0,4.22,-3.56,-0.16,0.62
2020-11-02,002550,4.41,4.43,4.43,4.37,37858,16675551.0,1.38,2.07,0.09,0.42
2020-11-03,002550,4.45,4.51,4.52,4.4,39882,17888710.0,2.71,1.81,0.08,0.44
2020-11-04,002550,4.51,4.51,4.53,4.46,26379,11840164.0,1.55,0.0,0.0,0.29
2020-11-05,002550,4.51,4.55,4.55,4.48,34837,15751990.0,1.55,0.89,0.04,0.38
2020-11-06,002550,4.57,4.51,4.57,4.48,33195,14960485.0,1.98,-0.88,-0.04,0.36
2020-11-09,002550,4.51,4.54,4.57,4.51,46802,21272984.0,1.33,0.67,0.03,0.51
2020-11-10,002550,4.58,4.52,4.6,4.5,34852,15824659.0,2.2,-0.44,-0.02,0.38
2020-11-11,002550,4.52,4.5,4.54,4.49,33644,15180633.0,1.11,-0.44,-0.02,0.37
2020-11-12,002550,4.49,4.5,4.56,4.48,33184,14977566.0,1.78,0.0,0.0,0.36
2020-11-13,002550,4.49,4.48,4.53,4.45,31009,13914809.0,1.78,-0.44,-0.02,0.34
2020-11-16,002550,4.49,4.54,4.56,4.48,36131,16355072.0,1.79,1.34,0.06,0.4
2020-11-17,002550,4.52,4.6,4.6,4.52,61128,27954727.0,1.76,1.32,0.06,0.67
2020-11-18,002550,4.6,4.58,4.62,4.57,53329,24507834.0,1.09,-0.43,-0.02,0.59
2020-11-19,002550,4.57,4.63,4.64,4.56,42530,19527643.0,1.75,1.09,0.05,0.47
2020-11-20,002550,4.63,4.62,4.64,4.57,37917,17442020.0,1.51,-0.22,-0.01,0.42
2020-11-23,002550,4.62,4.62,4.63,4.57,34854,16046397.0,1.3,0.0,0.0,0.38
2020-11-24,002550,4.61,4.6,4.64,4.58,29768,13735210.0,1.3,-0.43,-0.02,0.33
2020-11-25,002550,4.6,4.55,4.61,4.54,30167,13803553.0,1.52,-1.09,-0.05,0.33
2020-11-26,002550,4.56,4.5,4.57,4.48,39115,17625813.0,1.98,-1.1,-0.05,0.43
2020-11-27,002550,4.51,4.48,4.51,4.45,28779,12877630.0,1.33,-0.44,-0.02,0.32
2020-11-30,002550,4.48,4.54,4.59,4.46,39503,17920637.0,2.9,1.34,0.06,0.43
2020-12-01,002550,4.54,4.6,4.61,4.52,53159,24355579.0,1.98,1.32,0.06,0.58
2020-12-02,002550,4.59,4.62,4.63,4.57,42688,19658351.0,1.3,0.43,0.02,0.47
2020-12-03,002550,4.59,4.62,4.64,4.58,45318,20908967.0,1.3,0.0,0.0,0.5
2020-12-04,002550,4.63,4.61,4.63,4.57,37519,17257287.0,1.3,-0.22,-0.01,0.41
2020-12-07,002550,4.63,4.59,4.64,4.57,25303,11620284.0,1.52,-0.43,-0.02,0.28
2020-12-08,002550,4.58,4.51,4.59,4.5,39551,17921903.0,1.96,-1.74,-0.08,0.43
2020-12-09,002550,4.51,4.44,4.51,4.44,34628,15472871.0,1.55,-1.55,-0.07,0.38
2020-12-10,002550,4.43,4.44,4.46,4.4,30220,13390016.0,1.35,0.0,0.0,0.33
2020-12-11,002550,4.44,4.32,4.44,4.26,77813,33757385.0,4.05,-2.7,-0.12,0.85
2020-12-14,002550,4.35,4.3,4.35,4.27,38164,16417232.0,1.85,-0.46,-0.02,0.42
2020-12-15,002550,4.31,4.32,4.34,4.27,31145,13435227.0,1.63,0.47,0.02,0.34
2020-12-16,002550,4.32,4.32,4.36,4.28,31174,13442259.0,1.85,0.0,0.0,0.34
2020-12-17,002550,4.3,4.36,4.37,4.27,39807,17212090.0,2.31,0.93,0.04,0.44
2020-12-18,002550,4.35,4.3,4.37,4.3,33119,14320281.0,1.61,-1.38,-0.06,0.36
2020-12-21,002550,4.34,4.37,4.37,4.28,35396,15389604.0,2.09,1.63,0.07,0.39
2020-12-22,002550,4.36,4.33,4.44,4.33,51407,22610364.0,2.52,-0.92,-0.04,0.56
2020-12-23,002550,4.32,4.32,4.37,4.31,37891,16403104.0,1.39,-0.23,-0.01,0.42
2020-12-24,002550,4.33,4.27,4.34,4.27,30957,13287469.0,1.62,-1.16,-0.05,0.34
2020-12-25,002550,4.26,4.26,4.29,4.21,45266,19249615.0,1.87,-0.23,-0.01,0.5
2020-12-28,002550,4.23,4.23,4.28,4.21,37803,16078215.0,1.64,-0.7,-0.03,0.42
2020-12-29,002550,4.24,4.23,4.26,4.21,25171,10671158.0,1.18,0.0,0.0,0.28
2020-12-30,002550,4.22,4.22,4.24,4.2,34770,14657849.0,0.95,-0.24,-0.01,0.38
2020-12-31,002550,4.21,4.25,4.26,4.21,31451,13316400.0,1.18,0.71,0.03,0.35
2021-01-04,002550,4.25,4.24,4.28,4.21,34956,14792324.0,1.65,-0.24,-0.01,0.38
2021-01-05,002550,4.22,4.29,4.3,4.21,52546,22321725.0,2.12,1.18,0.05,0.58
2021-01-06,002550,4.28,4.29,4.31,4.23,33257,14201713.0,1.86,0.0,0.0,0.37
2021-01-07,002550,4.29,4.18,4.3,4.16,52539,22111823.0,3.26,-2.56,-0.11,0.58
2021-01-08,002550,4.16,4.11,4.17,4.06,45480,18711198.0,2.63,-1.67,-0.07,0.5
2021-01-11,002550,4.14,4.03,4.14,4.02,41915,17011145.0,2.92,-1.95,-0.08,0.46
2021-01-12,002550,4.01,3.98,4.05,3.96,43208,17289298.0,2.23,-1.24,-0.05,0.47
2021-01-13,002550,3.98,3.93,3.98,3.91,49103,19309878.0,1.76,-1.26,-0.05,0.54
2021-01-14,002550,3.93,3.98,4.02,3.91,34094,13562379.0,2.8,1.27,0.05,0.37
2021-01-15,002550,3.96,4.01,4.02,3.96,33328,13305679.0,1.51,0.75,0.03,0.37
2021-01-18,002550,4.01,4.0,4.04,3.99,19940,7987932.0,1.25,-0.25,-0.01,0.22
2021-01-19,002550,4.0,4.06,4.09,3.97,33271,13421517.0,3.0,1.5,0.06,0.37
2021-01-20,002550,4.05,4.03,4.05,4.0,25268,10172614.0,1.23,-0.74,-0.03,0.28
2021-01-21,002550,4.01,4.04,4.08,4.0,32779,13252325.0,1.99,0.25,0.01,0.36
2021-01-22,002550,4.05,4.03,4.08,4.02,39163,15868602.0,1.49,-0.25,-0.01,0.43
2021-01-25,002550,4.05,3.98,4.08,3.96,42994,17192479.0,2.98,-1.24,-0.05,0.47
2021-01-26,002550,3.99,3.94,3.99,3.92,39244,15480813.0,1.76,-1.01,-0.04,0.43
2021-01-27,002550,3.92,3.89,3.94,3.87,39031,15203106.0,1.78,-1.27,-0.05,0.43
2021-01-28,002550,3.89,3.85,3.9,3.84,31789,12303983.0,1.54,-1.03,-0.04,0.35
2021-01-29,002550,3.85,3.79,3.93,3.76,49494,19005597.0,4.42,-1.56,-0.06,0.54
2021-02-01,002550,3.77,3.57,3.77,3.52,122193,43766600.0,6.6,-5.8,-0.22,1.34
2021-02-02,002550,3.53,3.56,3.61,3.52,41760,14853303.0,2.52,-0.28,-0.01,0.46
2021-02-03,002550,3.55,3.51,3.57,3.51,26663,9401848.0,1.69,-1.4,-0.05,0.29
2021-02-04,002550,3.5,3.4,3.51,3.38,44280,15173610.0,3.7,-3.13,-0.11,0.49
2021-02-05,002550,3.42,3.74,3.74,3.41,166294,61313204.0,9.71,10.0,0.34,1.83
2021-02-08,002550,3.7,3.62,3.7,3.53,108889,39171523.0,4.55,-3.21,-0.12,1.2
2021-02-09,002550,3.57,3.6,3.62,3.51,62871,22343325.0,3.04,-0.55,-0.02,0.69
2021-02-10,002550,3.6,3.65,3.66,3.55,49080,17728201.0,3.06,1.39,0.05,0.54
2021-02-18,002550,3.67,3.68,3.71,3.62,55261,20319525.0,2.47,0.82,0.03,0.61
2021-02-19,002550,3.69,3.77,3.78,3.67,51100,19049901.0,2.99,2.45,0.09,0.56
2021-02-22,002550,3.77,3.93,4.08,3.77,122455,48507569.0,8.22,4.24,0.16,1.34
2021-02-23,002550,3.9,3.94,3.98,3.9,49381,19457136.0,2.04,0.25,0.01,0.54
2021-02-24,002550,3.95,3.88,3.97,3.86,45879,17927235.0,2.79,-1.52,-0.06,0.5
2021-02-25,002550,3.88,3.9,3.93,3.88,31768,12402870.0,1.29,0.52,0.02,0.35
2021-02-26,002550,3.87,3.9,4.0,3.81,53041,20711430.0,4.87,0.0,0.0,0.58
2021-03-01,002550,3.93,3.94,3.95,3.9,29148,11442467.0,1.28,1.03,0.04,0.32
2021-03-02,002550,3.95,3.9,3.97,3.88,24285,9505745.0,2.28,-1.02,-0.04,0.27
2021-03-03,002550,3.9,3.94,3.95,3.88,29376,11523018.0,1.79,1.03,0.04,0.32
2021-03-04,002550,3.92,3.91,3.95,3.89,29476,11578869.0,1.52,-0.76,-0.03,0.32
2021-03-05,002550,3.89,3.92,3.95,3.89,25258,9893883.0,1.53,0.26,0.01,0.28
2021-03-08,002550,3.92,3.92,4.0,3.92,32935,13029720.0,2.04,0.0,0.0,0.36
2021-03-09,002550,3.93,3.89,3.95,3.78,52528,20314076.0,4.34,-0.77,-0.03,0.58
2021-03-10,002550,3.92,3.84,3.92,3.83,24080,9277866.0,2.31,-1.29,-0.05,0.26
2021-03-11,002550,3.84,3.85,3.87,3.79,24281,9313911.0,2.08,0.26,0.01,0.27
2021-03-12,002550,3.86,3.9,3.9,3.83,25033,9686348.0,1.82,1.3,0.05,0.27
2021-03-15,002550,3.9,3.92,3.94,3.88,26915,10551656.0,1.54,0.51,0.02,0.3
2021-03-16,002550,3.93,3.95,3.97,3.92,29755,11758974.0,1.28,0.77,0.03,0.33
2021-03-17,002550,3.97,4.0,4.02,3.93,37628,14991459.0,2.28,1.27,0.05,0.41
2021-03-18,002550,4.01,4.03,4.09,4.01,47888,19388927.0,2.0,0.75,0.03,0.53
2021-03-19,002550,4.01,3.97,4.04,3.97,42082,16822510.0,1.74,-1.49,-0.06,0.46
2021-03-22,002550,3.98,4.01,4.05,3.97,24122,9656775.0,2.02,1.01,0.04,0.26
2021-03-23,002550,4.03,3.96,4.03,3.95,26864,10695113.0,2.0,-1.25,-0.05,0.29
2021-03-24,002550,3.96,4.05,4.05,3.96,45967,18526117.0,2.27,2.27,0.09,0.5
2021-03-25,002550,4.05,3.98,4.08,3.98,28764,11541457.0,2.47,-1.73,-0.07,0.32
2021-03-26,002550,3.98,3.98,4.01,3.96,24916,9905561.0,1.26,0.0,0.0,0.27
2021-03-29,002550,3.98,3.93,3.98,3.92,28904,11422058.0,1.51,-1.26,-0.05,0.32
2021-03-30,002550,3.93,3.94,3.98,3.92,19036,7504622.0,1.53,0.25,0.01,0.21
2021-03-31,002550,3.94,3.95,3.95,3.9,16303,6401079.0,1.27,0.25,0.01,0.18
2021-04-01,002550,3.95,3.94,3.96,3.92,15711,6181090.0,1.01,-0.25,-0.01,0.17
2021-04-02,002550,3.92,3.83,3.93,3.78,50908,19535711.0,3.81,-2.79,-0.11,0.56
2021-04-06,002550,3.84,3.87,3.88,3.82,28626,11007256.0,1.57,1.04,0.04,0.31
2021-04-07,002550,3.84,3.87,3.89,3.84,15993,6182359.0,1.29,0.0,0.0,0.18
2021-04-08,002550,3.87,3.84,3.88,3.83,18295,7051285.0,1.29,-0.78,-0.03,0.2
2021-04-09,002550,3.83,3.86,3.88,3.82,18254,7041536.0,1.56,0.52,0.02,0.2
2021-04-12,002550,3.88,3.97,4.03,3.85,72875,29093037.0,4.66,2.85,0.11,0.8
2021-04-13,002550,3.96,4.0,4.06,3.94,46045,18365517.0,3.02,0.76,0.03,0.51
2021-04-14,002550,3.99,4.05,4.09,3.96,67891,27416446.0,3.25,1.25,0.05,0.75
2021-04-15,002550,4.05,4.05,4.08,4.01,37841,15294164.0,1.73,0.0,0.0,0.42
2021-04-16,002550,4.04,4.13,4.16,4.04,56296,23139655.0,2.96,1.98,0.08,0.62
2021-04-19,002550,4.12,4.11,4.16,4.09,46293,19018640.0,1.69,-0.48,-0.02,0.51
2021-04-20,002550,4.13,4.02,4.13,4.01,57370,23261542.0,2.92,-2.19,-0.09,0.63
2021-04-21,002550,4.03,4.17,4.17,4.01,94054,38660636.0,3.98,3.73,0.15,1.03
2021-04-22,002550,4.16,4.13,4.2,4.11,63442,26333884.0,2.16,-0.96,-0.04,0.7
2021-04-23,002550,4.11,4.18,4.19,4.07,69321,28647711.0,2.91,1.21,0.05,0.76
2021-04-26,002550,4.3,4.17,4.41,4.15,183589,78837760.0,6.22,-0.24,-0.01,1.98
2021-04-27,002550,4.13,4.25,4.27,4.12,109669,46110171.0,3.6,1.92,0.08,1.18
2021-04-28,002550,4.25,4.21,4.31,4.18,87595,37011941.0,3.06,-0.94,-0.04,0.95
2021-04-29,002550,4.17,4.19,4.24,4.16,57064,23975588.0,1.9,-0.48,-0.02,0.62
2021-04-30,002550,4.19,4.25,4.28,4.17,58650,24770390.0,2.63,1.43,0.06,0.63
2021-05-06,002550,4.24,4.28,4.31,4.19,75671,32170968.0,2.82,0.71,0.03,0.82
2021-05-07,002550,4.26,4.14,4.27,4.1,91887,38134763.0,3.97,-3.27,-0.14,0.99
2021-05-10,002550,4.12,4.1,4.17,4.08,57736,23827451.0,2.17,-0.97,-0.04,0.62
2021-05-11,002550,4.16,4.12,4.16,4.05,52072,21289051.0,2.68,0.49,0.02,0.56
2021-05-12,002550,4.09,4.16,4.19,4.08,47636,19717250.0,2.67,0.97,0.04,0.51
2021-05-13,002550,4.16,4.26,4.35,4.15,118243,50488572.0,4.81,2.4,0.1,1.28
2021-05-14,002550,4.25,4.29,4.37,4.25,93767,40403876.0,2.82,0.7,0.03,1.01
2021-05-17,002550,4.29,4.25,4.34,4.23,54552,23317605.0,2.56,-0.93,-0.04,0.59
2021-05-18,002550,4.25,4.22,4.29,4.17,36824,15480281.0,2.82,-0.71,-0.03,0.4
2021-05-19,002550,4.22,4.23,4.27,4.19,34890,14717213.0,1.9,0.24,0.01,0.38
2021-05-20,002550,4.22,4.16,4.22,4.11,69653,28951415.0,2.6,-1.65,-0.07,0.75
2021-05-21,002550,4.06,4.08,4.13,4.06,47532,19451134.0,1.68,-1.92,-0.08,0.51
2021-05-24,002550,4.06,4.09,4.11,4.04,39208,15990065.0,1.72,0.25,0.01,0.42
2021-05-25,002550,4.1,4.11,4.14,4.07,38604,15818372.0,1.71,0.49,0.02,0.42
2021-05-26,002550,4.11,4.09,4.12,4.06,45385,18544968.0,1.46,-0.49,-0.02,0.49
2021-05-27,002550,4.08,4.05,4.1,4.04,39656,16122060.0,1.47,-0.98,-0.04,0.43
2021-05-28,002550,4.07,4.0,4.07,4.0,38520,15503617.0,1.73,-1.23,-0.05,0.42
2021-05-31,002550,4.0,4.02,4.02,3.98,32120,12860543.0,1.0,0.5,0.02,0.35
2021-06-01,002550,4.02,4.05,4.07,4.0,41863,16886264.0,1.74,0.75,0.03,0.45
2021-06-02,002550,4.05,4.06,4.08,4.02,33878,13718190.0,1.48,0.25,0.01,0.37
2021-06-03,002550,4.06,4.0,4.07,4.0,36391,14612005.0,1.72,-1.48,-0.06,0.39
2021-06-04,002550,4.0,4.0,4.02,3.98,20808,8325123.0,1.0,0.0,0.0,0.22
2021-06-07,002550,3.99,4.0,4.02,3.98,28789,11495077.0,1.0,0.0,0.0,0.31
2021-06-08,002550,4.0,4.01,4.02,3.99,28528,11437668.0,0.75,0.25,0.01,0.31
2021-06-09,002550,4.01,4.0,4.02,3.99,22332,8943121.0,0.75,-0.25,-0.01,0.24
2021-06-10,002550,3.99,4.04,4.05,3.99,29263,11791201.0,1.5,1.0,0.04,0.32
2021-06-11,002550,4.01,4.05,4.06,4.01,54851,22128785.0,1.24,0.25,0.01,0.59
2021-06-15,002550,4.09,4.08,4.1,4.02,78637,31982276.0,1.98,0.74,0.03,0.85
2021-06-16,002550,4.09,4.22,4.28,4.09,191712,80760954.0,4.66,3.43,0.14,2.07
2021-06-17,002550,4.22,4.21,4.27,4.15,95552,40293528.0,2.84,-0.24,-0.01,1.03
2021-06-18,002550,4.22,4.29,4.37,4.18,180558,77981099.0,4.51,1.9,0.08,1.95
2021-06-21,002550,4.32,4.13,4.32,4.1,212815,88790553.0,5.13,-3.73,-0.16,2.29
2021-06-22,002550,4.12,4.18,4.19,4.1,83691,34708517.0,2.18,1.21,0.05,0.9
2021-06-23,002550,4.16,4.13,4.22,4.12,64477,26785515.0,2.39,-1.2,-0.05,0.69
2021-06-24,002550,4.16,4.09,4.16,4.06,62909,25744251.0,2.42,-0.97,-0.04,0.68
2021-06-25,002550,4.06,4.08,4.1,4.05,40593,16530493.0,1.22,-0.24,-0.01,0.44
2021-06-28,002550,4.07,4.08,4.11,4.04,47468,19351433.0,1.72,0.0,0.0,0.51
2021-06-29,002550,4.07,4.06,4.11,4.05,37933,15434547.0,1.47,-0.49,-0.02,0.41
2021-06-30,002550,4.06,4.1,4.1,4.05,33669,13735043.0,1.23,0.99,0.04,0.36
2021-07-01,002550,4.1,4.15,4.18,4.07,77862,32266351.0,2.68,1.22,0.05,0.84
2021-07-02,002550,4.15,4.11,4.18,4.09,61650,25425956.0,2.17,-0.96,-0.04,0.66
2021-07-05,002550,4.08,4.11,4.12,4.07,37521,15354516.0,1.22,0.0,0.0,0.4
2021-07-06,002550,4.1,4.08,4.13,4.06,39653,16166758.0,1.7,-0.73,-0.03,0.43
2021-07-07,002550,4.07,4.07,4.1,4.06,22248,9057560.0,0.98,-0.25,-0.01,0.24
2021-07-08,002550,4.08,4.03,4.09,4.03,34524,13985058.0,1.47,-0.98,-0.04,0.37
2021-07-09,002550,4.04,4.06,4.07,4.0,35365,14258144.0,1.74,0.74,0.03,0.38
2021-07-12,002550,4.07,4.08,4.09,4.06,27094,11048517.0,0.74,0.49,0.02,0.29
2021-07-13,002550,4.08,4.09,4.13,4.04,48454,19763154.0,2.21,0.25,0.01,0.52
2021-07-14,002550,4.08,4.09,4.11,4.06,30621,12522175.0,1.22,0.0,0.0,0.33
2021-07-15,002550,4.09,4.08,4.09,4.04,26781,10887395.0,1.22,-0.24,-0.01,0.29
2021-07-16,002550,4.08,4.1,4.13,4.06,34846,14242300.0,1.72,0.49,0.02,0.38
2021-07-19,002550,4.1,4.17,4.18,4.07,64187,26633076.0,2.68,1.71,0.07,0.69
2021-07-20,002550,4.2,4.2,4.23,4.17,60092,25206832.0,1.44,0.72,0.03,0.65
2021-07-21,002550,4.19,4.21,4.23,4.18,44104,18534061.0,1.19,0.24,0.01,0.48
2021-07-22,002550,4.22,4.16,4.23,4.15,40612,16945194.0,1.9,-1.19,-0.05,0.44
2021-07-23,002550,4.14,4.11,4.15,4.1,37722,15544994.0,1.2,-1.2,-0.05,0.41
2021-07-26,002550,4.09,4.06,4.11,4.01,52853,21445199.0,2.43,-1.22,-0.05,0.57
2021-07-27,002550,4.05,4.0,4.07,3.99,56622,22767965.0,1.97,-1.48,-0.06,0.61
2021-07-28,002550,4.01,3.96,4.03,3.92,49377,19555300.0,2.75,-1.0,-0.04,0.53
2021-07-29,002550,3.99,4.06,4.07,3.95,38148,15257677.0,3.03,2.53,0.1,0.41
2021-07-30,002550,4.09,4.15,4.22,4.01,93012,38270674.0,5.17,2.22,0.09,1.0
2021-08-02,002550,4.09,4.14,4.17,4.07,69712,28793177.0,2.41,-0.24,-0.01,0.75
2021-08-03,002550,4.36,4.55,4.55,4.36,248171,112599865.0,4.59,9.9,0.41,2.67
2021-08-04,002550,4.9,5.01,5.01,4.72,1356561,671145008.0,6.37,10.11,0.46,14.62
2021-08-05,002550,4.69,4.73,5.0,4.63,836381,401915760.0,7.39,-5.59,-0.28,9.01
2021-08-06,002550,4.7,4.52,4.71,4.46,621174,280940032.0,5.29,-4.44,-0.21,6.69
2021-08-09,002550,4.46,4.45,4.58,4.45,356781,160347650.0,2.88,-1.55,-0.07,3.84
2021-08-10,002550,4.45,4.52,4.53,4.41,330611,147408115.0,2.7,1.57,0.07,3.56
2021-08-11,002550,4.53,4.46,4.55,4.45,241408,108099967.0,2.21,-1.33,-0.06,2.6
2021-08-12,002550,4.44,4.46,4.49,4.4,186826,83009816.0,2.02,0.0,0.0,2.01
2021-08-13,002550,4.43,4.41,4.47,4.37,183032,80795816.0,2.24,-1.12,-0.05,1.97
2021-08-16,002550,4.41,4.52,4.55,4.4,262106,117942779.0,3.4,2.49,0.11,2.82
2021-08-17,002550,4.53,4.38,4.53,4.38,173381,76824352.0,3.32,-3.1,-0.14,1.87
2021-08-18,002550,4.38,4.41,4.42,4.35,107421,47074736.0,1.6,0.68,0.03,1.16
2021-08-19,002550,4.38,4.46,4.49,4.37,127129,56556388.0,2.72,1.13,0.05,1.37
2021-08-20,002550,4.46,4.35,4.46,4.3,142358,61908768.0,3.59,-2.47,-0.11,1.53
2021-08-23,002550,4.35,4.3,4.37,4.27,155810,67137248.0,2.3,-1.15,-0.05,1.68
2021-08-24,002550,4.3,4.31,4.34,4.24,148639,63697609.0,2.33,0.23,0.01,1.6
2021-08-25,002550,4.29,4.31,4.34,4.26,96117,41390063.0,1.86,0.0,0.0,1.04
2021-08-26,002550,4.27,4.23,4.31,4.23,115136,49121962.0,1.86,-1.86,-0.08,1.24
2021-08-27,002550,4.22,4.19,4.25,4.19,98014,41278014.0,1.42,-0.95,-0.04,1.06
2021-08-30,002550,4.2,4.2,4.23,4.16,86564,36268053.0,1.67,0.24,0.01,0.93
2021-08-31,002550,4.2,4.2,4.21,4.16,72558,30355697.0,1.19,0.0,0.0,0.78
2021-09-01,002550,4.2,4.29,4.3,4.18,137701,58619190.0,2.86,2.14,0.09,1.48
2021-09-02,002550,4.28,4.29,4.3,4.25,70613,30132648.0,1.17,0.0,0.0,0.76
2021-09-03,002550,4.29,4.34,4.34,4.26,104679,45088622.0,1.86,1.17,0.05,1.13
2021-09-06,002550,4.34,4.43,4.44,4.32,148517,65227420.0,2.76,2.07,0.09,1.6
2021-09-07,002550,4.43,4.4,4.45,4.36,99767,43765284.0,2.03,-0.68,-0.03,1.07
2021-09-08,002550,4.4,4.42,4.43,4.38,106309,46797560.0,1.14,0.45,0.02,1.15
2021-09-09,002550,4.44,4.38,4.44,4.36,83826,36764640.0,1.81,-0.9,-0.04,0.9
2021-09-10,002550,4.38,4.34,4.4,4.34,69676,30391031.0,1.37,-0.91,-0.04,0.75
2021-09-13,002550,4.32,4.41,4.42,4.3,113514,49815005.0,2.76,1.61,0.07,1.22
2021-09-14,002550,4.44,4.34,4.44,4.34,103418,45480233.0,2.27,-1.59,-0.07,1.11
2021-09-15,002550,4.34,4.36,4.38,4.28,65505,28425367.0,2.3,0.46,0.02,0.71
2021-09-16,002550,4.37,4.43,4.53,4.35,198938,88865985.0,4.13,1.61,0.07,2.14
2021-09-17,002550,4.45,4.48,4.49,4.38,111363,49335487.0,2.48,1.13,0.05,1.2
2021-09-22,002550,4.46,4.55,4.56,4.43,172839,77914086.0,2.9,1.56,0.07,1.86
2021-09-23,002550,4.54,4.57,4.59,4.49,146832,66548728.0,2.2,0.44,0.02,1.58
2021-09-24,002550,4.55,4.46,4.55,4.44,106717,47877793.0,2.41,-2.41,-0.11,1.15
2021-09-27,002550,4.46,4.39,4.53,4.39,127237,56562692.0,3.14,-1.57,-0.07,1.37
2021-09-28,002550,4.41,4.4,4.41,4.36,53493,23498305.0,1.14,0.23,0.01,0.58
2021-09-29,002550,4.38,4.22,4.4,4.21,107147,45907349.0,4.32,-4.09,-0.18,1.15
2021-09-30,002550,4.25,4.28,4.3,4.23,39871,16995047.0,1.66,1.42,0.06,0.43
2021-10-08,002550,4.3,4.5,4.57,4.27,174533,77790170.0,7.01,5.14,0.22,1.88
2021-10-11,002550,4.52,4.48,4.56,4.45,87140,39096820.0,2.44,-0.44,-0.02,0.94
2021-10-12,002550,4.47,4.58,4.62,4.44,231923,105710847.0,4.02,2.23,0.1,2.5
2021-10-13,002550,4.58,4.56,4.6,4.47,135673,61468409.0,2.84,-0.44,-0.02,1.46
2021-10-14,002550,4.56,4.48,4.58,4.46,89598,40286021.0,2.63,-1.75,-0.08,0.97
2021-10-15,002550,4.45,4.37,4.53,4.37,98919,43678712.0,3.57,-2.46,-0.11,1.07
2021-10-18,002550,4.37,4.4,4.42,4.32,66970,29269008.0,2.29,0.69,0.03,0.72
2021-10-19,002550,4.4,4.33,4.44,4.31,78363,34053172.0,2.95,-1.59,-0.07,0.84
2021-10-20,002550,4.32,4.35,4.36,4.29,44807,19381899.0,1.62,0.46,0.02,0.48
2021-10-21,002550,4.35,4.3,4.37,4.27,65059,27992421.0,2.3,-1.15,-0.05,0.7
2021-10-22,002550,4.3,4.33,4.33,4.28,36183,15564665.0,1.16,0.7,0.03,0.39
2021-10-25,002550,4.35,4.29,4.35,4.25,47092,20159225.0,2.31,-0.92,-0.04,0.51
2021-10-26,002550,4.31,4.33,4.34,4.28,37502,16181008.0,1.4,0.93,0.04,0.4
2021-10-27,002550,4.34,4.18,4.35,4.17,103120,43455412.0,4.16,-3.46,-0.15,1.11
2021-10-28,002550,4.19,4.11,4.21,4.09,52133,21473091.0,2.87,-1.67,-0.07,0.56
2021-10-29,002550,4.1,4.16,4.17,4.09,36545,15103749.0,1.95,1.22,0.05,0.39
2021-11-01,002550,4.12,4.2,4.22,4.12,37054,15510293.0,2.4,0.96,0.04,0.4
2021-11-02,002550,4.2,4.08,4.21,4.05,53303,21915649.0,3.81,-2.86,-0.12,0.57
2021-11-03,002550,4.08,4.13,4.15,4.07,38344,15800675.0,1.96,1.23,0.05,0.41
2021-11-04,002550,4.11,4.17,4.18,4.09,39318,16308527.0,2.18,0.97,0.04,0.42
2021-11-05,002550,4.17,4.12,4.19,4.12,50960,21146993.0,1.68,-1.2,-0.05,0.55
2021-11-08,002550,4.13,4.13,4.15,4.08,38761,15944849.0,1.7,0.24,0.01,0.42
2021-11-09,002550,4.13,4.16,4.18,4.12,32277,13393077.0,1.45,0.73,0.03,0.35
2021-11-10,002550,4.16,4.2,4.21,4.15,60467,25284686.0,1.44,0.96,0.04,0.65
2021-11-11,002550,4.19,4.19,4.23,4.18,49262,20685688.0,1.19,-0.24,-0.01,0.53
2021-11-12,002550,4.18,4.19,4.21,4.17,37213,15575010.0,0.95,0.0,0.0,0.4
2021-11-15,002550,4.22,4.38,4.46,4.19,169948,73920203.0,6.44,4.53,0.19,1.83
2021-11-16,002550,4.38,4.38,4.4,4.34,63458,27737019.0,1.37,0.0,0.0,0.68
2021-11-17,002550,4.36,4.33,4.39,4.32,51315,22295799.0,1.6,-1.14,-0.05,0.55
2021-11-18,002550,4.33,4.35,4.41,4.33,51932,22684458.0,1.85,0.46,0.02,0.56
2021-11-19,002550,4.35,4.35,4.37,4.33,44541,19378188.0,0.92,0.0,0.0,0.48
2021-11-22,002550,4.35,4.31,4.38,4.28,55695,24071073.0,2.3,-0.92,-0.04,0.6
2021-11-23,002550,4.32,4.31,4.33,4.27,34142,14674159.0,1.39,0.0,0.0,0.37
2021-11-24,002550,4.31,4.29,4.31,4.27,32412,13894208.0,0.93,-0.46,-0.02,0.35
2021-11-25,002550,4.29,4.38,4.4,4.29,78255,34093048.0,2.56,2.1,0.09,0.84
2021-11-26,002550,4.37,4.3,4.39,4.3,59762,25881538.0,2.05,-1.83,-0.08,0.64
2021-11-29,002550,4.33,4.46,4.5,4.33,187242,82924338.0,3.95,3.72,0.16,2.02
2021-11-30,002550,4.42,4.5,4.52,4.39,165386,73697275.0,2.91,0.9,0.04,1.78
2021-12-01,002550,4.49,4.42,4.5,4.4,103280,45756070.0,2.22,-1.78,-0.08,1.11
2021-12-02,002550,4.41,4.4,4.49,4.39,98622,43786290.0,2.26,-0.45,-0.02,1.06
2021-12-03,002550,4.4,4.42,4.45,4.34,88866,39077122.0,2.5,0.45,0.02,0.96
2021-12-06,002550,4.42,4.33,4.46,4.32,90480,39749880.0,3.17,-2.04,-0.09,0.97
2021-12-07,002550,4.34,4.33,4.38,4.3,54752,23727016.0,1.85,0.0,0.0,0.59
2021-12-08,002550,4.36,4.36,4.36,4.29,59374,25670816.0,1.62,0.69,0.03,0.64
2021-12-09,002550,4.36,4.38,4.4,4.33,53493,23384956.0,1.61,0.46,0.02,0.58
2021-12-10,002550,4.35,4.31,4.37,4.29,61708,26686017.0,1.83,-1.6,-0.07,0.66
2021-12-13,002550,4.29,4.26,4.31,4.25,66592,28441485.0,1.39,-1.16,-0.05,0.72
2021-12-14,002550,4.26,4.29,4.3,4.25,41560,17823324.0,1.17,0.7,0.03,0.45
2021-12-15,002550,4.3,4.29,4.31,4.27,40574,17406278.0,0.93,0.0,0.0,0.44
2021-12-16,002550,4.29,4.31,4.31,4.26,49623,21263998.0,1.17,0.47,0.02,0.53
2021-12-17,002550,4.31,4.29,4.32,4.28,43082,18509997.0,0.93,-0.46,-0.02,0.46
2021-12-20,002550,4.29,4.37,4.42,4.27,122689,53677537.0,3.5,1.86,0.08,1.32
2021-12-21,002550,4.38,4.45,4.46,4.34,117839,51978523.0,2.75,1.83,0.08,1.27
2021-12-22,002550,4.45,4.46,4.48,4.41,121630,54116732.0,1.57,0.22,0.01,1.31
2021-12-23,002550,4.47,4.39,4.47,4.37,81434,35923937.0,2.24,-1.57,-0.07,0.88
2021-12-24,002550,4.42,4.5,4.59,4.39,257022,115934836.0,4.56,2.51,0.11,2.77
2021-12-27,002550,4.53,4.67,4.71,4.53,261850,121613839.0,4.0,3.78,0.17,2.82
2021-12-28,002550,4.68,4.63,4.68,4.55,179634,82700369.0,2.78,-0.86,-0.04,1.94
2021-12-29,002550,4.59,4.7,4.8,4.58,251381,118567922.0,4.75,1.51,0.07,2.71
2021-12-30,002550,4.64,4.72,4.77,4.62,177957,83369098.0,3.19,0.43,0.02,1.92
2021-12-31,002550,4.72,4.83,4.9,4.7,238661,115048285.0,4.24,2.33,0.11,2.55
2022-01-04,002550,4.9,4.85,4.93,4.77,313167,152087316.0,3.31,0.41,0.02,3.35
2022-01-05,002550,4.83,4.73,4.84,4.65,252464,118892430.0,3.92,-2.47,-0.12,2.7
2022-01-06,002550,4.73,4.89,4.9,4.7,214974,103541963.0,4.23,3.38,0.16,2.3
2022-01-07,002550,4.87,4.75,4.9,4.74,167251,80546742.0,3.27,-2.86,-0.14,1.79
2022-01-10,002550,4.88,4.85,5.0,4.8,200860,97755657.0,4.21,2.11,0.1,2.15
2022-01-11,002550,4.85,5.34,5.34,4.84,411748,210890852.0,10.31,10.1,0.49,4.41
2022-01-12,002550,5.67,5.87,5.87,5.52,1710114,989518800.0,6.55,9.93,0.53,18.31
2022-01-13,002550,5.76,6.46,6.46,5.56,1966006,1218515648.0,15.33,10.05,0.59,21.05
2022-01-14,002550,6.66,7.11,7.11,6.6,649708,451276624.0,7.89,10.06,0.65,6.96
2022-01-17,002550,7.82,7.82,7.82,7.15,1772546,1367562848.0,9.42,9.99,0.71,18.98
2022-01-18,002550,7.9,7.05,8.3,7.04,2386916,1793117968.0,16.11,-9.85,-0.77,25.55
2022-01-19,002550,6.5,7.33,7.5,6.4,1725441,1212684688.0,15.6,3.97,0.28,18.47
2022-01-20,002550,7.12,8.06,8.06,7.04,1708754,1346410992.0,13.92,9.96,0.73,18.29
2022-01-21,002550,7.8,7.58,8.62,7.25,2281661,1743100128.0,17.0,-5.96,-0.48,24.43
2022-01-24,002550,7.0,6.82,7.15,6.82,456154,313177408.0,4.35,-10.03,-0.76,4.88
2022-01-25,002550,6.14,6.14,6.87,6.14,1277921,803279024.0,10.7,-9.97,-0.68,13.68
2022-01-26,002550,6.14,5.53,6.19,5.53,1184612,671802448.0,10.75,-9.93,-0.61,12.68
2022-01-27,002550,5.61,5.53,5.84,5.38,1167358,659193712.0,8.32,0.0,0.0,12.5
2022-01-28,002550,5.41,5.41,5.59,5.26,804610,437840592.0,5.97,-2.17,-0.12,8.61
2022-02-07,002550,5.47,5.67,5.94,5.01,955651,525230688.0,17.19,4.81,0.26,10.23
2022-02-08,002550,5.7,5.77,5.94,5.57,817344,469364272.0,6.53,1.76,0.1,8.75
2022-02-09,002550,5.62,5.82,5.95,5.51,938862,542121424.0,7.63,0.87,0.05,10.05
2022-02-10,002550,5.78,5.73,5.92,5.65,657776,379799664.0,4.64,-1.55,-0.09,7.04
2022-02-11,002550,5.63,5.52,5.67,5.43,630326,348469760.0,4.19,-3.66,-0.21,6.75
2022-02-14,002550,5.6,5.56,5.81,5.51,624796,353127392.0,5.43,0.72,0.04,6.69
2022-02-15,002550,5.57,5.47,5.68,5.43,502902,278946368.0,4.5,-1.62,-0.09,5.38
2022-02-16,002550,5.47,5.54,5.63,5.39,465517,257314684.0,4.39,1.28,0.07,4.98
2022-02-17,002550,5.54,5.38,5.56,5.35,461385,250224150.0,3.79,-2.89,-0.16,4.94
2022-02-18,002550,5.34,5.4,5.48,5.28,346913,187316431.0,3.72,0.37,0.02,3.71
2022-02-21,002550,5.46,5.5,5.54,5.31,483891,263520231.0,4.26,1.85,0.1,5.18
2022-02-22,002550,5.45,5.25,5.46,5.23,472255,250509700.0,4.18,-4.55,-0.25,5.06
2022-02-23,002550,5.3,5.34,5.42,5.26,397992,213006147.0,3.05,1.71,0.09,4.26
2022-02-24,002550,5.34,5.17,5.45,5.07,523848,276504160.0,7.12,-3.18,-0.17,5.61
2022-02-25,002550,5.18,5.29,5.37,5.17,404035,213980782.0,3.87,2.32,0.12,4.33
2022-02-28,002550,5.3,5.44,5.46,5.2,469349,251823783.0,4.91,2.84,0.15,5.02
2022-03-01,002550,5.39,5.37,5.44,5.34,321655,172871317.0,1.84,-1.29,-0.07,3.44
2022-03-02,002550,5.33,5.55,5.58,5.31,590278,322843920.0,5.03,3.35,0.18,6.32
2022-03-03,002550,5.52,5.51,5.66,5.48,686855,381286496.0,3.24,-0.72,-0.04,7.35
2022-03-04,002550,5.53,5.44,5.75,5.37,882677,493131200.0,6.9,-1.27,-0.07,9.45
2022-03-07,002550,5.32,5.28,5.54,5.25,483995,259380715.0,5.33,-2.94,-0.16,5.18
2022-03-08,002550,5.29,4.99,5.3,4.96,481023,244208631.0,6.44,-5.49,-0.29,5.15
2022-03-09,002550,4.96,4.9,5.02,4.69,419257,204896892.0,6.61,-1.8,-0.09,4.49
2022-03-10,002550,5.02,5.29,5.29,4.94,447869,229040442.0,7.14,7.96,0.39,4.79
2022-03-11,002550,5.82,5.82,5.82,5.82,269984,157130734.0,0.0,10.02,0.53,2.89
2022-03-14,002550,6.4,6.4,6.4,6.4,60246,38557440.0,0.0,9.97,0.58,0.64
2022-03-15,002550,6.77,6.9,7.03,6.23,2472697,1657990176.0,12.5,7.81,0.5,26.47
2022-03-16,002550,6.65,6.3,6.79,6.21,1888984,1204918400.0,8.41,-8.7,-0.6,20.22
2022-03-17,002550,6.02,6.34,6.82,6.0,1647917,1056475712.0,13.02,0.63,0.04,17.64
2022-03-18,002550,6.2,6.15,6.34,6.05,1024862,633647088.0,4.57,-3.0,-0.19,10.97
2022-03-21,002550,6.15,6.53,6.56,6.15,1121916,710888976.0,6.67,6.18,0.38,12.01
2022-03-22,002550,6.42,6.08,6.42,6.03,996916,615164272.0,5.97,-6.89,-0.45,10.67
2022-03-23,002550,6.08,5.97,6.19,5.95,698578,423728992.0,3.95,-1.81,-0.11,7.48
2022-03-24,002550,5.89,6.15,6.25,5.8,939918,569311136.0,7.54,3.02,0.18,10.06
2022-03-25,002550,6.12,5.92,6.35,5.91,751107,456902496.0,7.15,-3.74,-0.23,8.04
2022-03-28,002550,5.89,5.76,5.99,5.68,505710,293276064.0,5.24,-2.7,-0.16,5.41
2022-03-29,002550,5.74,5.88,5.93,5.65,559750,328107280.0,4.86,2.08,0.12,5.99
2022-03-30,002550,5.82,5.93,5.99,5.71,518591,303835152.0,4.76,0.85,0.05,5.55
2022-03-31,002550,5.86,5.87,6.11,5.83,664015,397678624.0,4.72,-1.01,-0.06,7.11
2022-04-01,002550,5.78,5.57,5.88,5.43,661333,370222160.0,7.67,-5.11,-0.3,7.08
2022-04-06,002550,5.61,5.81,5.88,5.61,573341,331781856.0,4.85,4.31,0.24,6.14
2022-04-07,002550,5.78,5.56,5.92,5.56,447761,255190952.0,6.2,-4.3,-0.25,4.79
2022-04-08,002550,5.6,5.44,5.6,5.35,327451,178887711.0,4.5,-2.16,-0.12,3.51
2022-04-11,002550,5.44,5.25,5.45,5.18,285478,151376038.0,4.96,-3.49,-0.19,3.06
2022-04-12,002550,5.21,5.3,5.32,5.15,218576,114390517.0,3.24,0.95,0.05,2.34
2022-04-13,002550,5.3,5.06,5.3,5.05,282434,144544743.0,4.72,-4.53,-0.24,3.02
2022-04-14,002550,5.09,5.18,5.25,5.08,271282,140705615.0,3.36,2.37,0.12,2.9
2022-04-15,002550,5.13,5.21,5.35,5.06,376451,195776830.0,5.6,0.58,0.03,4.03
2022-04-18,002550,5.15,5.12,5.2,5.01,217015,111051417.0,3.65,-1.73,-0.09,2.32
2022-04-19,002550,5.12,5.2,5.32,5.12,241409,126290790.0,3.91,1.56,0.08,2.58
2022-04-20,002550,5.21,5.19,5.34,5.18,298951,156989260.0,3.08,-0.19,-0.01,3.2
2022-04-21,002550,5.14,4.9,5.2,4.9,278004,139857603.0,5.78,-5.59,-0.29,2.98
2022-04-22,002550,4.89,4.93,4.95,4.77,183344,89106390.0,3.67,0.61,0.03,1.96
2022-04-25,002550,5.08,5.42,5.42,5.02,902181,481710960.0,8.11,9.94,0.49,9.66
2022-04-26,002550,5.58,5.96,5.96,5.44,1409961,806175952.0,9.59,9.96,0.54,15.09
2022-04-27,002550,5.93,6.0,6.39,5.54,1811986,1096924912.0,14.26,0.67,0.04,19.4
2022-04-28,002550,5.68,6.06,6.31,5.6,1562824,939478384.0,11.83,1.0,0.06,16.73
2022-04-29,002550,6.0,6.2,6.6,5.72,1572698,965978880.0,14.52,2.31,0.14,16.84
2022-05-05,002550,6.03,6.31,6.39,5.83,1356032,830345744.0,9.03,1.77,0.11,14.52
2022-05-06,002550,6.0,6.09,6.39,5.96,1106413,679600464.0,6.81,-3.49,-0.22,11.84
2022-05-09,002550,6.2,6.7,6.7,6.11,1063313,693961584.0,9.69,10.02,0.61,11.38
2022-05-10,002550,7.0,6.59,7.2,6.57,2061982,1419120672.0,9.4,-1.64,-0.11,22.07
2022-05-11,002550,6.62,6.31,6.96,6.3,1762701,1170896464.0,10.02,-4.25,-0.28,18.87
2022-05-12,002550,6.22,6.49,6.54,6.19,1300980,825136672.0,5.55,2.85,0.18,13.93
2022-05-13,002550,6.41,6.22,6.5,6.02,1043126,646893728.0,7.4,-4.16,-0.27,11.17
2022-05-16,002550,6.22,6.15,6.53,6.13,819649,514710912.0,6.43,-1.13,-0.07,8.77
2022-05-17,002550,6.12,5.9,6.16,5.82,724940,429692448.0,5.53,-4.07,-0.25,7.76
2022-05-18,002550,5.87,5.89,5.98,5.77,412783,242817609.0,3.56,-0.17,-0.01,4.42
2022-05-19,002550,5.76,5.83,5.88,5.62,465048,267594467.0,4.41,-1.02,-0.06,4.98
2022-05-20,002550,5.85,5.77,5.9,5.7,405499,235114863.0,3.43,-1.03,-0.06,4.34
2022-05-23,002550,5.8,5.86,5.93,5.77,511386,298803680.0,2.77,1.56,0.09,5.47
2022-05-24,002550,5.92,5.43,5.92,5.42,672076,376236080.0,8.53,-7.34,-0.43,7.19
2022-05-25,002550,5.31,5.58,5.59,5.28,495837,271804496.0,5.71,2.76,0.15,5.31
2022-05-26,002550,5.6,5.51,5.63,5.38,375830,206501553.0,4.48,-1.25,-0.07,4.02
2022-05-27,002550,5.51,5.47,5.55,5.41,308907,169310811.0,2.54,-0.73,-0.04,3.31
2022-05-30,002550,5.49,5.52,5.52,5.35,311330,169636123.0,3.11,0.91,0.05,3.33
2022-05-31,002550,5.51,5.42,5.51,5.35,302811,163719429.0,2.9,-1.81,-0.1,3.24
2022-06-01,002550,5.39,5.34,5.47,5.27,284658,152819392.0,3.69,-1.48,-0.08,3.05
2022-06-02,002550,5.3,5.36,5.39,5.22,281910,149298147.0,3.18,0.37,0.02,3.02
2022-06-06,002550,5.36,5.55,5.55,5.31,428437,234360921.0,4.48,3.54,0.19,4.59
2022-06-07,002550,5.55,5.82,5.87,5.48,752160,426646864.0,7.03,4.86,0.27,8.05
2022-06-08,002550,5.79,5.65,5.8,5.56,516007,291903760.0,4.12,-2.92,-0.17,5.52
2022-06-09,002550,5.6,5.44,5.6,5.43,334925,183845985.0,3.01,-3.72,-0.21,3.59
2022-06-10,002550,5.4,5.54,5.58,5.37,278866,153834717.0,3.86,1.84,0.1,2.99
2022-06-13,002550,5.53,5.42,5.53,5.32,282022,153492051.0,3.79,-2.17,-0.12,3.02
2022-06-14,002550,5.43,5.55,5.55,5.32,314970,171030535.0,4.24,2.4,0.13,3.37
2022-06-15,002550,5.5,5.48,5.57,5.46,264430,145889503.0,1.98,-1.26,-0.07,2.83
2022-06-16,002550,5.48,5.58,5.75,5.45,416558,232447868.0,5.47,1.82,0.1,4.46
2022-06-17,002550,5.5,5.53,5.54,5.38,308889,168920678.0,2.87,-0.9,-0.05,3.31
2022-06-20,002550,5.54,5.65,5.65,5.54,374497,209661708.0,1.99,2.17,0.12,4.01
2022-06-21,002550,5.66,5.51,5.67,5.44,334276,185609322.0,4.07,-2.48,-0.14,3.58
2022-06-22,002550,5.55,5.52,5.64,5.45,298861,165866559.0,3.45,0.18,0.01,3.2
2022-06-23,002550,5.47,5.49,5.52,5.36,299894,162830841.0,2.9,-0.54,-0.03,3.21
2022-06-24,002550,5.48,5.64,5.75,5.47,595736,337014992.0,5.1,2.73,0.15,6.38
2022-06-27,002550,5.67,5.64,5.77,5.61,351668,199749025.0,2.84,0.0,0.0,3.76
2022-06-28,002550,5.61,5.66,5.66,5.52,264456,147906640.0,2.48,0.35,0.02,2.83
2022-06-29,002550,5.61,5.47,5.66,5.45,325175,181160504.0,3.71,-3.36,-0.19,3.48
2022-06-30,002550,5.48,5.73,5.88,5.47,620069,353964608.0,7.5,4.75,0.26,6.73
2022-07-01,002550,5.72,5.75,5.79,5.67,374259,214698959.0,2.09,0.35,0.02,4.06
2022-07-04,002550,5.73,6.05,6.05,5.73,715024,425546768.0,5.57,5.22,0.3,7.76
2022-07-05,002550,6.05,5.91,6.08,5.86,480181,284533776.0,3.64,-2.31,-0.14,5.21
2022-07-06,002550,5.93,5.81,5.97,5.75,353668,207253349.0,3.72,-1.69,-0.1,3.84
2022-07-07,002550,5.81,5.85,5.85,5.67,332639,191489474.0,3.1,0.69,0.04,3.61
2022-07-08,002550,5.8,5.8,5.92,5.77,272691,158870230.0,2.56,-0.85,-0.05,2.96
2022-07-11,002550,5.8,5.94,5.98,5.78,411574,243144408.0,3.45,2.41,0.14,4.47
2022-07-12,002550,5.93,5.7,5.93,5.7,359179,207144894.3,3.87,-4.04,-0.24,3.9
2022-07-13,002550,5.68,5.72,5.76,5.57,234992,133147464.3,3.33,0.35,0.02,2.55
2022-07-14,002550,5.84,5.91,6.1,5.8,584320,347710118.1,5.24,3.32,0.19,6.34
2022-07-15,002550,5.88,5.66,5.94,5.63,388219,223450480.8,5.25,-4.23,-0.25,4.21
2022-07-18,002550,5.66,5.77,5.84,5.62,272381,155969722.0,3.89,1.94,0.11,2.96
2022-07-19,002550,5.75,5.84,5.88,5.71,270434,156615336.0,2.95,1.21,0.07,2.93
2022-07-20,002550,5.85,5.93,5.98,5.83,357563,211450259.4,2.57,1.54,0.09,3.88
2022-07-21,002550,5.91,5.84,5.92,5.81,234031,137031410.9,1.85,-1.52,-0.09,2.54
2022-07-22,002550,5.85,5.76,5.88,5.69,257428,148551623.3,3.25,-1.37,-0.08,2.79
2022-07-25,002550,5.77,5.77,5.8,5.7,177908,102533146.5,1.74,0.17,0.01,1.93
2022-07-26,002550,5.79,5.72,5.79,5.65,171908,97985333.0,2.43,-0.87,-0.05,1.87
2022-07-27,002550,5.69,5.71,5.74,5.65,167877,95581139.5,1.57,-0.17,-0.01,1.82
2022-07-28,002550,5.71,5.76,5.8,5.7,188528,108560589.0,1.75,0.88,0.05,2.05
2022-07-29,002550,5.75,5.62,5.76,5.6,250803,142087092.1,2.78,-2.43,-0.14,2.72
2022-08-01,002550,5.62,5.69,5.7,5.5,227835,127448684.6,3.56,1.25,0.07,2.47
2022-08-02,002550,5.63,5.41,5.64,5.15,314278,171026090.9,8.61,-4.92,-0.28,3.41
2022-08-03,002550,5.37,5.33,5.52,5.32,205706,111852450.8,3.7,-1.48,-0.08,2.23
2022-08-04,002550,5.37,5.45,5.46,5.31,160597,86751705.0,2.81,2.25,0.12,1.74
2022-08-05,002550,5.45,5.54,5.54,5.45,139639,76704971.0,1.65,1.65,0.09,1.52
2022-08-08,002550,5.58,5.63,5.65,5.52,215520,121001265.0,2.35,1.62,0.09,2.34
2022-08-09,002550,5.68,5.52,5.7,5.5,265472,146994675.6,3.55,-1.95,-0.11,2.88
2022-08-10,002550,5.51,5.41,5.52,5.37,209483,113449613.6,2.72,-1.99,-0.11,2.27
2022-08-11,002550,5.42,5.46,5.47,5.41,153893,83782930.0,1.11,0.92,0.05,1.67
2022-08-12,002550,5.44,5.46,5.52,5.41,162527,88838667.1,2.01,0.0,0.0,1.76
2022-08-15,002550,5.46,5.4,5.47,5.39,134761,72844700.0,1.47,-1.1,-0.06,1.46
2022-08-16,002550,5.42,5.39,5.42,5.36,125531,67568984.0,1.11,-0.19,-0.01,1.36
2022-08-17,002550,5.41,5.39,5.42,5.33,133352,71494074.0,1.67,0.0,0.0,1.45
2022-08-18,002550,5.37,5.34,5.37,5.32,98247,52438152.0,0.93,-0.93,-0.05,1.07
2022-08-19,002550,5.34,5.33,5.37,5.31,100805,53831046.0,1.12,-0.19,-0.01,1.09
2022-08-22,002550,5.3,5.36,5.38,5.26,106543,56855116.3,2.25,0.56,0.03,1.16
2022-08-23,002550,5.35,5.45,5.49,5.33,223545,121221522.4,2.99,1.68,0.09,2.43
2022-08-24,002550,5.46,5.42,5.55,5.42,277558,152073345.9,2.39,-0.55,-0.03,3.01
2022-08-25,002550,5.46,5.38,5.48,5.34,127902,68910622.0,2.58,-0.74,-0.04,1.39
2022-08-26,002550,5.36,5.39,5.43,5.35,95373,51493504.0,1.49,0.19,0.01,1.03
2022-08-29,002550,5.35,5.48,5.49,5.32,158616,85722838.0,3.15,1.67,0.09,1.72
2022-08-30,002550,5.48,5.51,5.57,5.44,173911,95878639.7,2.37,0.55,0.03,1.89
2022-08-31,002550,5.5,5.51,5.52,5.45,126033,69129449.6,1.27,0.0,0.0,1.37
2022-09-01,002550,5.51,5.62,5.64,5.47,290405,162269747.6,3.09,2.0,0.11,3.15
2022-09-02,002550,5.62,5.72,5.75,5.58,281289,160014558.3,3.02,1.78,0.1,3.05
2022-09-05,002550,5.7,5.74,5.82,5.67,211420,120874055.0,2.62,0.35,0.02,2.29
2022-09-06,002550,5.74,5.77,5.78,5.69,198603,114141350.2,1.57,0.52,0.03,2.16
2022-09-07,002550,5.77,5.88,5.94,5.72,287977,168761375.7,3.81,1.91,0.11,3.13
2022-09-08,002550,5.88,5.8,5.88,5.76,209593,121878479.4,2.04,-1.36,-0.08,2.27
2022-09-09,002550,5.78,5.82,5.84,5.71,168564,97744625.9,2.24,0.34,0.02,1.83
2022-09-13,002550,5.83,5.94,5.98,5.82,263336,156508911.9,2.75,2.06,0.12,2.86
2022-09-14,002550,5.84,5.97,5.97,5.78,226847,134309806.3,3.2,0.51,0.03,2.46
2022-09-15,002550,5.99,5.91,6.21,5.88,401580,241541952.8,5.53,-1.01,-0.06,4.36
2022-09-16,002550,5.91,5.77,6.2,5.76,340659,200868195.0,7.45,-2.37,-0.14,3.7
2022-09-19,002550,5.77,5.6,5.8,5.51,241437,135114126.2,5.03,-2.95,-0.17,2.62
2022-09-20,002550,5.67,5.7,5.76,5.54,175821,99538056.1,3.93,1.79,0.1,1.91
2022-09-21,002550,5.75,5.64,5.75,5.54,140379,78800852.0,3.68,-1.05,-0.06,1.52
2022-09-22,002550,5.63,5.45,5.67,5.44,186769,103983735.8,4.08,-3.37,-0.19,2.03
2022-09-23,002550,5.45,5.47,5.56,5.37,147005,80612404.0,3.49,0.37,0.02,1.6
2022-09-26,002550,5.46,5.29,5.51,5.28,134035,72165403.3,4.2,-3.29,-0.18,1.45
2022-09-27,002550,5.29,5.57,5.57,5.29,184493,100860035.6,5.29,5.29,0.28,2.0
2022-09-28,002550,5.59,5.46,5.67,5.46,152944,85119959.0,3.77,-1.97,-0.11,1.66
2022-09-29,002550,5.51,5.55,5.72,5.51,210832,118630892.0,3.85,1.65,0.09,2.29
2022-09-30,002550,5.55,5.55,5.65,5.52,140235,78193854.0,2.34,0.0,0.0,1.52
2022-10-10,002550,5.55,5.39,5.64,5.38,134249,73692840.0,4.68,-2.88,-0.16,1.46
2022-10-11,002550,5.4,5.45,5.46,5.21,135126,71954103.0,4.64,1.11,0.06,1.47
2022-10-12,002550,5.43,5.39,5.43,5.19,162979,86502099.6,4.4,-1.1,-0.06,1.77
2022-10-13,002550,5.34,5.54,5.61,5.28,227908,125518127.2,6.12,2.78,0.15,2.47
2022-10-14,002550,5.53,5.76,5.79,5.5,313769,179746023.0,5.23,3.97,0.22,3.4
2022-10-17,002550,5.75,5.77,5.86,5.72,220564,127679157.5,2.43,0.17,0.01,2.39
2022-10-18,002550,5.73,5.93,5.96,5.66,290855,170303835.4,5.2,2.77,0.16,3.16
2022-10-19,002550,5.87,5.8,5.91,5.75,200476,116330181.0,2.7,-2.19,-0.13,2.18
2022-10-20,002550,5.75,5.76,5.88,5.72,174351,101254672.0,2.76,-0.69,-0.04,1.89
2022-10-21,002550,5.75,5.96,6.04,5.71,321022,189992376.0,5.73,3.47,0.2,3.48
2022-10-24,002550,5.95,5.8,6.06,5.76,257860,151991012.0,5.03,-2.68,-0.16,2.8
2022-10-25,002550,5.8,5.73,5.86,5.66,202402,116369774.2,3.45,-1.21,-0.07,2.2
2022-10-26,002550,5.75,5.94,6.02,5.72,317580,188108537.6,5.24,3.66,0.21,3.45
2022-10-27,002550,5.9,6.0,6.04,5.75,366608,216488496.7,4.88,1.01,0.06,3.98
2022-10-28,002550,5.95,5.74,6.0,5.71,277764,161616509.0,4.83,-4.33,-0.26,3.01
2022-10-31,002550,5.7,5.82,5.88,5.63,273022,157575728.0,4.36,1.39,0.08,2.96
2022-11-01,002550,5.83,5.94,5.96,5.75,309003,181410219.2,3.61,2.06,0.12,3.35
2022-11-02,002550,5.92,5.88,6.09,5.86,414257,248533562.1,3.87,-1.01,-0.06,4.5
2022-11-03,002550,5.81,5.86,5.97,5.75,262719,153957250.1,3.74,-0.34,-0.02,2.85
2022-11-04,002550,5.9,5.9,5.96,5.83,228246,134682338.0,2.22,0.68,0.04,2.48
2022-11-07,002550,5.9,5.93,5.97,5.87,224562,132862642.0,1.69,0.51,0.03,2.44
2022-11-08,002550,5.94,5.88,6.01,5.77,222263,130186742.0,4.05,-0.84,-0.05,2.41
2022-11-09,002550,5.86,6.03,6.09,5.83,418569,251686637.0,4.42,2.55,0.15,4.54
2022-11-10,002550,6.02,5.98,6.15,5.96,372735,225192121.4,3.15,-0.83,-0.05,4.04
2022-11-11,002550,6.12,5.97,6.38,5.95,817806,504853949.3,7.19,-0.17,-0.01,8.87
2022-11-14,002550,5.84,6.09,6.15,5.81,516103,310995292.8,5.7,2.01,0.12,5.6
2022-11-15,002550,6.11,6.08,6.13,5.93,346175,208656441.8,3.28,-0.16,-0.01,3.76
2022-11-16,002550,6.07,5.98,6.12,5.96,293211,176694574.0,2.63,-1.64,-0.1,3.18
2022-11-17,002550,5.98,6.16,6.19,5.91,485549,296959083.4,4.68,3.01,0.18,5.27
2022-11-18,002550,6.19,6.26,6.38,6.15,653383,410770593.5,3.73,1.62,0.1,7.09
2022-11-21,002550,6.22,6.51,6.53,6.16,638442,407587064.7,5.91,3.99,0.25,6.93
2022-11-22,002550,6.5,6.14,6.63,6.11,708501,449103208.8,7.99,-5.68,-0.37,7.69
2022-11-23,002550,6.22,5.96,6.23,5.85,490358,293490432.0,6.19,-2.93,-0.18,5.32
2022-11-24,002550,5.92,6.06,6.13,5.92,320571,193581211.0,3.52,1.68,0.1,3.48
2022-11-25,002550,6.0,5.99,6.11,5.82,284875,169753082.4,4.79,-1.16,-0.07,3.09
2022-11-28,002550,5.97,5.84,6.05,5.81,300462,177485403.3,4.01,-2.5,-0.15,3.26
2022-11-29,002550,5.85,6.42,6.42,5.84,398610,249884954.3,9.93,9.93,0.58,4.33
2022-11-30,002550,6.47,6.35,6.65,6.15,1090850,695133099.9,7.79,-1.09,-0.07,11.84
2022-12-01,002550,6.26,6.15,6.31,6.09,604732,372445365.5,3.46,-3.15,-0.2,6.56
2022-12-02,002550,6.16,6.18,6.21,6.12,360568,222510811.0,1.46,0.49,0.03,3.91
2022-12-05,002550,6.19,6.2,6.3,6.08,398339,246665914.4,3.56,0.32,0.02,4.32
2022-12-06,002550,6.15,6.07,6.19,6.04,343612,209585205.0,2.42,-2.1,-0.13,3.73
2022-12-07,002550,6.16,6.68,6.68,6.16,1120868,737581035.0,8.57,10.05,0.61,12.16
2022-12-08,002550,7.28,7.35,7.35,7.01,2571123,1862841665.4,5.09,10.03,0.67,27.9
2022-12-09,002550,7.03,7.49,7.98,7.01,2640293,1974724273.2,13.2,1.9,0.14,28.65
2022-12-12,002550,7.65,8.24,8.24,7.52,2116663,1684565857.0,9.61,10.01,0.75,22.97
2022-12-13,002550,8.47,8.74,9.06,7.85,2744027,2312872182.7,14.68,6.07,0.5,29.78
2022-12-14,002550,8.41,7.87,8.42,7.87,1579289,1263662858.7,6.29,-9.95,-0.87,17.14
2022-12-15,002550,7.5,7.61,7.97,7.45,1124414,864308420.0,6.61,-3.3,-0.26,12.2
2022-12-16,002550,7.65,7.87,8.13,7.63,1415651,1119997994.4,6.57,3.42,0.26,15.36
2022-12-19,002550,7.88,7.32,7.95,7.25,1118682,839051697.6,8.89,-6.99,-0.55,12.14
2022-12-20,002550,7.2,7.07,7.38,6.88,818180,575973195.3,6.83,-3.42,-0.25,8.88
2022-12-21,002550,7.0,7.02,7.2,6.95,603551,425184280.5,3.54,-0.71,-0.05,6.55
2022-12-22,002550,7.02,6.69,7.06,6.67,663066,450215690.1,5.56,-4.7,-0.33,7.2
2022-12-23,002550,6.7,6.71,6.88,6.64,508743,342872435.0,3.59,0.3,0.02,5.52
2022-12-26,002550,6.71,6.58,6.77,6.51,541982,357403601.0,3.87,-1.94,-0.13,5.88
2022-12-27,002550,6.59,6.35,6.59,6.21,598223,377654543.5,5.78,-3.5,-0.23,6.49
2022-12-28,002550,6.34,6.23,6.41,6.2,415644,261394634.2,3.31,-1.89,-0.12,4.51
2022-12-29,002550,6.26,6.41,6.42,6.17,573079,362844715.9,4.01,2.89,0.18,6.22
2022-12-30,002550,6.41,6.26,6.41,6.25,414792,261778675.0,2.5,-2.34,-0.15,4.5
2023-01-03,002550,6.33,6.61,6.66,6.33,668355,435478768.1,5.27,5.59,0.35,7.25
2023-01-04,002550,6.62,6.46,6.62,6.41,501851,324726934.2,3.18,-2.27,-0.15,5.45
2023-01-05,002550,6.5,6.57,6.64,6.39,418840,273941443.6,3.87,1.7,0.11,4.55
2023-01-06,002550,6.55,6.63,6.65,6.5,394703,259867172.0,2.28,0.91,0.06,4.28
2023-01-09,002550,6.64,6.46,6.68,6.42,463154,301150536.2,3.92,-2.56,-0.17,5.03
2023-01-10,002550,6.42,6.36,6.45,6.35,240894,154006850.2,1.55,-1.55,-0.1,2.61
2023-01-11,002550,6.35,6.32,6.41,6.32,187668,119394418.0,1.42,-0.63,-0.04,2.04
2023-01-12,002550,6.33,6.24,6.39,6.21,242692,152263931.0,2.85,-1.27,-0.08,2.63
2023-01-13,002550,6.24,6.32,6.33,6.21,184317,115407280.0,1.92,1.28,0.08,2.0
2023-01-16,002550,6.28,6.31,6.4,6.27,198259,125657150.0,2.06,-0.16,-0.01,2.15
2023-01-17,002550,6.31,6.23,6.33,6.21,181795,113550971.0,1.9,-1.27,-0.08,1.97
2023-01-18,002550,6.23,6.22,6.26,6.2,125168,77998347.0,0.96,-0.16,-0.01,1.36
2023-01-19,002550,6.29,6.36,6.4,6.25,245374,155569799.0,2.41,2.25,0.14,2.66
2023-01-20,002550,6.36,6.42,6.44,6.35,183039,117088752.1,1.42,0.94,0.06,1.99
2023-01-30,002550,6.45,6.43,6.52,6.41,307624,198497149.0,1.71,0.16,0.01,3.34
2023-01-31,002550,6.43,6.47,6.49,6.34,214056,137709973.0,2.33,0.62,0.04,2.32
2023-02-01,002550,6.47,6.53,6.56,6.43,305499,198206669.4,2.01,0.93,0.06,3.32
2023-02-02,002550,6.54,6.47,6.55,6.45,262744,170774868.9,1.53,-0.92,-0.06,2.85
2023-02-03,002550,6.47,6.41,6.47,6.33,217765,139447506.0,2.16,-0.93,-0.06,2.36
2023-02-06,002550,6.4,6.38,6.45,6.37,141966,90850184.6,1.25,-0.47,-0.03,1.54
2023-02-07,002550,6.38,6.38,6.41,6.34,157033,100087457.0,1.1,0.0,0.0,1.7
2023-02-08,002550,6.39,6.31,6.4,6.3,159134,100889549.0,1.57,-1.1,-0.07,1.73
2023-02-09,002550,6.29,6.38,6.39,6.27,177996,112817476.0,1.9,1.11,0.07,1.93
2023-02-10,002550,6.38,6.34,6.42,6.3,154052,97927095.0,1.88,-0.63,-0.04,1.67
2023-02-13,002550,6.34,6.39,6.42,6.31,149979,95811562.0,1.74,0.79,0.05,1.63
2023-02-14,002550,6.42,6.44,6.44,6.39,180911,116080175.1,0.78,0.78,0.05,1.96
2023-02-15,002550,6.44,6.39,6.47,6.37,195441,125190601.0,1.55,-0.78,-0.05,2.12
2023-02-16,002550,6.39,6.46,6.59,6.38,650464,421945728.0,3.29,1.1,0.07,7.06
2023-02-17,002550,6.45,6.82,6.87,6.37,1122113,749159757.0,7.74,5.57,0.36,12.18
2023-02-20,002550,6.86,6.73,6.86,6.6,645700,431501341.7,3.81,-1.32,-0.09,7.01
2023-02-21,002550,6.68,6.71,6.79,6.65,367408,246127534.0,2.08,-0.3,-0.02,3.99
2023-02-22,002550,6.67,6.72,6.78,6.63,319259,214534223.0,2.24,0.15,0.01,3.46
2023-02-23,002550,6.74,6.57,6.74,6.53,361256,238678065.1,3.13,-2.23,-0.15,3.92
2023-02-24,002550,6.56,6.5,6.58,6.47,203785,132716396.0,1.67,-1.07,-0.07,2.21
2023-02-27,002550,6.58,6.46,6.6,6.45,182608,119013823.0,2.31,-0.62,-0.04,1.98
2023-02-28,002550,6.44,6.58,6.58,6.43,253386,165441649.4,2.32,1.86,0.12,2.75
2023-03-01,002550,6.61,6.56,6.62,6.52,186934,122439692.6,1.52,-0.3,-0.02,2.03
2023-03-02,002550,6.55,6.49,6.56,6.47,185791,120738619.0,1.37,-1.07,-0.07,2.02
2023-03-03,002550,6.47,6.5,6.51,6.45,144334,93541668.9,0.92,0.15,0.01,1.57
2023-03-06,002550,6.48,6.47,6.52,6.46,125130,81102326.0,0.92,-0.46,-0.03,1.36
2023-03-07,002550,6.48,6.28,6.5,6.27,300538,191192248.0,3.55,-2.94,-0.19,3.26
2023-03-08,002550,6.28,6.27,6.3,6.24,119456,74848307.0,0.96,-0.16,-0.01,1.3
2023-03-09,002550,6.27,6.3,6.34,6.25,131785,83019352.0,1.44,0.48,0.03,1.43
2023-03-10,002550,6.26,6.19,6.28,6.18,149891,93112025.0,1.59,-1.75,-0.11,1.63
2023-03-13,002550,6.18,6.17,6.19,6.1,130303,80034956.3,1.45,-0.32,-0.02,1.41
2023-03-14,002550,6.17,6.2,6.3,6.16,200116,124592547.9,2.27,0.49,0.03,2.17
2023-03-15,002550,6.24,6.28,6.34,6.22,160381,100867515.9,1.94,1.29,0.08,1.74
2023-03-16,002550,6.24,6.24,6.32,6.22,136240,85311657.4,1.59,-0.64,-0.04,1.48
2023-03-17,002550,6.24,6.25,6.28,6.21,105662,65965633.8,1.12,0.16,0.01,1.15
2023-03-20,002550,6.25,6.06,6.26,6.04,204428,124990601.7,3.52,-3.04,-0.19,2.22
2023-03-21,002550,6.07,6.08,6.11,6.06,86871,52819230.0,0.83,0.33,0.02,0.94
2023-03-22,002550,6.1,6.1,6.13,6.07,88104,53634514.0,0.99,0.33,0.02,0.96
2023-03-23,002550,6.09,6.05,6.09,6.03,126235,76387749.9,0.98,-0.82,-0.05,1.37
2023-03-24,002550,6.06,5.98,6.1,5.97,165617,99675468.0,2.15,-1.16,-0.07,1.8
2023-03-27,002550,5.99,6.02,6.04,5.93,118212,70821904.0,1.84,0.67,0.04,1.28
2023-03-28,002550,6.02,6.06,6.06,5.98,117234,70674342.0,1.33,0.66,0.04,1.27
2023-03-29,002550,6.06,5.97,6.07,5.95,108375,64908900.0,1.98,-1.49,-0.09,1.18
2023-03-30,002550,5.95,5.88,5.97,5.83,128579,75631163.2,2.35,-1.51,-0.09,1.4
2023-03-31,002550,5.89,5.96,5.99,5.88,79635,47396543.8,1.87,1.36,0.08,0.86
2023-04-03,002550,5.95,5.93,6.0,5.92,89568,53288677.0,1.34,-0.5,-0.03,0.97
2023-04-04,002550,5.93,5.91,5.98,5.9,94057,55775075.8,1.35,-0.34,-0.02,1.02
2023-04-06,002550,5.9,5.91,5.95,5.88,76944,45536741.0,1.18,0.0,0.0,0.83
2023-04-07,002550,5.91,6.05,6.06,5.9,158493,95325709.0,2.71,2.37,0.14,1.72
2023-04-10,002550,6.04,5.99,6.05,5.98,93219,56040560.9,1.16,-0.99,-0.06,1.01
2023-04-11,002550,5.97,6.0,6.01,5.96,69038,41343613.0,0.83,0.17,0.01,0.75
2023-04-12,002550,6.01,6.03,6.1,6.01,106440,64390074.0,1.5,0.5,0.03,1.16
2023-04-13,002550,6.04,6.09,6.09,5.97,122628,74126751.0,1.99,1.0,0.06,1.33
2023-04-14,002550,6.09,6.1,6.16,6.05,126846,77336942.9,1.81,0.16,0.01,1.38
2023-04-17,002550,6.07,6.0,6.08,5.9,138835,83038963.0,2.95,-1.64,-0.1,1.51
2023-04-18,002550,6.0,5.96,6.0,5.92,90987,54086761.0,1.33,-0.67,-0.04,0.99
2023-04-19,002550,5.95,6.03,6.1,5.92,169422,102085240.4,3.02,1.17,0.07,1.84
2023-04-20,002550,6.03,5.8,6.03,5.79,216158,126720618.0,3.98,-3.81,-0.23,2.34
2023-04-21,002550,5.8,5.73,5.86,5.72,127153,73647897.0,2.41,-1.21,-0.07,1.38
2023-04-24,002550,5.74,5.8,5.89,5.72,115218,66979045.6,2.97,1.22,0.07,1.25
2023-04-25,002550,5.82,5.6,5.84,5.53,158708,88945538.5,5.34,-3.45,-0.2,1.72
2023-04-26,002550,5.57,5.64,5.68,5.55,87385,49258636.0,2.32,0.71,0.04,0.95
2023-04-27,002550,5.66,5.79,5.83,5.64,141760,81771711.0,3.37,2.66,0.15,1.54
2023-04-28,002550,5.8,5.81,5.82,5.7,91707,52918384.0,2.07,0.35,0.02,0.99
2023-05-04,002550,5.78,5.87,5.89,5.77,89165,52152188.0,2.07,1.03,0.06,0.97
2023-05-05,002550,5.88,5.74,5.88,5.71,101715,58587605.0,2.9,-2.21,-0.13,1.1
2023-05-08,002550,5.77,5.71,5.79,5.69,90484,51704686.0,1.74,-0.52,-0.03,0.98
2023-05-09,002550,5.73,5.63,5.73,5.63,82407,46596123.0,1.75,-1.4,-0.08,0.89
2023-05-10,002550,5.62,5.64,5.65,5.58,65772,36884125.2,1.24,0.18,0.01,0.71
2023-05-11,002550,5.63,5.63,5.68,5.62,46664,26321449.7,1.06,-0.18,-0.01,0.51
2023-05-12,002550,5.62,5.64,5.71,5.59,82516,46720111.3,2.13,0.18,0.01,0.89
2023-05-15,002550,5.61,5.61,5.66,5.5,87963,49001290.0,2.84,-0.53,-0.03,0.95
2023-05-16,002550,5.59,5.65,5.69,5.56,90946,51232663.0,2.32,0.71,0.04,0.99
2023-05-17,002550,5.66,5.64,5.67,5.57,70070,39281306.0,1.77,-0.18,-0.01,0.76
2023-05-18,002550,5.63,5.62,5.68,5.61,54503,30729771.0,1.24,-0.35,-0.02,0.59
2023-05-19,002550,5.63,5.67,5.69,5.58,84699,47911885.3,1.96,0.89,0.05,0.92
2023-05-22,002550,5.65,5.75,5.76,5.64,94698,54196504.4,2.12,1.41,0.08,1.03
2023-05-23,002550,5.78,5.81,5.9,5.75,150206,87795431.1,2.61,1.04,0.06,1.63
2023-05-24,002550,5.78,5.7,5.79,5.68,90095,51470412.0,1.89,-1.89,-0.11,0.98
2023-05-25,002550,5.7,5.65,5.73,5.61,64863,36709048.0,2.11,-0.88,-0.05,0.7
2023-05-26,002550,5.64,5.63,5.64,5.52,83297,46505772.0,2.12,-0.35,-0.02,0.9
2023-05-29,002550,5.63,5.63,5.68,5.58,76453,43047852.0,1.78,0.0,0.0,0.83
2023-05-30,002550,5.62,5.58,5.64,5.51,68834,38279308.0,2.31,-0.89,-0.05,0.75
2023-05-31,002550,5.56,5.54,5.62,5.53,60447,33666670.0,1.61,-0.72,-0.04,0.66
2023-06-01,002550,5.54,5.48,5.56,5.45,63380,34877707.0,1.99,-1.08,-0.06,0.69
2023-06-02,002550,5.52,5.49,5.52,5.46,66257,36350593.0,1.09,0.18,0.01,0.72
2023-06-05,002550,5.48,5.45,5.49,5.42,75952,41352295.4,1.28,-0.73,-0.04,0.82
2023-06-06,002550,5.43,5.33,5.44,5.32,99553,53481861.0,2.2,-2.2,-0.12,1.08
2023-06-07,002550,5.31,5.31,5.36,5.3,52779,28098219.0,1.13,-0.38,-0.02,0.57
2023-06-08,002550,5.29,5.32,5.34,5.21,88416,46641091.0,2.45,0.19,0.01,0.96
2023-06-09,002550,5.31,5.26,5.34,5.23,86795,45778422.8,2.07,-1.13,-0.06,0.94
2023-06-12,002550,5.24,5.21,5.26,5.18,95292,49582913.7,1.52,-0.95,-0.05,1.03
2023-06-13,002550,5.2,5.16,5.23,5.15,77083,39882135.0,1.54,-0.96,-0.05,0.84
2023-06-14,002550,5.15,5.17,5.2,5.13,59951,31025180.9,1.36,0.19,0.01,0.65
2023-06-15,002550,5.33,5.38,5.42,5.2,245532,130605611.6,4.26,4.06,0.21,2.66
2023-06-16,002550,5.39,5.28,5.4,5.23,148737,78837091.0,3.16,-1.86,-0.1,1.61
2023-06-19,002550,5.27,5.2,5.28,5.2,84813,44306577.9,1.52,-1.52,-0.08,0.92
2023-06-20,002550,5.19,5.17,5.23,5.17,48903,25370660.2,1.15,-0.58,-0.03,0.53
2023-06-21,002550,5.15,5.17,5.19,5.14,50556,26111992.9,0.97,0.0,0.0,0.55
2023-06-26,002550,5.14,5.07,5.16,5.04,85965,43749251.0,2.32,-1.93,-0.1,0.93
2023-06-27,002550,5.07,5.1,5.13,5.06,63308,32329501.0,1.38,0.59,0.03,0.69
2023-06-28,002550,5.1,5.08,5.11,5.01,66193,33467021.0,1.96,-0.39,-0.02,0.72
2023-06-29,002550,5.07,5.12,5.15,5.05,64508,33039246.0,1.97,0.79,0.04,0.7
2023-06-30,002550,5.14,5.16,5.2,5.13,67104,34715056.0,1.37,0.78,0.04,0.73
2023-07-03,002550,5.17,5.2,5.22,5.17,66324,34474106.0,0.97,0.78,0.04,0.72
2023-07-04,002550,5.2,5.21,5.22,5.16,59588,30973344.2,1.15,0.19,0.01,0.65
2023-07-05,002550,5.2,5.23,5.25,5.19,69020,36104570.0,1.15,0.38,0.02,0.75
2023-07-06,002550,5.24,5.16,5.24,5.15,59036,30602994.2,1.72,-1.34,-0.07,0.64
2023-07-07,002550,5.16,5.21,5.22,5.15,53735,27935427.7,1.36,0.97,0.05,0.58
2023-07-10,002550,5.21,5.22,5.25,5.19,48656,25402518.0,1.15,0.19,0.01,0.53
2023-07-11,002550,5.23,5.27,5.27,5.21,54303,28489316.0,1.15,0.96,0.05,0.59
2023-07-12,002550,5.26,5.25,5.28,5.22,64010,33635725.0,1.14,-0.38,-0.02,0.69
2023-07-13,002550,5.25,5.27,5.28,5.23,51966,27358222.0,0.95,0.38,0.02,0.56
2023-07-14,002550,5.26,5.24,5.26,5.23,40136,21060576.0,0.57,-0.57,-0.03,0.44
2023-07-17,002550,5.25,5.24,5.25,5.18,48596,25302689.0,1.34,0.0,0.0,0.53
2023-07-18,002550,5.25,5.25,5.27,5.19,44649,23359119.0,1.53,0.19,0.01,0.48
2023-07-19,002550,5.25,5.26,5.28,5.23,41482,21812422.5,0.95,0.19,0.01,0.45
2023-07-20,002550,5.27,5.29,5.33,5.25,82323,43585126.0,1.52,0.57,0.03,0.89
2023-07-21,002550,5.29,5.33,5.35,5.27,84413,44898473.7,1.51,0.76,0.04,0.92
2023-07-24,002550,5.23,5.13,5.25,5.12,199755,103168941.0,2.44,-3.75,-0.2,2.17
2023-07-25,002550,5.15,5.22,5.24,5.14,126329,65797386.3,1.95,1.75,0.09,1.37
2023-07-26,002550,5.2,5.27,5.28,5.2,84832,44582434.0,1.53,0.96,0.05,0.92
2023-07-27,002550,5.27,5.26,5.3,5.23,60012,31609847.3,1.33,-0.19,-0.01,0.65
2023-07-28,002550,5.24,5.3,5.3,5.21,79537,41908055.0,1.71,0.76,0.04,0.86
2023-07-31,002550,5.3,5.29,5.33,5.28,99574,52771237.3,0.94,-0.19,-0.01,1.08
2023-08-01,002550,5.29,5.25,5.3,5.23,76468,40231120.0,1.32,-0.76,-0.04,0.83
2023-08-02,002550,5.23,5.18,5.25,5.18,84739,44115469.1,1.33,-1.33,-0.07,0.92
2023-08-03,002550,5.16,5.28,5.31,5.16,127437,67108130.7,2.9,1.93,0.1,1.38
2023-08-04,002550,5.28,5.26,5.31,5.25,72436,38235954.0,1.14,-0.38,-0.02,0.79
2023-08-07,002550,5.26,5.17,5.26,5.15,114961,59514360.0,2.09,-1.71,-0.09,1.25
2023-08-08,002550,5.16,5.21,5.25,5.11,92292,47881951.0,2.71,0.77,0.04,1.0
2023-08-09,002550,5.21,5.28,5.3,5.17,137872,72584604.0,2.5,1.34,0.07,1.5
2023-08-10,002550,5.28,5.25,5.31,5.23,77160,40622227.0,1.52,-0.57,-0.03,0.84
2023-08-11,002550,5.27,5.34,5.4,5.25,229854,122950908.0,2.86,1.71,0.09,2.49
2023-08-14,002550,5.3,5.26,5.39,5.18,148021,77700869.0,3.93,-1.5,-0.08,1.61
2023-08-15,002550,5.25,5.31,5.32,5.19,139782,73624489.0,2.47,0.95,0.05,1.52
2023-08-16,002550,5.29,5.3,5.4,5.27,151728,80948682.0,2.45,-0.19,-0.01,1.65
2023-08-17,002550,5.3,5.27,5.35,5.22,114011,60039086.0,2.45,-0.57,-0.03,1.24
2023-08-18,002550,5.25,5.12,5.26,5.11,146468,75779535.6,2.85,-2.85,-0.15,1.59
2023-08-21,002550,5.14,5.08,5.16,5.07,67661,34580498.0,1.76,-0.78,-0.04,0.73
2023-08-22,002550,5.09,5.05,5.11,5.01,80977,40804591.0,1.97,-0.59,-0.03,0.88
2023-08-23,002550,5.07,5.03,5.08,5.02,47493,23941670.7,1.19,-0.4,-0.02,0.52
2023-08-24,002550,5.01,4.95,5.04,4.93,72074,35849491.0,2.19,-1.59,-0.08,0.78
2023-08-25,002550,4.92,4.93,5.0,4.9,60061,29759130.6,2.02,-0.4,-0.02,0.65
2023-08-28,002550,5.15,4.96,5.15,4.93,94950,47796975.1,4.46,0.61,0.03,1.03
2023-08-29,002550,4.93,5.05,5.06,4.93,72134,36197685.2,2.62,1.81,0.09,0.78
2023-08-30,002550,5.04,5.03,5.09,5.01,50942,25706563.0,1.58,-0.4,-0.02,0.55
2023-08-31,002550,5.02,5.07,5.09,4.97,78047,39363989.8,2.39,0.8,0.04,0.85
2023-09-01,002550,5.06,5.03,5.09,5.01,43226,21749833.2,1.58,-0.79,-0.04,0.47
2023-09-04,002550,5.05,5.06,5.06,5.02,48592,24513081.0,0.8,0.6,0.03,0.53
2023-09-05,002550,5.06,5.03,5.07,5.01,48678,24505137.0,1.19,-0.59,-0.03,0.53
2023-09-06,002550,5.02,5.02,5.03,4.98,42319,21194621.2,0.99,-0.2,-0.01,0.46
2023-09-07,002550,5.0,4.93,5.01,4.92,66810,33130189.0,1.79,-1.79,-0.09,0.72
2023-09-08,002550,4.93,4.93,4.96,4.92,35184,17377631.7,0.81,0.0,0.0,0.38
2023-09-11,002550,4.92,5.02,5.08,4.92,131064,65948947.0,3.25,1.83,0.09,1.42
2023-09-12,002550,5.03,5.11,5.13,5.01,161210,82085770.0,2.39,1.79,0.09,1.75
2023-09-13,002550,5.11,4.99,5.11,4.97,104709,52536115.0,2.74,-2.35,-0.12,1.14
2023-09-14,002550,5.0,5.0,5.04,4.97,77983,39006402.0,1.4,0.2,0.01,0.85
2023-09-15,002550,5.0,5.1,5.11,4.99,167750,85172340.3,2.4,2.0,0.1,1.82
2023-09-18,002550,5.11,5.1,5.12,5.06,78962,40179192.0,1.18,0.0,0.0,0.86
2023-09-19,002550,5.11,5.11,5.16,5.07,83951,42943953.0,1.76,0.2,0.01,0.91
2023-09-20,002550,5.11,5.11,5.15,5.08,64262,32910988.0,1.37,0.0,0.0,0.7
2023-09-21,002550,5.11,5.07,5.12,5.06,57620,29290258.0,1.17,-0.78,-0.04,0.62
2023-09-22,002550,5.1,5.11,5.12,5.02,86090,43593639.0,1.97,0.79,0.04,0.93
2023-09-25,002550,5.11,5.18,5.2,5.08,135062,69832628.0,2.35,1.37,0.07,1.46
2023-09-26,002550,5.17,5.17,5.2,5.15,76554,39623434.0,0.97,-0.19,-0.01,0.83
2023-09-27,002550,5.15,5.24,5.25,5.15,104336,54498573.3,1.93,1.35,0.07,1.13
2023-09-28,002550,5.24,5.22,5.27,5.21,83436,43694361.0,1.15,-0.38,-0.02,0.9
2023-10-09,002550,5.22,5.23,5.24,5.16,78648,40952725.0,1.53,0.19,0.01,0.85
2023-10-10,002550,5.23,5.16,5.25,5.15,75656,39178158.0,1.91,-1.34,-0.07,0.82
2023-10-11,002550,5.16,5.2,5.28,5.15,88050,46087306.0,2.52,0.78,0.04,0.95
2023-10-12,002550,5.3,5.31,5.37,5.25,169647,90104864.0,2.31,2.12,0.11,1.84
2023-10-13,002550,5.27,5.34,5.38,5.25,152164,81239578.0,2.45,0.56,0.03,1.65
2023-10-16,002550,5.34,5.3,5.4,5.25,110593,58736245.0,2.81,-0.75,-0.04,1.2
2023-10-17,002550,5.31,5.24,5.31,5.18,100857,52618902.0,2.45,-1.13,-0.06,1.09
2023-10-18,002550,5.23,5.11,5.23,5.11,87329,44924143.4,2.29,-2.48,-0.13,0.95
2023-10-19,002550,5.11,4.99,5.12,4.98,108496,54574063.0,2.74,-2.35,-0.12,1.18
2023-10-20,002550,4.98,4.85,5.0,4.84,154155,75423902.8,3.21,-2.81,-0.14,1.67
2023-10-23,002550,4.84,4.74,4.84,4.7,90641,43185223.2,2.89,-2.27,-0.11,0.98
2023-10-24,002550,4.75,4.85,4.87,4.68,106817,51185641.0,4.01,2.32,0.11,1.16
2023-10-25,002550,4.9,4.94,5.02,4.88,132721,65832076.0,2.89,1.86,0.09,1.44
2023-10-26,002550,4.96,5.06,5.08,4.91,128884,64652909.0,3.44,2.43,0.12,1.4
2023-10-27,002550,5.04,5.35,5.36,5.01,266902,140157169.0,6.92,5.73,0.29,2.89
2023-10-30,002550,5.32,5.37,5.45,5.29,207145,111630040.3,2.99,0.37,0.02,2.25
2023-10-31,002550,5.37,5.4,5.45,5.36,164060,88740822.5,1.68,0.56,0.03,1.78
2023-11-01,002550,5.38,5.42,5.45,5.33,149958,80764361.2,2.22,0.37,0.02,1.63
2023-11-02,002550,5.41,5.37,5.44,5.36,105281,56736123.0,1.48,-0.92,-0.05,1.14
2023-11-03,002550,5.36,5.33,5.4,5.32,102852,55081583.0,1.49,-0.74,-0.04,1.12
2023-11-06,002550,5.34,5.39,5.43,5.34,126588,68313928.0,1.69,1.13,0.06,1.37
2023-11-07,002550,5.37,5.36,5.42,5.35,77607,41808427.0,1.3,-0.56,-0.03,0.84
2023-11-08,002550,5.4,5.61,5.72,5.36,380172,211609222.6,6.72,4.66,0.25,4.12
2023-11-09,002550,5.55,5.49,5.65,5.47,248704,137689709.0,3.21,-2.14,-0.12,2.7
2023-11-10,002550,5.49,5.68,5.89,5.49,581670,332072457.8,7.29,3.46,0.19,6.31
2023-11-13,002550,5.68,5.59,5.73,5.54,328586,183510740.0,3.35,-1.58,-0.09,3.56
2023-11-14,002550,5.58,5.55,5.63,5.52,190413,105931456.2,1.97,-0.72,-0.04,2.06
2023-11-15,002550,5.55,5.51,5.62,5.49,200628,110800606.3,2.34,-0.72,-0.04,2.18
2023-11-16,002550,5.49,5.47,5.56,5.46,123293,67758269.0,1.81,-0.73,-0.04,1.34
2023-11-17,002550,5.48,5.51,5.52,5.43,125561,68791379.0,1.65,0.73,0.04,1.36
2023-11-20,002550,5.5,5.55,5.59,5.5,133625,74259809.4,1.63,0.73,0.04,1.45
2023-11-21,002550,5.56,5.55,5.6,5.52,123798,68818613.0,1.44,0.0,0.0,1.34
2023-11-22,002550,5.54,5.53,5.58,5.51,115054,63757070.0,1.26,-0.36,-0.02,1.25
2023-11-23,002550,5.54,5.61,5.65,5.53,145406,81556397.0,2.17,1.45,0.08,1.58
2023-11-24,002550,5.62,5.65,5.68,5.58,146843,82769937.0,1.78,0.71,0.04,1.59
2023-11-27,002550,5.65,5.58,5.69,5.56,141273,79366017.0,2.3,-1.24,-0.07,1.53
2023-11-28,002550,5.56,5.62,5.66,5.5,105303,58884617.0,2.87,0.72,0.04,1.14
2023-11-29,002550,5.6,5.55,5.62,5.55,77440,43237232.0,1.25,-1.25,-0.07,0.84
2023-11-30,002550,5.58,5.61,5.61,5.53,92055,51266248.0,1.44,1.08,0.06,1.0
2023-12-01,002550,5.57,5.59,5.64,5.56,70509,39458297.6,1.43,-0.36,-0.02,0.76
2023-12-04,002550,5.59,5.76,5.86,5.55,408520,234502756.1,5.55,3.04,0.17,4.43
2023-12-05,002550,5.72,5.66,5.77,5.64,216866,123550038.3,2.26,-1.74,-0.1,2.35
2023-12-06,002550,5.64,5.68,5.71,5.52,178963,100620137.0,3.36,0.35,0.02,1.94
2023-12-07,002550,5.67,5.64,5.68,5.58,112762,63428118.0,1.76,-0.7,-0.04,1.22
2023-12-08,002550,5.63,5.6,5.67,5.57,134313,75419332.8,1.77,-0.71,-0.04,1.46
2023-12-11,002550,5.6,5.78,5.81,5.53,254141,144648776.2,5.0,3.21,0.18,2.76
2023-12-12,002550,5.77,5.76,6.0,5.75,259771,151417691.5,4.33,-0.35,-0.02,2.82
2023-12-13,002550,5.79,6.16,6.34,5.78,969627,595055108.9,9.72,6.94,0.4,10.51
2023-12-14,002550,6.1,6.11,6.32,6.04,609398,375894101.8,4.55,-0.81,-0.05,6.61
2023-12-15,002550,6.02,5.89,6.17,5.89,326208,193917038.6,4.58,-3.6,-0.22,3.54
2023-12-18,002550,5.93,5.94,6.06,5.85,313622,187134719.4,3.57,0.85,0.05,3.4
2023-12-19,002550,6.0,5.91,6.0,5.84,189911,111875107.2,2.69,-0.51,-0.03,2.06
2023-12-20,002550,5.94,5.83,6.05,5.81,180091,106486002.5,4.06,-1.35,-0.08,1.95
2023-12-21,002550,5.79,5.72,5.8,5.62,247790,141512942.0,3.09,-1.89,-0.11,2.69
2023-12-22,002550,5.74,5.67,5.74,5.61,150910,85805375.0,2.27,-0.87,-0.05,1.64
2023-12-25,002550,5.59,5.78,5.79,5.59,123436,70919028.6,3.53,1.94,0.11,1.34
2023-12-26,002550,5.75,5.73,5.98,5.67,126256,73193138.0,5.36,-0.87,-0.05,1.37
2023-12-27,002550,5.69,5.73,5.75,5.6,119642,67985508.0,2.62,0.0,0.0,1.3
2023-12-28,002550,5.72,5.75,5.77,5.6,140422,80179100.0,2.97,0.35,0.02,1.52
2023-12-29,002550,5.75,5.88,5.92,5.75,132975,77890156.0,2.96,2.26,0.13,1.44
2024-01-02,002550,5.86,5.96,6.03,5.84,142232,84538079.0,3.23,1.36,0.08,1.54
2024-01-03,002550,5.96,5.91,6.06,5.86,156402,92887533.3,3.36,-0.84,-0.05,1.7
2024-01-04,002550,5.99,6.0,6.01,5.88,155797,92668575.0,2.2,1.52,0.09,1.69
2024-01-05,002550,6.0,5.93,6.06,5.83,222820,133037156.0,3.83,-1.17,-0.07,2.42
2024-01-08,002550,5.93,5.92,5.96,5.78,173749,102286216.0,3.04,-0.17,-0.01,1.88
2024-01-09,002550,5.92,5.87,6.01,5.83,109570,64884468.3,3.04,-0.84,-0.05,1.19
2024-01-10,002550,5.85,5.83,5.94,5.79,112283,65965922.0,2.56,-0.68,-0.04,1.22
2024-01-11,002550,5.83,5.92,5.98,5.81,125330,73808296.0,2.92,1.54,0.09,1.36
2024-01-12,002550,5.95,5.71,5.96,5.7,158326,92150308.0,4.39,-3.55,-0.21,1.72
2024-01-15,002550,5.7,5.7,5.79,5.65,111314,63640043.0,2.45,-0.18,-0.01,1.21
2024-01-16,002550,5.71,5.71,5.75,5.65,104460,59468934.0,1.75,0.18,0.01,1.13
2024-01-17,002550,5.71,5.69,5.82,5.68,131158,75465066.0,2.45,-0.35,-0.02,1.42
2024-01-18,002550,5.67,5.64,5.67,5.46,177297,98527415.0,3.69,-0.88,-0.05,1.92
2024-01-19,002550,5.61,5.49,5.62,5.49,74336,41247298.0,2.3,-2.66,-0.15,0.81
2024-01-22,002550,5.48,5.2,5.48,5.17,169467,89886792.0,5.65,-5.28,-0.29,1.84
2024-01-23,002550,5.18,5.12,5.24,5.02,164750,83939008.0,4.23,-1.54,-0.08,1.79
2024-01-24,002550,5.15,5.17,5.29,4.98,138725,70978501.9,6.05,0.98,0.05,1.5
2024-01-25,002550,5.2,5.31,5.34,5.16,96380,50843715.0,3.48,2.71,0.14,1.05
2024-01-26,002550,5.32,5.36,5.48,5.26,102741,55352791.0,4.14,0.94,0.05,1.11
2024-01-29,002550,5.39,5.28,5.44,5.23,96461,51163096.8,3.92,-1.49,-0.08,1.05
2024-01-30,002550,5.27,5.11,5.27,5.1,70343,36568385.0,3.22,-3.22,-0.17,0.76
2024-01-31,002550,5.12,4.9,5.12,4.87,119425,59399927.0,4.89,-4.11,-0.21,1.3
2024-02-01,002550,4.88,4.87,5.05,4.83,119055,58508587.0,4.49,-0.61,-0.03,1.29
2024-02-02,002550,4.88,4.62,4.96,4.4,160457,75356161.0,11.5,-5.13,-0.25,1.74
2024-02-05,002550,4.59,4.4,4.6,4.2,182309,80324491.0,8.66,-4.76,-0.22,1.98
2024-02-06,002550,4.44,4.83,4.84,4.32,206808,95413605.0,11.82,9.77,0.43,2.24
2024-02-07,002550,4.82,4.75,5.0,4.61,338433,162050046.9,8.07,-1.66,-0.08,3.67
2024-02-08,002550,4.7,4.93,5.0,4.69,233088,113640105.0,6.53,3.79,0.18,2.53
2024-02-19,002550,4.98,4.99,5.04,4.92,162275,80753918.3,2.43,1.22,0.06,1.76
2024-02-20,002550,4.95,5.06,5.09,4.92,120889,60847932.6,3.41,1.4,0.07,1.31
2024-02-21,002550,5.04,5.01,5.14,4.96,123958,62657933.5,3.56,-0.99,-0.05,1.34
2024-02-22,002550,5.01,5.04,5.07,4.98,146137,73213553.8,1.8,0.6,0.03,1.58
2024-02-23,002550,5.03,5.01,5.04,4.93,131115,65343515.0,2.18,-0.6,-0.03,1.42
2024-02-26,002550,5.02,5.06,5.12,4.96,153343,77221843.2,3.19,1.0,0.05,1.66
2024-02-27,002550,5.04,5.17,5.17,5.01,114730,58453595.3,3.16,2.17,0.11,1.24
2024-02-28,002550,5.16,4.99,5.32,4.99,186734,96553230.7,6.38,-3.48,-0.18,2.02
2024-02-29,002550,5.0,5.13,5.13,4.99,120077,60941521.0,2.81,2.81,0.14,1.3
2024-03-01,002550,5.14,5.09,5.16,5.03,91801,46677647.0,2.53,-0.78,-0.04,1.0
2024-03-04,002550,5.08,5.15,5.17,5.06,130926,66965677.0,2.16,1.18,0.06,1.42
2024-03-05,002550,5.14,5.06,5.14,5.04,107832,54668002.0,1.94,-1.75,-0.09,1.17
2024-03-06,002550,5.05,5.04,5.09,5.01,101973,51489094.0,1.58,-0.4,-0.02,1.11
2024-03-07,002550,5.02,4.96,5.06,4.96,115432,57767359.0,1.98,-1.59,-0.08,1.25
2024-03-08,002550,4.99,4.99,5.02,4.95,73975,36837466.0,1.41,0.6,0.03,0.8
2024-03-11,002550,4.97,5.03,5.03,4.97,94774,47379826.0,1.2,0.8,0.04,1.03
2024-03-12,002550,5.03,5.1,5.12,5.01,121954,62073853.0,2.19,1.39,0.07,1.32
2024-03-13,002550,5.11,5.07,5.12,5.03,81748,41439683.0,1.76,-0.59,-0.03,0.89
2024-03-14,002550,5.11,5.14,5.21,5.09,207566,107260395.0,2.37,1.38,0.07,2.25
2024-03-15,002550,5.1,5.19,5.2,5.1,104203,53600374.0,1.95,0.97,0.05,1.13
2024-03-18,002550,5.19,5.18,5.21,5.12,145605,75050649.0,1.73,-0.19,-0.01,1.58
2024-03-19,002550,5.19,5.16,5.19,5.14,101228,52333353.0,0.97,-0.39,-0.02,1.1
2024-03-20,002550,5.18,5.18,5.2,5.12,96911,50040509.2,1.55,0.39,0.02,1.05
2024-03-21,002550,5.17,5.15,5.2,5.12,82058,42294029.4,1.54,-0.58,-0.03,0.89
2024-03-22,002550,5.15,5.05,5.15,5.02,103786,52604058.0,2.52,-1.94,-0.1,1.13
2024-03-25,002550,5.05,4.96,5.08,4.95,90633,45532012.5,2.57,-1.78,-0.09,1.0
2024-03-26,002550,4.97,4.96,5.01,4.91,86296,42683198.0,2.02,0.0,0.0,0.95
2024-03-27,002550,4.94,4.89,5.0,4.89,84872,42018429.0,2.22,-1.41,-0.07,0.93
2024-03-28,002550,4.89,4.91,4.96,4.85,83032,40782620.0,2.25,0.41,0.02,0.91
2024-03-29,002550,4.92,4.92,4.93,4.86,71079,34779110.0,1.43,0.2,0.01,0.78
2024-04-01,002550,4.95,4.99,5.0,4.92,107079,53079993.0,1.63,1.42,0.07,1.18
2024-04-02,002550,4.99,4.99,5.0,4.93,68247,33947926.6,1.4,0.0,0.0,0.75
2024-04-03,002550,4.99,5.02,5.04,4.95,107277,53658082.0,1.8,0.6,0.03,1.18
2024-04-08,002550,5.01,4.9,5.01,4.9,91729,45319772.4,2.19,-2.39,-0.12,1.01
2024-04-09,002550,4.88,4.99,4.99,4.8,123043,60218779.9,3.88,1.84,0.09,1.35
2024-04-10,002550,4.95,4.9,4.97,4.87,70713,34770910.0,2.0,-1.8,-0.09,0.78
2024-04-11,002550,4.88,4.87,4.93,4.85,66024,32263184.0,1.63,-0.61,-0.03,0.73
2024-04-12,002550,4.86,4.79,4.89,4.79,66214,31986800.0,2.05,-1.64,-0.08,0.73
2024-04-15,002550,4.78,4.72,4.81,4.65,98853,46748012.2,3.34,-1.46,-0.07,1.09
2024-04-16,002550,4.71,4.53,4.74,4.52,137921,63228720.0,4.66,-4.03,-0.19,1.52
2024-04-17,002550,4.58,4.71,4.71,4.56,97303,45375452.0,3.31,3.97,0.18,1.07
2024-04-18,002550,4.7,4.67,4.74,4.65,82341,38621197.0,1.91,-0.85,-0.04,0.9
2024-04-19,002550,4.67,4.67,4.71,4.63,62635,29257477.0,1.71,0.0,0.0,0.69
2024-04-22,002550,4.67,4.75,4.81,4.65,95039,45106707.0,3.43,1.71,0.08,1.04
2024-04-23,002550,4.75,4.8,4.82,4.7,79425,37812854.2,2.53,1.05,0.05,0.87
2024-04-24,002550,4.79,4.9,4.94,4.79,115046,56135510.5,3.13,2.08,0.1,1.26
2024-04-25,002550,4.9,4.97,4.98,4.88,104119,51481502.0,2.04,1.43,0.07,1.14
2024-04-26,002550,4.99,5.19,5.19,4.97,288397,148102950.6,4.43,4.43,0.22,3.17
2024-04-29,002550,5.19,5.18,5.25,5.14,182183,94305237.5,2.12,-0.19,-0.01,2.0
2024-04-30,002550,5.19,5.34,5.38,5.16,229914,121964783.1,4.25,3.09,0.16,2.53
2024-05-06,002550,5.38,5.6,5.62,5.38,271931,150285351.0,4.49,4.87,0.26,2.99
2024-05-07,002550,5.6,5.53,5.6,5.43,161880,89162834.0,3.04,-1.25,-0.07,1.78
2024-05-08,002550,5.53,5.56,5.61,5.51,151529,84242014.0,1.81,0.54,0.03,1.66
2024-05-09,002550,5.57,5.73,5.73,5.5,232813,131562895.0,4.14,3.06,0.17,2.56
2024-05-10,002550,5.69,5.76,5.82,5.69,216416,124997217.1,2.27,0.52,0.03,2.38
2024-05-13,002550,5.76,5.77,5.89,5.73,217208,126372078.0,2.78,0.17,0.01,2.39
2024-05-14,002550,5.75,5.96,6.07,5.72,342057,203235970.8,6.07,3.29,0.19,3.76
2024-05-15,002550,5.95,5.9,5.98,5.86,150113,88897441.0,2.01,-1.01,-0.06,1.65
2024-05-16,002550,5.87,5.76,5.92,5.73,217356,126341174.7,3.22,-2.37,-0.14,2.39
2024-05-17,002550,5.8,5.8,5.82,5.7,200153,115352053.4,2.08,0.69,0.04,2.2
2024-05-20,002550,5.77,5.83,5.88,5.74,171128,99435192.1,2.41,0.52,0.03,1.88
2024-05-21,002550,5.83,5.87,5.92,5.76,118664,69422352.2,2.74,0.69,0.04,1.3
2024-05-22,002550,5.88,5.83,5.91,5.82,84300,49351892.0,1.53,-0.68,-0.04,0.93
2024-05-23,002550,5.88,5.75,5.9,5.71,150493,87054159.0,3.26,-1.37,-0.08,1.65
2024-05-24,002550,5.83,5.8,5.85,5.75,100608,58440810.4,1.74,0.87,0.05,1.11
2024-05-27,002550,5.77,5.81,5.84,5.69,116570,67136833.0,2.59,0.17,0.01,1.28
2024-05-28,002550,5.83,5.75,5.84,5.72,82561,47654846.5,2.07,-1.03,-0.06,0.91
2024-05-29,002550,5.65,5.67,5.72,5.58,126734,71799462.0,2.43,-1.39,-0.08,1.39
2024-05-30,002550,5.67,5.7,5.89,5.62,157047,90431278.0,4.76,0.53,0.03,1.73
2024-05-31,002550,5.7,5.66,5.78,5.65,107952,61292982.2,2.28,-0.7,-0.04,1.19
2024-06-03,002550,5.68,5.62,5.73,5.56,143224,80807617.6,3.0,-0.71,-0.04,1.57
2024-06-04,002550,5.57,5.66,5.68,5.56,92615,52043767.0,2.14,0.71,0.04,1.02
2024-06-05,002550,5.62,5.61,5.7,5.6,91885,51882989.8,1.77,-0.88,-0.05,1.01
2024-06-06,002550,5.59,5.54,5.67,5.49,108065,60087523.0,3.21,-1.25,-0.07,1.19
2024-06-07,002550,5.61,5.56,5.61,5.51,76804,42769822.0,1.81,0.36,0.02,0.84
2024-06-11,002550,5.52,5.57,5.6,5.47,101197,56056602.4,2.34,0.18,0.01,1.11
2024-06-12,002550,5.56,5.55,5.6,5.51,84868,47095335.6,1.62,-0.36,-0.02,0.93
2024-06-13,002550,5.53,5.46,5.55,5.4,103302,56357414.9,2.7,-1.62,-0.09,1.13
2024-06-14,002550,5.45,5.44,5.47,5.38,82864,44996920.0,1.65,-0.37,-0.02,0.91
2024-06-17,002550,5.45,5.58,5.61,5.41,146289,80659004.0,3.68,2.57,0.14,1.61
2024-06-18,002550,5.61,5.68,5.86,5.59,229039,131433439.0,4.84,1.79,0.1,2.52
2024-06-19,002550,5.7,5.61,5.72,5.52,187984,105409127.6,3.52,-1.23,-0.07,2.07
2024-06-20,002550,5.6,5.48,5.65,5.47,98506,54560229.4,3.21,-2.32,-0.13,1.08
2024-06-21,002550,5.49,5.5,5.63,5.46,125745,69742744.0,3.1,0.36,0.02,1.38
2024-06-24,002550,5.5,5.4,5.53,5.36,100462,54562552.8,3.09,-1.82,-0.1,1.1
2024-06-25,002550,5.4,5.37,5.47,5.33,93453,50390899.4,2.59,-0.56,-0.03,1.03
2024-06-26,002550,5.36,5.53,5.54,5.34,103178,56054174.0,3.72,2.98,0.16,1.13
2024-06-27,002550,5.54,5.32,5.54,5.29,131044,70367371.0,4.52,-3.8,-0.21,1.44
2024-06-28,002550,5.36,5.39,5.48,5.26,106895,57810512.0,4.14,1.32,0.07,1.17
2024-07-01,002550,5.39,5.41,5.46,5.26,122645,65660605.0,3.71,0.37,0.02,1.35
2024-07-02,002550,5.43,5.61,5.63,5.41,186736,103921118.1,4.07,3.7,0.2,2.05
2024-07-03,002550,5.56,5.42,5.6,5.4,129367,70866124.0,3.57,-3.39,-0.19,1.42
2024-07-04,002550,5.52,5.22,5.59,5.19,292041,154354347.0,7.38,-3.69,-0.2,3.21
2024-07-05,002550,5.25,5.5,5.51,5.21,233878,125698522.4,5.75,5.36,0.28,2.57
2024-07-08,002550,5.55,5.32,5.58,5.28,194859,105148615.0,5.45,-3.27,-0.18,2.14
2024-07-09,002550,5.33,5.29,5.37,5.13,191611,100618093.3,4.51,-0.56,-0.03,2.11
2024-07-10,002550,5.23,5.3,5.39,5.22,92907,49363739.0,3.21,0.19,0.01,1.02
2024-07-11,002550,5.35,5.46,5.49,5.34,130047,70680733.0,2.83,3.02,0.16,1.43
2024-07-12,002550,5.45,5.51,5.54,5.4,91860,50309125.0,2.56,0.92,0.05,1.01
2024-07-15,002550,5.53,5.42,5.53,5.39,84441,45875669.0,2.54,-1.63,-0.09,0.93
2024-07-16,002550,5.41,5.41,5.47,5.37,90517,48922354.0,1.85,-0.18,-0.01,0.99
2024-07-17,002550,5.42,5.38,5.43,5.31,97008,51990758.0,2.22,-0.55,-0.03,1.07
2024-07-18,002550,5.36,5.46,5.47,5.31,109174,58907013.3,2.97,1.49,0.08,1.2
2024-07-19,002550,5.44,5.5,5.54,5.41,139792,76647801.4,2.38,0.73,0.04,1.54
2024-07-22,002550,5.5,5.48,5.57,5.42,137180,75187534.4,2.73,-0.36,-0.02,1.51
2024-07-23,002550,5.48,5.3,5.51,5.3,145434,78339791.0,3.83,-3.28,-0.18,1.6
2024-07-24,002550,5.3,5.18,5.32,5.17,104689,54606844.9,2.83,-2.26,-0.12,1.15
2024-07-25,002550,5.13,5.14,5.2,5.09,96997,49876139.0,2.12,-0.77,-0.04,1.07
2024-07-26,002550,5.2,5.22,5.24,5.14,84303,43895179.4,1.95,1.56,0.08,0.93
2024-07-29,002550,5.22,5.09,5.22,5.08,108363,55455880.0,2.68,-2.49,-0.13,1.19
2024-07-30,002550,5.09,5.1,5.13,5.04,73869,37509902.0,1.77,0.2,0.01,0.81
2024-07-31,002550,5.11,5.45,5.45,5.08,216777,115591175.1,7.25,6.86,0.35,2.38
2024-08-01,002550,5.46,5.48,5.58,5.43,156153,85861345.0,2.75,0.55,0.03,1.72
2024-08-02,002550,5.44,5.55,5.62,5.44,160685,89547689.0,3.28,1.28,0.07,1.77
2024-08-05,002550,5.51,5.46,5.64,5.46,132010,73139041.9,3.24,-1.62,-0.09,1.45
2024-08-06,002550,5.48,5.59,5.6,5.45,153273,84898973.0,2.75,2.38,0.13,1.68
2024-08-07,002550,5.6,5.57,5.63,5.5,109467,61065482.0,2.33,-0.36,-0.02,1.2
2024-08-08,002550,5.59,5.66,5.69,5.55,139575,78936255.0,2.51,1.62,0.09,1.53
2024-08-09,002550,5.65,5.62,5.69,5.61,116748,65861724.0,1.41,-0.71,-0.04,1.28
2024-08-12,002550,5.64,5.67,5.75,5.62,160687,91488893.0,2.31,0.89,0.05,1.77
2024-08-13,002550,5.63,5.66,5.7,5.59,119778,67531893.0,1.94,-0.18,-0.01,1.32
2024-08-14,002550,5.62,5.65,5.7,5.57,119548,67329391.0,2.3,-0.18,-0.01,1.31
2024-08-15,002550,5.68,5.68,5.73,5.59,121265,68731909.0,2.48,0.53,0.03,1.33
2024-08-16,002550,5.69,5.65,5.7,5.53,135378,75994295.0,2.99,-0.53,-0.03,1.49
2024-08-19,002550,5.7,5.63,5.72,5.6,110231,62239698.0,2.12,-0.35,-0.02,1.21
2024-08-20,002550,5.62,5.53,5.63,5.48,112177,62105040.0,2.66,-1.78,-0.1,1.23
2024-08-21,002550,5.53,5.36,5.54,5.34,107977,58405452.1,3.62,-3.07,-0.17,1.19
2024-08-22,002550,5.4,5.33,5.43,5.3,76031,40622811.0,2.43,-0.56,-0.03,0.84
2024-08-23,002550,5.3,5.26,5.36,5.22,88705,46726611.0,2.63,-1.31,-0.07,0.97
2024-08-26,002550,5.25,5.22,5.28,5.16,87417,45556244.0,2.28,-0.76,-0.04,0.96
2024-08-27,002550,5.23,5.2,5.28,5.18,71720,37391711.0,1.92,-0.38,-0.02,0.79
2024-08-28,002550,5.18,5.22,5.29,5.16,81211,42445903.0,2.5,0.38,0.02,0.89
2024-08-29,002550,5.23,5.33,5.34,5.19,87301,46240764.0,2.87,2.11,0.11,0.96
2024-08-30,002550,5.33,5.21,5.4,5.18,208401,110529507.0,4.13,-2.25,-0.12,2.29
2024-09-02,002550,5.2,5.19,5.28,5.17,128482,67029162.0,2.11,-0.38,-0.02,1.41
2024-09-03,002550,5.18,5.22,5.27,5.12,92184,48070957.0,2.89,0.58,0.03,1.01
2024-09-04,002550,5.19,5.24,5.26,5.16,85881,44855476.0,1.92,0.38,0.02,0.94
2024-09-05,002550,5.24,5.26,5.33,5.21,86348,45582466.0,2.29,0.38,0.02,0.95
2024-09-06,002550,5.29,5.14,5.3,5.14,77687,40283053.4,3.04,-2.28,-0.12,0.85
2024-09-09,002550,5.14,5.13,5.22,5.1,78089,40222738.0,2.33,-0.19,-0.01,0.86
2024-09-10,002550,5.13,5.11,5.14,5.03,85389,43360649.0,2.14,-0.39,-0.02,0.94
2024-09-11,002550,5.11,5.11,5.13,5.05,61922,31539153.7,1.57,0.0,0.0,0.68
2024-09-12,002550,5.13,5.07,5.17,5.06,71062,36243227.0,2.15,-0.78,-0.04,0.78
2024-09-13,002550,5.08,5.01,5.09,5.01,81922,41286452.0,1.58,-1.18,-0.06,0.9
2024-09-18,002550,5.01,4.94,5.04,4.87,90798,44758750.0,3.39,-1.4,-0.07,1.0
2024-09-19,002550,4.98,4.97,5.01,4.9,85164,42268188.0,2.23,0.61,0.03,0.94
2024-09-20,002550,4.96,4.91,4.97,4.88,68774,33792101.0,1.81,-1.21,-0.06,0.76
2024-09-23,002550,4.94,4.94,4.98,4.91,78635,38871377.9,1.43,0.61,0.03,0.86
2024-09-24,002550,4.96,5.07,5.07,4.95,155139,77938698.0,2.43,2.63,0.13,1.7
2024-09-25,002550,5.12,5.1,5.2,5.08,153805,79194320.0,2.37,0.59,0.03,1.69
2024-09-26,002550,5.1,5.28,5.28,5.07,133341,68902899.0,4.12,3.53,0.18,1.46
2024-09-27,002550,5.35,5.52,5.63,5.34,221385,121310293.6,5.49,4.55,0.24,2.43
2024-09-30,002550,5.8,6.06,6.07,5.68,390779,231342501.9,7.07,9.78,0.54,4.29
2024-10-08,002550,6.67,6.67,6.67,6.08,647484,416015170.1,9.74,10.07,0.61,7.11
2024-10-09,002550,6.66,6.2,6.66,6.2,524034,337256022.5,6.9,-7.05,-0.47,5.76
2024-10-10,002550,6.33,6.2,6.49,6.19,301428,190475347.5,4.84,0.0,0.0,3.31
2024-10-11,002550,6.21,5.99,6.25,5.92,222664,135035049.0,5.32,-3.39,-0.21,2.45
2024-10-14,002550,5.95,6.15,6.18,5.83,250153,150416264.8,5.84,2.67,0.16,2.75
2024-10-15,002550,6.12,6.07,6.26,6.05,186794,115026177.1,3.41,-1.3,-0.08,2.05
2024-10-16,002550,6.02,6.12,6.16,6.0,148612,90504283.2,2.64,0.82,0.05,1.63
2024-10-17,002550,6.18,6.1,6.22,6.09,164942,101251114.0,2.12,-0.33,-0.02,1.81
2024-10-18,002550,6.71,6.71,6.71,6.54,743020,496835564.8,2.79,10.0,0.61,8.16
2024-10-21,002550,7.12,6.45,7.18,6.42,1423026,943967912.0,11.33,-3.87,-0.26,15.63
2024-10-22,002550,6.39,6.52,6.57,6.28,749051,481688244.0,4.5,1.09,0.07,8.23
2024-10-23,002550,6.47,6.44,6.59,6.4,483461,312352841.6,2.91,-1.23,-0.08,5.31
2024-10-24,002550,6.4,6.48,6.54,6.36,349584,226419020.6,2.8,0.62,0.04,3.84
2024-10-25,002550,6.48,6.46,6.5,6.4,297454,191991755.5,1.54,-0.31,-0.02,3.27
2024-10-28,002550,6.48,6.59,6.6,6.41,381472,249383468.8,2.94,2.01,0.13,4.19
2024-10-29,002550,6.59,6.32,6.63,6.31,419642,269387453.4,4.86,-4.1,-0.27,4.61
2024-10-30,002550,6.31,6.4,6.44,6.28,268391,170468410.0,2.53,1.27,0.08,2.95
2024-10-31,002550,6.38,6.35,6.46,6.3,259854,165683400.2,2.5,-0.78,-0.05,2.85
2024-11-01,002550,6.35,6.27,6.42,6.24,266094,168232026.9,2.83,-1.26,-0.08,2.92
2024-11-04,002550,6.34,6.3,6.35,6.24,180587,113308892.6,1.75,0.48,0.03,1.98
2024-11-05,002550,6.29,6.38,6.39,6.24,231566,146751022.5,2.38,1.27,0.08,2.54
2024-11-06,002550,6.38,6.34,6.42,6.27,220054,139480867.0,2.35,-0.63,-0.04,2.42
2024-11-07,002550,6.3,6.6,6.6,6.28,388493,253740767.0,5.05,4.1,0.26,4.27
2024-11-08,002550,6.64,6.52,6.71,6.46,262556,171884456.4,3.79,-1.21,-0.08,2.88
2024-11-11,002550,6.45,6.58,6.59,6.42,230347,149865320.0,2.61,0.92,0.06,2.53
2024-11-12,002550,6.58,6.62,6.77,6.55,341353,227646722.2,3.34,0.61,0.04,3.75
2024-11-13,002550,6.6,6.52,6.67,6.44,218581,142804568.3,3.47,-1.51,-0.1,2.4
2024-11-14,002550,6.49,6.36,6.5,6.34,208707,133779944.3,2.45,-2.45,-0.16,2.29
2024-11-15,002550,6.33,6.24,6.41,6.23,158971,100583345.7,2.83,-1.89,-0.12,1.75
2024-11-18,002550,6.28,6.15,6.31,6.12,197474,122436431.4,3.04,-1.44,-0.09,2.17
2024-11-19,002550,6.18,6.25,6.28,6.15,162543,101029253.0,2.11,1.63,0.1,1.79
2024-11-20,002550,6.26,6.38,6.39,6.22,157879,100096962.0,2.72,2.08,0.13,1.73
2024-11-21,002550,6.4,6.36,6.41,6.3,121591,77181496.8,1.72,-0.31,-0.02,1.34
2024-11-22,002550,6.39,6.09,6.4,6.07,186706,116356183.0,5.19,-4.25,-0.27,2.05
2024-11-25,002550,6.08,6.14,6.15,6.03,124260,75826546.0,1.97,0.82,0.05,1.37
2024-11-26,002550,6.13,6.19,6.32,6.13,181330,113107258.3,3.09,0.81,0.05,1.99
2024-11-27,002550,6.17,6.25,6.26,6.05,168099,103534909.0,3.39,0.97,0.06,1.85
2024-11-28,002550,6.24,6.24,6.29,6.22,123228,77078996.4,1.12,-0.16,-0.01,1.35
2024-11-29,002550,6.23,6.31,6.34,6.2,142979,89955511.4,2.24,1.12,0.07,1.57
2024-12-02,002550,6.32,6.44,6.47,6.32,192074,123226572.1,2.38,2.06,0.13,2.11
2024-12-03,002550,6.45,6.42,6.47,6.35,134813,86391298.6,1.86,-0.31,-0.02,1.48
2024-12-04,002550,6.39,6.35,6.45,6.33,135858,86873391.0,1.87,-1.09,-0.07,1.49
2024-12-05,002550,6.36,6.35,6.38,6.3,104383,66164423.8,1.26,0.0,0.0,1.15
2024-12-06,002550,6.37,6.46,6.47,6.32,159743,102473580.8,2.36,1.73,0.11,1.75
2024-12-09,002550,6.55,6.52,6.63,6.46,217721,142433513.3,2.63,0.93,0.06,2.39
2024-12-10,002550,6.66,6.48,6.69,6.47,179596,117870452.0,3.37,-0.61,-0.04,1.97
2024-12-11,002550,6.47,6.49,6.55,6.45,123298,80220550.0,1.54,0.15,0.01,1.35
2024-12-12,002550,6.49,6.58,6.59,6.45,142358,93165688.0,2.16,1.39,0.09,1.56
2024-12-13,002550,6.55,6.41,6.57,6.4,141335,91472655.0,2.58,-2.58,-0.17,1.55
2024-12-16,002550,6.42,6.44,6.51,6.38,130121,83774875.9,2.03,0.47,0.03,1.43
2024-12-17,002550,6.41,6.35,6.46,6.32,135840,86636491.7,2.17,-1.4,-0.09,1.49
2024-12-18,002550,6.37,6.33,6.39,6.31,115221,73049943.0,1.26,-0.31,-0.02,1.27
2024-12-19,002550,6.28,6.36,6.36,6.21,109993,69086634.0,2.37,0.47,0.03,1.21
2024-12-20,002550,6.35,6.37,6.43,6.28,97413,62039033.0,2.36,0.16,0.01,1.07
2024-12-23,002550,6.37,6.25,6.4,6.23,151016,94937723.5,2.67,-1.88,-0.12,1.66
2024-12-24,002550,6.24,6.38,6.39,6.24,114764,72864526.5,2.4,2.08,0.13,1.26
2024-12-25,002550,6.38,6.28,6.44,6.22,115164,72368753.0,3.45,-1.57,-0.1,1.27
2024-12-26,002550,6.24,6.26,6.32,6.22,70060,43886834.6,1.59,-0.32,-0.02,0.77
2024-12-27,002550,6.25,6.39,6.43,6.22,115409,73364012.0,3.35,2.08,0.13,1.27
2024-12-30,002550,6.34,6.44,6.47,6.34,151488,97183697.0,2.03,0.78,0.05,1.66
2024-12-31,002550,6.41,6.2,6.49,6.17,195025,122954591.2,4.97,-3.73,-0.24,2.04
2025-01-02,002550,6.21,6.07,6.26,6.01,165969,102438071.0,4.03,-2.1,-0.13,1.73
2025-01-03,002550,6.08,6.01,6.21,5.98,152581,93084248.0,3.79,-0.99,-0.06,1.59
2025-01-06,002550,6.04,6.18,6.23,6.0,208215,128086048.0,3.83,2.83,0.17,2.17
2025-01-07,002550,6.14,6.07,6.18,5.97,166955,101220164.4,3.4,-1.78,-0.11,1.74
2025-01-08,002550,6.08,5.99,6.11,5.85,156578,93675380.0,4.28,-1.32,-0.08,1.63
2025-01-09,002550,5.95,5.88,6.01,5.85,113385,67246805.4,2.67,-1.84,-0.11,1.18
2025-01-10,002550,5.88,5.79,5.94,5.77,104264,60876717.0,2.89,-1.53,-0.09,1.09
2025-01-13,002550,5.74,5.79,5.84,5.66,104924,60445203.0,3.11,0.0,0.0,1.1
2025-01-14,002550,5.78,5.9,5.92,5.77,143603,83970518.8,2.59,1.9,0.11,1.5
2025-01-15,002550,5.9,5.81,5.9,5.77,107129,62186149.5,2.2,-1.53,-0.09,1.12
2025-01-16,002550,5.83,5.77,5.92,5.76,135418,78880603.0,2.75,-0.69,-0.04,1.41
2025-01-17,002550,5.76,5.86,5.89,5.67,112901,65668662.0,3.81,1.56,0.09,1.18
2025-01-20,002550,5.88,5.99,6.04,5.87,138170,82514342.7,2.9,2.22,0.13,1.44
2025-01-21,002550,6.04,5.97,6.04,5.92,99674,59452313.0,2.0,-0.33,-0.02,1.04
2025-01-22,002550,5.93,5.88,5.99,5.86,99212,58585745.0,2.18,-1.51,-0.09,1.04
2025-01-23,002550,5.94,5.87,6.01,5.87,125026,74093981.0,2.38,-0.17,-0.01,1.31
2025-01-24,002550,5.99,5.75,6.0,5.72,279286,161741313.1,4.77,-2.04,-0.12,2.92
2025-01-27,002550,5.76,5.8,5.92,5.76,224728,131407053.2,2.78,0.87,0.05,2.35
2025-02-05,002550,5.86,5.76,5.88,5.73,216329,125672885.0,2.59,-0.69,-0.04,2.26
2025-02-06,002550,5.76,5.74,5.78,5.64,200883,114402022.0,2.43,-0.35,-0.02,2.1
2025-02-07,002550,5.66,5.72,5.76,5.55,267523,152174467.0,3.66,-0.35,-0.02,2.79
2025-02-10,002550,5.72,5.79,5.81,5.71,254535,146790787.4,1.75,1.22,0.07,2.66
2025-02-11,002550,5.8,5.65,5.81,5.62,203667,115238198.0,3.28,-2.42,-0.14,2.13
2025-02-12,002550,5.64,5.62,5.64,5.55,189095,105802831.4,1.59,-0.53,-0.03,1.97
2025-02-13,002550,5.61,5.6,5.65,5.57,160667,90259995.0,1.42,-0.36,-0.02,1.68
2025-02-14,002550,5.62,5.73,5.75,5.6,310009,176934067.9,2.68,2.32,0.13,3.24
2025-02-17,002550,5.76,5.68,5.84,5.65,312101,179123102.0,3.32,-0.87,-0.05,3.26
2025-02-18,002550,5.67,5.54,5.68,5.5,243068,135742032.8,3.17,-2.46,-0.14,2.54
2025-02-19,002550,5.52,5.52,5.53,5.45,195222,107194917.0,1.44,-0.36,-0.02,2.04
2025-02-20,002550,5.52,5.51,5.59,5.49,181224,100324889.0,1.81,-0.18,-0.01,1.89
2025-02-21,002550,5.53,5.47,5.57,5.43,208786,114163177.0,2.54,-0.73,-0.04,2.18
2025-02-24,002550,5.46,5.43,5.51,5.42,179241,97764978.7,1.65,-0.73,-0.04,1.87
2025-02-25,002550,5.41,5.34,5.43,5.32,182022,97563197.0,2.03,-1.66,-0.09,1.9
2025-02-26,002550,5.34,5.41,5.41,5.33,164551,88388659.8,1.5,1.31,0.07,1.72
2025-02-27,002550,5.4,5.47,5.48,5.38,220101,119714034.0,1.85,1.11,0.06,2.3
2025-02-28,002550,5.45,5.38,5.5,5.35,178390,96667788.4,2.74,-1.65,-0.09,1.86
2025-03-03,002550,5.38,5.46,5.53,5.36,289064,157641942.0,3.16,1.49,0.08,3.02
2025-03-04,002550,5.42,5.7,5.79,5.4,487454,274440160.5,7.14,4.4,0.24,5.09
2025-03-05,002550,5.68,5.58,5.68,5.53,247901,138085548.2,2.63,-2.11,-0.12,2.59
2025-03-06,002550,5.6,5.62,5.66,5.54,204568,114567077.1,2.15,0.72,0.04,2.14
2025-03-07,002550,5.63,5.58,5.64,5.55,180393,100901521.0,1.6,-0.71,-0.04,1.88
2025-03-10,002550,5.63,5.64,5.68,5.59,211316,119101569.7,1.61,1.08,0.06,2.21
2025-03-11,002550,5.6,5.68,5.71,5.55,216928,122594012.4,2.84,0.71,0.04,2.27
2025-03-12,002550,5.69,5.66,5.71,5.64,127664,72268672.0,1.23,-0.35,-0.02,1.33
2025-03-13,002550,5.65,5.7,5.72,5.57,184943,104360064.0,2.65,0.71,0.04,1.93
2025-03-14,002550,5.68,5.73,5.75,5.66,193957,110811016.0,1.58,0.53,0.03,2.03
2025-03-17,002550,5.75,5.78,5.89,5.74,273815,159148603.0,2.62,0.87,0.05,2.86
2025-03-18,002550,5.8,5.77,5.82,5.75,131065,75645437.0,1.21,-0.17,-0.01,1.37
2025-03-19,002550,5.76,5.78,5.81,5.74,131256,75855898.8,1.21,0.17,0.01,1.37
2025-03-20,002550,5.76,5.72,5.78,5.7,128885,73974762.6,1.38,-1.04,-0.06,1.35
2025-03-21,002550,5.73,5.7,5.78,5.66,164668,94258676.2,2.1,-0.35,-0.02,1.72
2025-03-24,002550,5.67,5.69,5.74,5.62,153738,87231715.0,2.11,-0.18,-0.01,1.61
2025-03-25,002550,5.69,5.79,5.8,5.67,177147,102004689.0,2.28,1.76,0.1,1.85
2025-03-26,002550,5.79,5.8,5.84,5.75,116605,67529774.0,1.55,0.17,0.01,1.22
2025-03-27,002550,5.78,5.9,5.91,5.74,214093,124998121.9,2.93,1.72,0.1,2.24
2025-03-28,002550,5.93,5.87,6.03,5.86,288172,170999675.8,2.88,-0.51,-0.03,3.01
2025-03-31,002550,5.83,5.82,5.93,5.77,225933,132043741.0,2.73,-0.85,-0.05,2.36
2025-04-01,002550,5.83,6.06,6.13,5.82,401445,242323616.9,5.33,4.12,0.24,4.19
2025-04-02,002550,6.11,6.13,6.26,6.1,440631,271844268.7,2.64,1.16,0.07,4.6
2025-04-03,002550,6.05,6.14,6.18,6.04,238767,146142920.1,2.28,0.16,0.01,2.49
2025-04-07,002550,5.96,5.61,5.99,5.53,439956,254053118.1,7.49,-8.63,-0.53,4.59
2025-04-08,002550,5.63,5.68,5.83,5.58,340577,194300446.0,4.46,1.25,0.07,3.56
2025-04-09,002550,5.63,5.61,5.66,5.38,344566,190239871.3,4.93,-1.23,-0.07,3.6
2025-04-10,002550,5.72,5.7,5.8,5.64,221744,126618329.0,2.85,1.6,0.09,2.32
2025-04-11,002550,5.65,5.67,5.75,5.64,155845,88584844.0,1.93,-0.53,-0.03,1.63
2025-04-14,002550,5.74,5.94,6.02,5.73,354523,208871301.8,5.11,4.76,0.27,3.7
2025-04-15,002550,5.91,5.93,6.02,5.87,198223,117643481.0,2.53,-0.17,-0.01,2.07
2025-04-16,002550,5.93,5.79,5.93,5.7,180461,104512838.1,3.88,-2.36,-0.14,1.88
2025-04-17,002550,5.73,5.79,5.83,5.73,100073,57881043.0,1.73,0.0,0.0,1.04
2025-04-18,002550,5.78,5.87,5.89,5.71,150423,87145581.3,3.11,1.38,0.08,1.57
2025-04-21,002550,5.97,6.04,6.08,5.91,442480,265105110.9,2.9,2.9,0.17,4.62
2025-04-22,002550,6.01,6.12,6.18,6.0,364072,221993170.3,2.98,1.32,0.08,3.8
2025-04-23,002550,6.15,6.05,6.24,6.04,282249,173034791.0,3.27,-1.14,-0.07,2.95
2025-04-24,002550,6.05,6.21,6.33,6.03,404218,250937416.0,4.96,2.64,0.16,4.22
2025-04-25,002550,6.2,6.02,6.21,5.98,370197,223987213.0,3.7,-3.06,-0.19,3.87
2025-04-28,002550,6.01,5.99,6.05,5.92,176718,105750338.0,2.16,-0.5,-0.03,1.85
2025-04-29,002550,5.99,6.08,6.09,5.96,187910,113472110.9,2.17,1.5,0.09,1.96
2025-04-30,002550,6.07,6.08,6.13,6.03,156074,94679539.0,1.64,0.0,0.0,1.63
2025-05-06,002550,6.11,6.08,6.15,6.03,260978,158355003.0,1.97,0.0,0.0,2.72
2025-05-07,002550,6.11,6.04,6.15,6.02,187527,113884775.0,2.14,-0.66,-0.04,1.96
2025-05-08,002550,6.06,6.0,6.07,6.0,172483,103996346.0,1.16,-0.66,-0.04,1.8
2025-05-09,002550,6.0,6.0,6.06,5.97,119467,71870550.2,1.5,0.0,0.0,1.25
2025-05-12,002550,6.0,5.99,6.03,5.89,176980,105390259.0,2.33,-0.17,-0.01,1.85
2025-05-13,002550,6.0,6.02,6.05,5.97,205022,123355311.0,1.34,0.5,0.03,2.14
2025-05-14,002550,6.02,5.95,6.03,5.9,166199,98675504.0,2.16,-1.16,-0.07,1.74
2025-05-15,002550,5.94,5.96,6.0,5.88,148802,88441514.0,2.02,0.17,0.01,1.55
2025-05-16,002550,5.95,6.08,6.09,5.91,235927,142047381.0,3.02,2.01,0.12,2.46
2025-05-19,002550,6.06,5.99,6.08,5.89,224769,133978248.0,3.13,-1.48,-0.09,2.35
2025-05-20,002550,5.98,6.14,6.18,5.97,316257,193540773.0,3.51,2.5,0.15,3.3
2025-05-21,002550,6.14,6.37,6.47,6.11,594674,373145645.5,5.86,3.75,0.23,6.21
2025-05-22,002550,6.37,6.35,6.59,6.32,446699,285701074.0,4.24,-0.31,-0.02,4.66
2025-05-23,002550,6.36,6.61,6.84,6.31,719109,475619590.6,8.35,4.09,0.26,7.51
2025-05-26,002550,6.51,6.26,6.52,6.22,584322,369763728.9,4.54,-5.3,-0.35,6.1
2025-05-27,002550,6.24,6.43,6.46,6.21,457281,291181408.0,3.99,2.72,0.17,4.77
2025-05-28,002550,6.43,7.07,7.07,6.38,848141,579222516.4,10.73,9.95,0.64,8.86
2025-05-29,002550,6.85,7.18,7.34,6.67,1620584,1143810977.6,9.48,1.56,0.11,16.92
2025-05-30,002550,7.2,7.76,7.9,7.18,1898777,1473305007.7,10.03,8.08,0.58,19.83
2025-06-03,002550,7.76,8.54,8.54,7.7,1629663,1365915083.5,10.82,10.05,0.78,17.02
2025-06-04,002550,8.7,9.01,9.38,8.35,2783443,2434840862.9,12.06,5.5,0.47,29.06
2025-06-05,002550,8.6,8.22,8.79,8.12,1904280,1590127578.2,7.44,-8.77,-0.79,19.88
2025-06-06,002550,8.24,8.49,8.49,8.0,1519053,1253419280.4,5.96,3.28,0.27,15.86
2025-06-09,002550,8.28,8.42,8.74,8.2,1575671,1335475538.1,6.36,-0.82,-0.07,16.45
2025-06-10,002550,8.77,8.84,8.88,8.35,1556256,1331541870.9,6.29,4.99,0.42,16.25
2025-06-11,002550,8.86,8.76,8.86,8.45,1147359,992160547.0,4.64,-0.9,-0.08,11.98
2025-06-12,002550,9.02,9.3,9.64,8.73,1946642,1813500552.6,10.39,6.16,0.54,20.33
2025-06-13,002550,9.71,10.23,10.23,9.54,2442800,2456435018.8,7.42,10.0,0.93,25.51
2025-06-16,002550,9.92,9.43,9.92,9.21,2109268,1984657784.6,6.94,-7.82,-0.8,22.02
2025-06-17,002550,9.6,9.08,9.77,8.72,2048204,1888411591.1,11.13,-3.71,-0.35,21.39
2025-06-18,002550,8.61,8.54,8.73,8.22,1432031,1207130544.7,5.62,-5.95,-0.54,14.95
2025-06-19,002550,8.33,8.45,8.58,8.2,1072028,901600246.6,4.45,-1.05,-0.09,11.19
2025-06-20,002550,8.58,8.63,8.83,8.4,1193812,1025968735.1,5.09,2.13,0.18,12.46
2025-06-23,002550,8.43,8.71,8.95,8.29,1204948,1040139758.2,7.65,0.93,0.08,12.58
2025-06-24,002550,8.74,8.92,8.94,8.57,1122625,979757574.8,4.25,2.41,0.21,11.72
2025-06-25,002550,8.91,8.61,8.91,8.5,953178,825506352.2,4.6,-3.48,-0.31,9.95
2025-06-26,002550,8.48,8.58,8.61,8.33,806498,682233729.0,3.25,-0.35,-0.03,8.42
2025-06-27,002550,8.5,8.48,8.58,8.37,560395,475514455.0,2.45,-1.17,-0.1,5.85
2025-06-30,002550,8.4,8.4,8.5,8.17,690148,574437784.6,3.89,-0.94,-0.08,7.33
2025-07-01,002550,8.41,9.01,9.19,8.39,1787938,1562032181.0,9.52,7.26,0.61,19.0
2025-07-02,002550,8.85,9.03,9.26,8.8,1258332,1140035430.0,5.11,0.22,0.02,13.37
2025-07-03,002550,8.92,9.38,9.56,8.85,1220192,1137396287.3,7.86,3.88,0.35,12.96
2025-07-04,002550,9.35,9.2,9.76,9.17,1111800,1040445051.2,6.29,-1.92,-0.18,11.81
2025-07-07,002550,9.17,8.89,9.32,8.88,918955,831578586.8,4.78,-3.37,-0.31,9.76
2025-07-08,002550,9.0,9.03,9.65,8.93,941337,861401265.5,8.1,1.57,0.14,10.0
2025-07-09,002550,8.91,8.89,9.08,8.77,647362,577180090.0,3.43,-1.55,-0.14,6.88
2025-07-10,002550,8.89,9.51,9.78,8.88,1931783,1843603368.8,10.12,6.97,0.62,20.52
2025-07-11,002550,9.39,9.45,9.74,9.33,1314410,1249024671.1,4.31,-0.63,-0.06,13.96
2025-07-14,002550,9.39,9.49,9.67,9.35,796137,754493568.9,3.39,0.42,0.04,8.46
2025-07-15,002550,9.49,9.72,9.9,9.33,1244991,1195017041.0,6.01,2.42,0.23,13.23
2025-07-16,002550,9.74,10.69,10.69,9.6,1378416,1420909172.0,11.21,9.98,0.97,14.64
2025-07-17,002550,10.78,11.38,11.76,10.7,2016468,2278777035.6,9.92,6.45,0.69,21.42
2025-07-18,002550,11.22,11.97,12.38,11.05,2067770,2406988925.6,11.69,5.18,0.59,21.97
2025-07-21,002550,11.77,12.27,12.75,11.51,1864482,2263405838.5,10.36,2.51,0.3,19.81
2025-07-22,002550,12.0,11.58,12.3,11.53,1713482,2030086359.3,6.28,-5.62,-0.69,18.2
2025-07-23,002550,11.33,11.39,11.67,11.18,1140418,1304322522.5,4.23,-1.64,-0.19,12.12
2025-07-24,002550,11.4,11.23,11.6,11.16,943159,1067735582.2,3.86,-1.4,-0.16,10.02
2025-07-25,002550,11.3,11.26,11.59,11.17,830757,943686026.9,3.74,0.27,0.03,8.83
2025-07-28,002550,11.29,11.74,11.79,11.24,1111767,1282200271.6,4.88,4.26,0.48,11.81
2025-07-29,002550,11.74,11.49,11.75,11.3,998763,1147653268.5,3.83,-2.13,-0.25,10.61
2025-07-30,002550,11.34,11.06,11.55,10.88,992997,1111361752.1,5.83,-3.74,-0.43,10.55
2025-07-31,002550,11.0,11.17,11.51,10.95,822503,930373108.9,5.06,0.99,0.11,8.74
2025-08-01,002550,11.21,11.36,11.68,11.15,917448,1048506442.2,4.74,1.7,0.19,9.75
2025-08-04,002550,11.2,11.48,11.58,10.89,825552,926719850.1,6.07,1.06,0.12,8.77
2025-08-05,002550,11.49,11.38,11.75,11.2,653402,746372130.8,4.79,-0.87,-0.1,6.94
2025-08-06,002550,11.5,11.89,11.97,11.41,1162365,1363313861.2,4.92,4.48,0.51,12.35
2025-08-07,002550,11.5,10.7,11.5,10.7,1266838,1391257827.3,6.73,-10.01,-1.19,13.46
2025-08-08,002550,10.3,10.19,10.55,10.06,1197811,1229994424.8,4.58,-4.77,-0.51,12.73
2025-08-11,002550,10.19,10.2,10.29,10.09,693983,705079111.2,1.96,0.1,0.01,7.37
2025-08-12,002550,10.2,9.93,10.44,9.84,779827,778295164.8,5.88,-2.65,-0.27,8.29
2025-08-13,002550,9.86,10.12,10.18,9.78,687449,686890022.8,4.03,1.91,0.19,7.3
2025-08-14,002550,10.06,10.05,10.2,9.98,493212,496764602.1,2.17,-0.69,-0.07,5.24
2025-08-15,002550,10.1,10.05,10.15,9.95,488056,490431344.6,1.99,0.0,0.0,5.19
2025-08-18,002550,10.05,10.23,10.28,10.02,582254,592836456.4,2.59,1.79,0.18,6.19
2025-08-19,002550,10.28,10.43,10.67,10.21,882829,923738298.3,4.5,1.96,0.2,9.38
2025-08-20,002550,10.36,10.38,10.56,10.27,522428,542202756.3,2.78,-0.48,-0.05,5.55
2025-08-21,002550,10.31,10.33,10.44,10.21,358292,369658969.6,2.22,-0.48,-0.05,3.81
2025-08-22,002550,10.38,10.9,11.2,10.21,1093623,1170809518.1,9.58,5.52,0.57,11.62
2025-08-25,002550,10.91,11.13,11.53,10.89,1046984,1175006952.0,5.87,2.11,0.23,11.12
2025-08-26,002550,11.13,10.71,11.13,10.71,663691,721674906.4,3.77,-3.77,-0.42,7.05
2025-08-27,002550,10.7,10.31,10.88,10.3,574118,606727055.3,5.42,-3.73,-0.4,6.1
2025-08-28,002550,10.29,10.23,10.44,9.93,478113,485017231.0,4.95,-0.78,-0.08,5.08
2025-08-29,002550,10.25,10.35,10.55,10.19,372093,385179294.0,3.52,1.17,0.12,3.95
2025-09-01,002550,10.35,10.64,10.66,10.24,467871,490617179.5,4.06,2.8,0.29,4.97
2025-09-02,002550,10.6,10.27,10.66,10.17,421140,436909490.0,4.61,-3.48,-0.37,4.47
2025-09-03,002550,10.23,10.2,10.64,10.16,406584,422233514.4,4.67,-0.68,-0.07,4.32
2025-09-04,002550,10.28,10.01,10.45,9.83,484477,492071328.9,6.08,-1.86,-0.19,5.15
2025-09-05,002550,10.01,10.11,10.12,9.79,354963,353642472.8,3.3,1.0,0.1,3.77
2025-09-08,002550,10.12,10.13,10.28,10.01,326047,330565387.0,2.67,0.2,0.02,3.46
2025-09-09,002550,10.07,9.95,10.25,9.88,379492,380973949.9,3.65,-1.78,-0.18,4.03
2025-09-10,002550,9.9,10.02,10.3,9.9,451538,457028517.6,4.02,0.7,0.07,4.8
2025-09-11,002550,9.87,9.99,10.0,9.33,502450,489871785.4,6.69,-0.3,-0.03,5.34
2025-09-12,002550,10.0,10.08,10.21,9.92,378154,379924098.4,2.9,0.9,0.09,4.02
2025-09-15,002550,10.05,10.1,10.15,9.98,246470,248221196.1,1.69,0.2,0.02,2.62
2025-09-16,002550,10.01,9.92,10.09,9.82,301265,298769689.0,2.67,-1.78,-0.18,3.2
2025-09-17,002550,9.88,9.82,9.99,9.8,226382,222675037.0,1.92,-1.01,-0.1,2.41
2025-09-18,002550,9.82,9.74,9.98,9.61,354972,349056376.3,3.77,-0.81,-0.08,3.77
2025-09-19,002550,9.65,9.54,9.77,9.48,209852,201682335.0,2.98,-2.05,-0.2,2.23
2025-09-22,002550,9.51,9.58,9.71,9.49,170851,163588568.0,2.31,0.42,0.04,1.82
2025-09-23,002550,9.51,9.28,9.54,9.11,276282,256662031.0,4.49,-3.13,-0.3,2.94
2025-09-24,002550,9.23,9.31,9.37,9.21,193321,180164949.0,1.72,0.32,0.03,2.05
2025-09-25,002550,9.32,9.18,9.44,9.16,212306,196585042.5,3.01,-1.4,-0.13,2.26
2025-09-26,002550,9.09,8.99,9.15,8.99,229625,207888715.0,1.74,-2.07,-0.19,2.44
2025-09-29,002550,8.97,9.04,9.08,8.83,224788,201564014.2,2.78,0.56,0.05,2.39
2025-09-30,002550,9.04,9.02,9.09,8.93,155980,140814821.0,1.77,-0.22,-0.02,1.66
2025-10-09,002550,9.11,9.11,9.15,9.0,189191,171779388.0,1.66,1.0,0.09,2.01
2025-10-10,002550,9.11,9.02,9.22,8.99,257480,234084308.0,2.52,-0.99,-0.09,2.74
2025-10-13,002550,8.72,8.99,9.02,8.6,220311,195886050.7,4.66,-0.33,-0.03,2.34
2025-10-14,002550,8.98,8.78,9.06,8.75,222027,197419186.9,3.45,-2.34,-0.21,2.36
2025-10-15,002550,8.79,9.08,9.08,8.77,301254,270857179.0,3.53,3.42,0.3,3.2
2025-10-16,002550,9.08,9.02,9.23,8.98,308600,280601617.7,2.75,-0.66,-0.06,3.28
2025-10-17,002550,9.05,9.13,9.37,9.05,556745,512319643.2,3.55,1.22,0.11,5.92
2025-10-20,002550,9.18,9.28,9.49,8.95,559884,514454782.3,5.91,1.64,0.15,5.95
2025-10-21,002550,9.22,9.1,9.29,8.98,446384,405038447.6,3.34,-1.94,-0.18,4.74
2025-10-22,002550,9.09,9.07,9.28,9.05,335414,306835413.0,2.53,-0.33,-0.03,3.56
2025-10-23,002550,9.01,8.87,9.15,8.73,343413,303817614.0,4.63,-2.21,-0.2,3.65
2025-10-24,002550,8.9,8.8,8.95,8.75,290955,257217553.9,2.25,-0.79,-0.07,3.09
2025-10-27,002550,8.8,8.9,8.93,8.79,238532,211904853.0,1.59,1.14,0.1,2.53
2025-10-28,002550,8.87,8.91,9.0,8.8,192902,172059211.0,2.25,0.11,0.01,2.05
2025-10-29,002550,8.88,8.91,8.92,8.78,177892,157520440.3,1.57,0.0,0.0,1.89
2025-10-30,002550,8.95,8.85,9.05,8.84,205618,183142425.0,2.36,-0.67,-0.06,2.18
2025-10-31,002550,8.83,9.3,9.34,8.81,591805,541741303.5,5.99,5.08,0.45,6.29
2025-11-03,002550,9.39,9.28,9.44,9.18,372739,345231854.2,2.8,-0.22,-0.02,3.96
2025-11-04,002550,9.25,9.02,9.25,8.93,364213,328915360.0,3.45,-2.8,-0.26,3.87
2025-11-05,002550,8.95,9.1,9.28,8.88,288839,262836092.3,4.43,0.89,0.08,3.07
2025-11-06,002550,9.1,9.06,9.1,8.97,194026,174833596.7,1.43,-0.44,-0.04,2.06
2025-11-07,002550,9.03,9.09,9.13,9.0,191946,174273455.0,1.43,0.33,0.03,2.04
2025-11-10,002550,9.07,9.18,9.19,9.05,228290,208579002.0,1.54,0.99,0.09,2.43
2025-11-11,002550,9.18,9.19,9.23,9.08,195177,178826519.0,1.63,0.11,0.01,2.07
2025-11-12,002550,9.2,9.1,9.22,9.07,203644,185762343.6,1.63,-0.98,-0.09,2.16
2025-11-13,002550,9.14,9.21,9.26,9.07,286515,263486643.8,2.09,1.21,0.11,3.04
2025-11-14,002550,9.17,9.21,9.35,9.15,274054,253749950.2,2.17,0.0,0.0,2.91
2025-11-17,002550,9.19,8.95,9.21,8.9,317995,285622929.0,3.37,-2.82,-0.26,3.38
2025-11-18,002550,8.93,8.78,8.98,8.71,235956,208202279.7,3.02,-1.9,-0.17,2.51
2025-11-19,002550,8.75,8.54,8.77,8.5,216726,186168316.7,3.08,-2.73,-0.24,2.3
2025-11-20,002550,8.56,8.53,8.64,8.5,158891,135959853.5,1.64,-0.12,-0.01,1.69
2025-11-21,002550,8.51,8.25,8.55,8.23,199569,166424394.1,3.75,-3.28,-0.28,2.12
2025-11-24,002550,8.29,8.38,8.42,8.28,144417,120641373.0,1.7,1.58,0.13,1.53
2025-11-25,002550,8.45,8.45,8.53,8.36,133662,113300335.7,2.03,0.84,0.07,1.42
2025-11-26,002550,8.45,8.45,8.65,8.42,156047,133187116.3,2.72,0.0,0.0,1.66
2025-11-27,002550,8.43,8.42,8.47,8.35,96058,80858710.0,1.42,-0.36,-0.03,1.02
2025-11-28,002550,8.42,8.43,8.43,8.35,100931,84756940.0,0.95,0.12,0.01,1.07
2025-12-01,002550,8.4,8.33,8.46,8.31,154840,129507476.8,1.78,-1.19,-0.1,1.65
2025-12-02,002550,8.34,8.2,8.35,8.19,128471,105712622.0,1.92,-1.56,-0.13,1.36
2025-12-03,002550,8.2,8.07,8.23,8.02,165718,134361563.9,2.56,-1.59,-0.13,1.76
2025-12-04,002550,8.07,8.1,8.13,8.03,108811,88062557.0,1.24,0.37,0.03,1.16
2025-12-05,002550,8.1,8.12,8.13,7.98,102361,82465622.0,1.85,0.25,0.02,1.09
2025-12-08,002550,8.15,8.11,8.2,8.06,113034,91739394.1,1.72,-0.12,-0.01,1.2
2025-12-09,002550,8.07,8.05,8.17,8.03,110288,89169716.0,1.73,-0.74,-0.06,1.17
2025-12-10,002550,8.03,8.07,8.09,7.95,91268,73339057.0,1.74,0.25,0.02,0.97
2025-12-11,002550,8.09,8.0,8.1,7.98,93803,75239136.0,1.49,-0.87,-0.07,1.0
2025-12-12,002550,8.01,8.01,8.05,7.93,123598,98996975.0,1.5,0.13,0.01,1.31
2025-12-15,002550,7.98,7.94,8.02,7.93,97428,77656772.0,1.12,-0.87,-0.07,1.04
2025-12-16,002550,7.93,7.87,7.98,7.77,116880,91794621.0,2.64,-0.88,-0.07,1.24
2025-12-17,002550,7.86,7.85,7.89,7.73,117364,91726215.0,2.03,-0.25,-0.02,1.25
2025-12-18,002550,7.85,7.95,7.98,7.82,108061,85640606.5,2.04,1.27,0.1,1.15
2025-12-19,002550,7.95,8.06,8.13,7.92,140682,113488450.0,2.64,1.38,0.11,1.49
2025-12-22,002550,8.07,8.03,8.08,8.01,79643,64078819.6,0.87,-0.37,-0.03,0.85
2025-12-23,002550,8.04,7.96,8.06,7.93,95629,76450211.2,1.62,-0.87,-0.07,1.02
2025-12-24,002550,7.96,7.96,7.99,7.92,99853,79460517.0,0.88,0.0,0.0,1.06
2025-12-25,002550,7.95,7.97,8.0,7.91,100839,80123944.0,1.13,0.13,0.01,1.07
2025-12-26,002550,7.98,7.94,8.0,7.91,110090,87481230.0,1.13,-0.38,-0.03,1.17
2025-12-29,002550,7.95,7.91,7.99,7.89,112914,89460441.0,1.26,-0.38,-0.03,1.2
2025-12-30,002550,7.9,7.89,7.96,7.87,100432,79490625.0,1.14,-0.25,-0.02,1.07
